SOURCE-MODULE gerbil/core/runtime
SOURCE-MODULE gerbil/core/runtime
SOURCE-MODULE gerbil/core/runtime
SOURCE-MODULE gerbil/core/runtime
SOURCE-MODULE gerbil/core/runtime
SOURCE-MODULE gerbil/core/expander
SOURCE-MODULE gerbil/core/expander
SOURCE-MODULE gerbil/core/sugar
SOURCE-MODULE gerbil/core/runtime
SOURCE-MODULE gerbil/core/sugar
SOURCE-MODULE gerbil/core/runtime
SOURCE-MODULE gerbil/core/expander
SOURCE-MODULE gerbil/core/sugar
SOURCE-MODULE gerbil/core/expander
SOURCE-MODULE gerbil/core/mop
SOURCE-MODULE gerbil/core/runtime
SOURCE-MODULE gerbil/core/expander
SOURCE-MODULE gerbil/core/sugar
SOURCE-MODULE gerbil/core/mop
SOURCE-MODULE gerbil/core/runtime
SOURCE-MODULE gerbil/core/sugar
SOURCE-MODULE gerbil/core/mop
SOURCE-MODULE gerbil/core/runtime
SOURCE-MODULE gerbil/core/expander
SOURCE-MODULE gerbil/core/sugar
SOURCE-MODULE gerbil/core/mop
SOURCE-MODULE gerbil/core/runtime
SOURCE-MODULE gerbil/core/expander
SOURCE-MODULE gerbil/core/sugar
SOURCE-MODULE gerbil/core/mop
SOURCE-MODULE gerbil/core/runtime
SOURCE-MODULE gerbil/core/macro-object
SOURCE-MODULE gerbil/core/runtime
SOURCE-MODULE gerbil/core/sugar
SOURCE-MODULE gerbil/core/sugar
SOURCE-MODULE gerbil/core/match
SOURCE-MODULE gerbil/core/module-sugar
SOURCE-MODULE gerbil/core/runtime
SOURCE-MODULE gerbil/core/sugar
SOURCE-MODULE gerbil/core/mop
SOURCE-MODULE gerbil/core/match
SOURCE-MODULE gerbil/core/runtime
SOURCE-MODULE gerbil/core/sugar
SOURCE-MODULE gerbil/core/mop
SOURCE-MODULE gerbil/core/match
SOURCE-MODULE gerbil/core/runtime
SOURCE-MODULE gerbil/core/expander
SOURCE-MODULE gerbil/core/sugar
SOURCE-MODULE gerbil/core/mop
SOURCE-MODULE gerbil/core/macro-object
SOURCE-MODULE gerbil/core/match
SOURCE-MODULE gerbil/core/runtime
SOURCE-MODULE gerbil/core/more-sugar
SOURCE-MODULE gerbil/core/module-sugar
SOURCE-MODULE gerbil/core/module-sugar
SOURCE-MODULE gerbil/core/runtime
SOURCE-MODULE gerbil/core/sugar
SOURCE-MODULE gerbil/core/mop
SOURCE-MODULE gerbil/core/match
SOURCE-MODULE gerbil/core/more-sugar
SOURCE-MODULE gerbil/core/runtime
SOURCE-MODULE gerbil/core/sugar
SOURCE-MODULE gerbil/core/mop
SOURCE-MODULE gerbil/core/match
SOURCE-MODULE gerbil/core/more-sugar
SOURCE-MODULE gerbil/core/expander
SOURCE-MODULE gerbil/core/macro-object
SOURCE-MODULE gerbil/core/runtime
SOURCE-MODULE gerbil/core/expander
SOURCE-MODULE gerbil/core/sugar
SOURCE-MODULE gerbil/core/more-sugar
SOURCE-MODULE gerbil/core/runtime
SOURCE-MODULE gerbil/core/expander
SOURCE-MODULE gerbil/core/sugar
SOURCE-MODULE gerbil/core/more-syntax-sugar
SOURCE-MODULE gerbil/core/runtime
SOURCE-MODULE gerbil/core/expander
SOURCE-MODULE gerbil/core/expander
SOURCE-MODULE gerbil/core/mop
SOURCE-MODULE gerbil/core/mop
SOURCE-MODULE gerbil/core/mop
SOURCE-MODULE gerbil/core/expander
SOURCE-MODULE gerbil/core/expander
SOURCE-MODULE gerbil/core/mop
SOURCE-MODULE gerbil/core/mop
SOURCE-MODULE gerbil/core/mop
SOURCE-MODULE gerbil/core/mop
SOURCE-MODULE gerbil/core/contract
SOURCE-MODULE gerbil/core/runtime
SOURCE-MODULE gerbil/core/sugar
SOURCE-MODULE gerbil/core/mop
SOURCE-MODULE gerbil/core/match
SOURCE-MODULE gerbil/core/more-sugar
SOURCE-MODULE gerbil/core/contract
SOURCE-MODULE gerbil/core/expander
SOURCE-MODULE gerbil/core/macro-object
SOURCE-MODULE gerbil/core/more-syntax-sugar
SOURCE-MODULE gerbil/core/runtime
SOURCE-MODULE gerbil/core/expander
SOURCE-MODULE gerbil/core/runtime
SOURCE-MODULE gerbil/core/expander
SOURCE-MODULE gerbil/core/runtime
SOURCE-MODULE gerbil/core
SOURCE-MODULE gerbil/core
SOURCE-MODULE gerbil/core
SOURCE-MODULE gerbil/runtime/gambit
SOURCE-MODULE gerbil/core/contract~Interface
SOURCE-MODULE gerbil/core/contract~TypedDefinitions
SOURCE-MODULE gerbil/core/contract~Interface
SOURCE-MODULE gerbil/core/contract~TypedDefinitions
SOURCE-MODULE gerbil/core/contract~Interface
SOURCE-MODULE gerbil/core/contract~TypedDefinitions
SOURCE-MODULE gerbil/core/contract~Interface
SOURCE-MODULE gerbil/core/contract~TypedDefinitions
SOURCE-MODULE gerbil/core/contract~Interface
SOURCE-MODULE gerbil/core/contract~TypedDefinitions
SOURCE-MODULE gerbil/core/contract~Interface
SOURCE-MODULE gerbil/core/contract~TypedDefinitions
SOURCE-MODULE gerbil/core/contract~Interface
SOURCE-MODULE gerbil/core/contract~TypedDefinitions
SOURCE-MODULE gerbil/core/contract~Interface
SOURCE-MODULE gerbil/core/contract~TypedDefinitions
SOURCE-MODULE gerbil/core/contract~Interface
SOURCE-MODULE gerbil/core/contract~TypedDefinitions
SOURCE-MODULE gerbil/core/contract~Interface
SOURCE-MODULE gerbil/core/contract~TypedDefinitions
SOURCE-MODULE gerbil/core/contract~Interface
SOURCE-MODULE gerbil/core/contract~TypedDefinitions
SOURCE-MODULE gerbil/core/contract~Interface
SOURCE-MODULE gerbil/core/contract~TypedDefinitions
SOURCE-MODULE gerbil/core/contract~Interface
SOURCE-MODULE gerbil/core/contract~TypedDefinitions
SOURCE-MODULE gerbil/core/contract~Interface
SOURCE-MODULE gerbil/core/contract~TypedDefinitions
SOURCE-MODULE gerbil/core/contract~Interface
SOURCE-MODULE gerbil/core/contract~TypedDefinitions
SOURCE-MODULE gerbil/core/contract~Interface
SOURCE-MODULE gerbil/core/contract~TypedDefinitions
SOURCE-MODULE gerbil/core/contract~Interface
SOURCE-MODULE gerbil/core/contract~TypedDefinitions
SOURCE-MODULE gerbil/core/contract~Interface
SOURCE-MODULE gerbil/core/contract~TypedDefinitions
SOURCE-MODULE gerbil/core/contract~Interface
SOURCE-MODULE gerbil/core/contract~TypedDefinitions
SOURCE-MODULE gerbil/core/contract~Interface
SOURCE-MODULE gerbil/core/contract~TypedDefinitions
SOURCE-MODULE gerbil/core/contract~Interface
SOURCE-MODULE gerbil/core/contract~TypedDefinitions
SOURCE-MODULE gerbil/core/contract~Interface
SOURCE-MODULE gerbil/core/contract~TypedDefinitions
SOURCE-MODULE gerbil/core/contract~Interface
SOURCE-MODULE gerbil/core/contract~TypedDefinitions
SOURCE-MODULE gerbil/core/contract~Interface
SOURCE-MODULE gerbil/core/contract~TypedDefinitions
SOURCE-MODULE gerbil/core/contract~Interface
SOURCE-MODULE gerbil/core/contract~TypedDefinitions
SOURCE-MODULE gerbil/core/contract~Interface
SOURCE-MODULE gerbil/core/contract~TypedDefinitions
SOURCE-MODULE gerbil/core/contract~Interface
SOURCE-MODULE gerbil/core/contract~TypedDefinitions
SOURCE-MODULE gerbil/core/contract~Interface
SOURCE-MODULE gerbil/core/contract~TypedDefinitions
SOURCE-MODULE gerbil/core/contract~Interface
SOURCE-MODULE gerbil/core/contract~TypedDefinitions
SOURCE-MODULE gerbil/core/contract~Interface
SOURCE-MODULE gerbil/core/contract~TypedDefinitions
SOURCE-MODULE gerbil/core/contract~Interface
SOURCE-MODULE gerbil/core/contract~TypedDefinitions
SOURCE-MODULE gerbil/core/contract~Interface
SOURCE-MODULE gerbil/core/contract~TypedDefinitions
SOURCE-MODULE gerbil/core/contract~Interface
SOURCE-MODULE gerbil/core/contract~TypedDefinitions
SOURCE-MODULE gerbil/core/contract~Interface
SOURCE-MODULE gerbil/core/contract~TypedDefinitions
SOURCE-MODULE gerbil/core/contract~Interface
SOURCE-MODULE gerbil/core/contract~TypedDefinitions
SOURCE-MODULE gerbil/core/contract~Interface
SOURCE-MODULE gerbil/core/contract~TypedDefinitions
SOURCE-MODULE gerbil/core/contract~Interface
SOURCE-MODULE gerbil/core/contract~TypedDefinitions
SOURCE-MODULE gerbil/core/contract~Interface
SOURCE-MODULE gerbil/core/contract~TypedDefinitions
SOURCE-MODULE gerbil/core/contract~Interface
SOURCE-MODULE gerbil/core/contract~TypedDefinitions
SOURCE-MODULE gerbil/core/contract~Interface
SOURCE-MODULE gerbil/core/contract~TypedDefinitions
SOURCE-MODULE gerbil/core/contract~Interface
SOURCE-MODULE gerbil/core/contract~TypedDefinitions
SOURCE-MODULE gerbil/core/contract~Interface
SOURCE-MODULE gerbil/core/contract~TypedDefinitions
SOURCE-MODULE gerbil/core/contract~Interface
SOURCE-MODULE gerbil/core/contract~TypedDefinitions
SOURCE-MODULE gerbil/runtime/util
SOURCE-MODULE gerbil/runtime/gambit
SOURCE-MODULE gerbil/runtime/util
SOURCE-MODULE gerbil/runtime/table
SOURCE-MODULE gerbil/runtime/gambit
SOURCE-MODULE gerbil/runtime/util
SOURCE-MODULE gerbil/runtime/table
SOURCE-MODULE gerbil/core/contract~Interface
SOURCE-MODULE gerbil/core/contract~TypedDefinitions
SOURCE-MODULE gerbil/core/contract~Interface
SOURCE-MODULE gerbil/core/contract~TypedDefinitions
SOURCE-MODULE gerbil/core/contract~Interface
SOURCE-MODULE gerbil/core/contract~TypedDefinitions
SOURCE-MODULE gerbil/core/contract~Interface
SOURCE-MODULE gerbil/core/contract~TypedDefinitions
SOURCE-MODULE gerbil/runtime/control
SOURCE-MODULE gerbil/runtime/gambit
SOURCE-MODULE gerbil/runtime/util
SOURCE-MODULE gerbil/runtime/control
SOURCE-MODULE gerbil/core/contract~Interface
SOURCE-MODULE gerbil/core/contract~TypedDefinitions
SOURCE-MODULE gerbil/core/contract~TypedDefinitions
SOURCE-MODULE gerbil/core/contract~Interface
SOURCE-MODULE gerbil/core/contract~TypedDefinitions
SOURCE-MODULE gerbil/core/contract~Interface
SOURCE-MODULE gerbil/core/contract~TypedDefinitions
SOURCE-MODULE gerbil/core/contract~Interface
SOURCE-MODULE gerbil/core/contract~TypedDefinitions
SOURCE-MODULE gerbil/core/contract~TypedDefinitions
SOURCE-MODULE gerbil/runtime/system
SOURCE-MODULE gerbil/runtime/util
SOURCE-MODULE gerbil/runtime/c3
SOURCE-MODULE gerbil/runtime/gambit
SOURCE-MODULE gerbil/runtime/util
SOURCE-MODULE gerbil/runtime/table
SOURCE-MODULE gerbil/runtime/c3
SOURCE-MODULE gerbil/core/contract~Interface
SOURCE-MODULE gerbil/core/contract~TypedDefinitions
SOURCE-MODULE gerbil/core/contract~Interface
SOURCE-MODULE gerbil/core/contract~TypedDefinitions
SOURCE-MODULE gerbil/core/contract~Interface
SOURCE-MODULE gerbil/core/contract~TypedDefinitions
SOURCE-MODULE gerbil/core/contract~Interface
SOURCE-MODULE gerbil/core/contract~TypedDefinitions
SOURCE-MODULE gerbil/core/contract~Interface
SOURCE-MODULE gerbil/core/contract~TypedDefinitions
SOURCE-MODULE gerbil/core/contract~Interface
SOURCE-MODULE gerbil/core/contract~TypedDefinitions
SOURCE-MODULE gerbil/core/contract~Interface
SOURCE-MODULE gerbil/core/contract~TypedDefinitions
SOURCE-MODULE gerbil/core/contract~Interface
SOURCE-MODULE gerbil/core/contract~TypedDefinitions
SOURCE-MODULE gerbil/core/contract~Interface
SOURCE-MODULE gerbil/core/contract~TypedDefinitions
SOURCE-MODULE gerbil/core/contract~Interface
SOURCE-MODULE gerbil/core/contract~TypedDefinitions
SOURCE-MODULE gerbil/core/contract~Interface
SOURCE-MODULE gerbil/core/contract~TypedDefinitions
SOURCE-MODULE gerbil/core/contract~Interface
SOURCE-MODULE gerbil/core/contract~TypedDefinitions
SOURCE-MODULE gerbil/core/contract~Interface
SOURCE-MODULE gerbil/core/contract~TypedDefinitions
SOURCE-MODULE gerbil/core/contract~Interface
SOURCE-MODULE gerbil/core/contract~TypedDefinitions
SOURCE-MODULE gerbil/core/contract~Interface
SOURCE-MODULE gerbil/core/contract~TypedDefinitions
SOURCE-MODULE gerbil/core/contract~Interface
SOURCE-MODULE gerbil/core/contract~TypedDefinitions
SOURCE-MODULE gerbil/core/contract~Interface
SOURCE-MODULE gerbil/core/contract~TypedDefinitions
SOURCE-MODULE gerbil/core/contract~Interface
SOURCE-MODULE gerbil/core/contract~TypedDefinitions
SOURCE-MODULE gerbil/core/contract~Interface
SOURCE-MODULE gerbil/core/contract~TypedDefinitions
SOURCE-MODULE gerbil/core/contract~Interface
SOURCE-MODULE gerbil/core/contract~TypedDefinitions
SOURCE-MODULE gerbil/core/contract~Interface
SOURCE-MODULE gerbil/core/contract~TypedDefinitions
SOURCE-MODULE gerbil/core/contract~Interface
SOURCE-MODULE gerbil/core/contract~TypedDefinitions
SOURCE-MODULE gerbil/core/contract~Interface
SOURCE-MODULE gerbil/core/contract~TypedDefinitions
SOURCE-MODULE gerbil/core/contract~Interface
SOURCE-MODULE gerbil/core/contract~TypedDefinitions
SOURCE-MODULE gerbil/core/contract~Interface
SOURCE-MODULE gerbil/core/contract~TypedDefinitions
SOURCE-MODULE gerbil/core/contract~Interface
SOURCE-MODULE gerbil/core/contract~TypedDefinitions
SOURCE-MODULE gerbil/core/contract~Interface
SOURCE-MODULE gerbil/core/contract~TypedDefinitions
SOURCE-MODULE gerbil/core/contract~Interface
SOURCE-MODULE gerbil/core/contract~TypedDefinitions
SOURCE-MODULE gerbil/core/contract~Interface
SOURCE-MODULE gerbil/core/contract~TypedDefinitions
SOURCE-MODULE gerbil/core/contract~Interface
SOURCE-MODULE gerbil/core/contract~TypedDefinitions
SOURCE-MODULE gerbil/core/contract~Interface
SOURCE-MODULE gerbil/core/contract~TypedDefinitions
SOURCE-MODULE gerbil/core/contract~Interface
SOURCE-MODULE gerbil/core/contract~TypedDefinitions
SOURCE-MODULE gerbil/core/contract~Interface
SOURCE-MODULE gerbil/core/contract~TypedDefinitions
SOURCE-MODULE gerbil/core/contract~Interface
SOURCE-MODULE gerbil/core/contract~TypedDefinitions
SOURCE-MODULE gerbil/core/contract~Interface
SOURCE-MODULE gerbil/core/contract~TypedDefinitions
SOURCE-MODULE gerbil/core/contract~Interface
SOURCE-MODULE gerbil/core/contract~TypedDefinitions
SOURCE-MODULE gerbil/core/contract~Interface
SOURCE-MODULE gerbil/core/contract~TypedDefinitions
SOURCE-MODULE gerbil/core/contract~Interface
SOURCE-MODULE gerbil/core/contract~TypedDefinitions
SOURCE-MODULE gerbil/core/contract~Interface
SOURCE-MODULE gerbil/core/contract~TypedDefinitions
SOURCE-MODULE gerbil/core/contract~Interface
SOURCE-MODULE gerbil/core/contract~TypedDefinitions
SOURCE-MODULE gerbil/core/contract~Interface
SOURCE-MODULE gerbil/core/contract~TypedDefinitions
SOURCE-MODULE gerbil/core/contract~Interface
SOURCE-MODULE gerbil/core/contract~TypedDefinitions
SOURCE-MODULE gerbil/core/contract~Interface
SOURCE-MODULE gerbil/core/contract~TypedDefinitions
SOURCE-MODULE gerbil/core/contract~Interface
SOURCE-MODULE gerbil/core/contract~TypedDefinitions
SOURCE-MODULE gerbil/core/contract~Interface
SOURCE-MODULE gerbil/core/contract~TypedDefinitions
SOURCE-MODULE gerbil/core/contract~Interface
SOURCE-MODULE gerbil/core/contract~TypedDefinitions
SOURCE-MODULE gerbil/core/contract~Interface
SOURCE-MODULE gerbil/core/contract~TypedDefinitions
SOURCE-MODULE gerbil/core/contract~Interface
SOURCE-MODULE gerbil/core/contract~TypedDefinitions
SOURCE-MODULE gerbil/core/contract~Interface
SOURCE-MODULE gerbil/core/contract~TypedDefinitions
SOURCE-MODULE gerbil/core/contract~Interface
SOURCE-MODULE gerbil/core/contract~TypedDefinitions
SOURCE-MODULE gerbil/core/contract~Interface
SOURCE-MODULE gerbil/core/contract~TypedDefinitions
SOURCE-MODULE gerbil/core/contract~Interface
SOURCE-MODULE gerbil/core/contract~TypedDefinitions
SOURCE-MODULE gerbil/core/contract~Interface
SOURCE-MODULE gerbil/core/contract~TypedDefinitions
SOURCE-MODULE gerbil/core/contract~Interface
SOURCE-MODULE gerbil/core/contract~TypedDefinitions
SOURCE-MODULE gerbil/core/contract~Interface
SOURCE-MODULE gerbil/core/contract~TypedDefinitions
SOURCE-MODULE gerbil/core/contract~Interface
SOURCE-MODULE gerbil/core/contract~TypedDefinitions
SOURCE-MODULE gerbil/core/contract~Interface
SOURCE-MODULE gerbil/core/contract~TypedDefinitions
SOURCE-MODULE gerbil/core/contract~Interface
SOURCE-MODULE gerbil/core/contract~TypedDefinitions
SOURCE-MODULE gerbil/runtime/mop
SOURCE-MODULE gerbil/runtime/gambit
SOURCE-MODULE gerbil/runtime/mop
SOURCE-MODULE gerbil/runtime/mop-system-classes
SOURCE-MODULE gerbil/runtime/gambit
SOURCE-MODULE gerbil/runtime/util
SOURCE-MODULE gerbil/runtime/mop
SOURCE-MODULE gerbil/core/contract~Interface
SOURCE-MODULE gerbil/core/contract~TypedDefinitions
SOURCE-MODULE gerbil/core/contract~Interface
SOURCE-MODULE gerbil/core/contract~TypedDefinitions
SOURCE-MODULE gerbil/runtime/error
SOURCE-MODULE gerbil/runtime/gambit
SOURCE-MODULE gerbil/runtime/util
SOURCE-MODULE gerbil/runtime/table
SOURCE-MODULE gerbil/runtime/mop
SOURCE-MODULE gerbil/runtime/error
SOURCE-MODULE gerbil/core/contract~Interface
SOURCE-MODULE gerbil/core/contract~TypedDefinitions
SOURCE-MODULE gerbil/core/contract~Interface
SOURCE-MODULE gerbil/core/contract~TypedDefinitions
SOURCE-MODULE gerbil/core/contract~Interface
SOURCE-MODULE gerbil/core/contract~TypedDefinitions
SOURCE-MODULE gerbil/runtime/interface
SOURCE-MODULE gerbil/runtime/gambit
SOURCE-MODULE gerbil/runtime/util
SOURCE-MODULE gerbil/runtime/table
SOURCE-MODULE gerbil/runtime/mop
SOURCE-MODULE gerbil/runtime/error
SOURCE-MODULE gerbil/runtime/interface
SOURCE-MODULE gerbil/core/contract~Interface
SOURCE-MODULE gerbil/core/contract~Interface
SOURCE-MODULE gerbil/core/contract~Interface
SOURCE-MODULE gerbil/core/contract~Interface
SOURCE-MODULE gerbil/core/contract~Interface
SOURCE-MODULE gerbil/core/contract~Interface
SOURCE-MODULE gerbil/core/contract~Interface
SOURCE-MODULE gerbil/core/contract~Interface
SOURCE-MODULE gerbil/core/contract~Interface
SOURCE-MODULE gerbil/core/contract~Interface
SOURCE-MODULE gerbil/core/contract~Interface
SOURCE-MODULE gerbil/core/contract~Interface
SOURCE-MODULE gerbil/core/contract~Interface
SOURCE-MODULE gerbil/core/contract~Interface
SOURCE-MODULE gerbil/core/contract~Interface
SOURCE-MODULE gerbil/core/contract~Interface
SOURCE-MODULE gerbil/core/contract~Interface
SOURCE-MODULE gerbil/core/contract~Interface
SOURCE-MODULE gerbil/core/contract~Interface
SOURCE-MODULE gerbil/core/contract~Interface
SOURCE-MODULE gerbil/core/contract~Interface
SOURCE-MODULE gerbil/core/contract~Interface
SOURCE-MODULE gerbil/core/contract~Interface
SOURCE-MODULE gerbil/core/contract~Interface
SOURCE-MODULE gerbil/core/contract~Interface
SOURCE-MODULE gerbil/core/contract~Interface
SOURCE-MODULE gerbil/core/contract~Interface
SOURCE-MODULE gerbil/core/contract~Interface
SOURCE-MODULE gerbil/core/contract~Interface
SOURCE-MODULE gerbil/core/contract~Interface
SOURCE-MODULE gerbil/core/contract~Interface
SOURCE-MODULE gerbil/core/contract~Interface
SOURCE-MODULE gerbil/core/contract~Interface
SOURCE-MODULE gerbil/core/contract~Interface
SOURCE-MODULE gerbil/core/contract~Interface
SOURCE-MODULE gerbil/core/contract~Interface
SOURCE-MODULE gerbil/core/contract~Interface
SOURCE-MODULE gerbil/core/contract~Interface
SOURCE-MODULE gerbil/core/contract~Interface
SOURCE-MODULE gerbil/core/contract~Interface
SOURCE-MODULE gerbil/core/contract~TypedDefinitions
SOURCE-MODULE gerbil/core/contract~Interface
SOURCE-MODULE gerbil/core/contract~TypedDefinitions
SOURCE-MODULE gerbil/core/contract~Interface
SOURCE-MODULE gerbil/core/contract~TypedDefinitions
SOURCE-MODULE gerbil/core/contract~Interface
SOURCE-MODULE gerbil/core/contract~TypedDefinitions
SOURCE-MODULE gerbil/core/contract~Interface
SOURCE-MODULE gerbil/core/contract~TypedDefinitions
SOURCE-MODULE gerbil/core/contract~Interface
SOURCE-MODULE gerbil/core/contract~TypedDefinitions
SOURCE-MODULE gerbil/core/contract~Interface
SOURCE-MODULE gerbil/core/contract~TypedDefinitions
SOURCE-MODULE gerbil/core/contract~Interface
SOURCE-MODULE gerbil/core/contract~TypedDefinitions
SOURCE-MODULE gerbil/core/contract~Interface
SOURCE-MODULE gerbil/core/contract~TypedDefinitions
SOURCE-MODULE gerbil/core/contract~Interface
SOURCE-MODULE gerbil/core/contract~TypedDefinitions
SOURCE-MODULE gerbil/core/contract~Interface
SOURCE-MODULE gerbil/core/contract~TypedDefinitions
SOURCE-MODULE gerbil/core/contract~Interface
SOURCE-MODULE gerbil/core/contract~TypedDefinitions
SOURCE-MODULE gerbil/core/contract~Interface
SOURCE-MODULE gerbil/core/contract~TypedDefinitions
SOURCE-MODULE gerbil/core/contract~Interface
SOURCE-MODULE gerbil/core/contract~TypedDefinitions
SOURCE-MODULE gerbil/core/contract~Interface
SOURCE-MODULE gerbil/core/contract~TypedDefinitions
SOURCE-MODULE gerbil/core/contract~Interface
SOURCE-MODULE gerbil/core/contract~TypedDefinitions
SOURCE-MODULE gerbil/core/contract~Interface
SOURCE-MODULE gerbil/core/contract~TypedDefinitions
SOURCE-MODULE gerbil/core/contract~Interface
SOURCE-MODULE gerbil/core/contract~TypedDefinitions
SOURCE-MODULE gerbil/core/contract~Interface
SOURCE-MODULE gerbil/core/contract~TypedDefinitions
SOURCE-MODULE gerbil/core/contract~Interface
SOURCE-MODULE gerbil/core/contract~TypedDefinitions
SOURCE-MODULE gerbil/core/contract~Interface
SOURCE-MODULE gerbil/core/contract~TypedDefinitions
SOURCE-MODULE gerbil/core/contract~Interface
SOURCE-MODULE gerbil/core/contract~TypedDefinitions
SOURCE-MODULE gerbil/core/contract~Interface
SOURCE-MODULE gerbil/core/contract~TypedDefinitions
SOURCE-MODULE gerbil/core/contract~Interface
SOURCE-MODULE gerbil/core/contract~TypedDefinitions
SOURCE-MODULE gerbil/runtime/hash
SOURCE-MODULE gerbil/runtime/gambit
SOURCE-MODULE gerbil/runtime/util
SOURCE-MODULE gerbil/runtime/error
SOURCE-MODULE gerbil/runtime/hash
SOURCE-MODULE gerbil/core/contract~Interface
SOURCE-MODULE gerbil/core/contract~TypedDefinitions
SOURCE-MODULE gerbil/core/contract~Interface
SOURCE-MODULE gerbil/core/contract~TypedDefinitions
SOURCE-MODULE gerbil/core/contract~Interface
SOURCE-MODULE gerbil/core/contract~TypedDefinitions
SOURCE-MODULE gerbil/core/contract~Interface
SOURCE-MODULE gerbil/core/contract~TypedDefinitions
SOURCE-MODULE gerbil/core/contract~Interface
SOURCE-MODULE gerbil/core/contract~TypedDefinitions
SOURCE-MODULE gerbil/core/contract~Interface
SOURCE-MODULE gerbil/core/contract~TypedDefinitions
SOURCE-MODULE gerbil/core/contract~Interface
SOURCE-MODULE gerbil/core/contract~TypedDefinitions
SOURCE-MODULE gerbil/core/contract~Interface
SOURCE-MODULE gerbil/core/contract~TypedDefinitions
SOURCE-MODULE gerbil/core/contract~TypedDefinitions
SOURCE-MODULE gerbil/core/contract~Interface
SOURCE-MODULE gerbil/core/contract~TypedDefinitions
SOURCE-MODULE gerbil/core/contract~Interface
SOURCE-MODULE gerbil/core/contract~TypedDefinitions
SOURCE-MODULE gerbil/core/contract~Interface
SOURCE-MODULE gerbil/core/contract~TypedDefinitions
SOURCE-MODULE gerbil/core/contract~Interface
SOURCE-MODULE gerbil/core/contract~TypedDefinitions
SOURCE-MODULE gerbil/runtime/thread
SOURCE-MODULE gerbil/runtime/gambit
SOURCE-MODULE gerbil/runtime/util
SOURCE-MODULE gerbil/runtime/mop
SOURCE-MODULE gerbil/runtime/error
SOURCE-MODULE gerbil/runtime/system
SOURCE-MODULE gerbil/runtime/syntax
SOURCE-MODULE gerbil/runtime/gambit
SOURCE-MODULE gerbil/runtime/util
SOURCE-MODULE gerbil/runtime/mop
SOURCE-MODULE gerbil/runtime/error
SOURCE-MODULE gerbil/runtime/hash
SOURCE-MODULE gerbil/runtime/syntax
SOURCE-MODULE gerbil/runtime/eval
SOURCE-MODULE gerbil/runtime/error
SOURCE-MODULE gerbil/runtime/repl
SOURCE-MODULE gerbil/runtime/gambit
SOURCE-MODULE gerbil/runtime/util
SOURCE-MODULE gerbil/runtime/hash
SOURCE-MODULE gerbil/runtime/thread
SOURCE-MODULE gerbil/core/contract~Interface
SOURCE-MODULE gerbil/core/contract~TypedDefinitions
SOURCE-MODULE gerbil/core/contract~Interface
SOURCE-MODULE gerbil/core/contract~TypedDefinitions
SOURCE-MODULE gerbil/core/contract~Interface
SOURCE-MODULE gerbil/core/contract~TypedDefinitions
SOURCE-MODULE gerbil/core/contract~Interface
SOURCE-MODULE gerbil/core/contract~TypedDefinitions
SOURCE-MODULE gerbil/runtime/loader
SOURCE-MODULE gerbil/runtime/gambit
SOURCE-MODULE gerbil/runtime/system
SOURCE-MODULE gerbil/runtime/util
SOURCE-MODULE gerbil/runtime/loader
SOURCE-MODULE gerbil/runtime/control
SOURCE-MODULE gerbil/runtime/mop
SOURCE-MODULE gerbil/runtime/mop-system-classes
SOURCE-MODULE gerbil/runtime/error
SOURCE-MODULE gerbil/runtime/interface
SOURCE-MODULE gerbil/runtime/hash
SOURCE-MODULE gerbil/runtime/thread
SOURCE-MODULE gerbil/runtime/syntax
SOURCE-MODULE gerbil/runtime/eval
SOURCE-MODULE gerbil/runtime/repl
SOURCE-MODULE gerbil/runtime/init
SOURCE-MODULE gerbil/runtime/util
SOURCE-MODULE gerbil/runtime/table
SOURCE-MODULE gerbil/runtime/control
SOURCE-MODULE gerbil/runtime/system
SOURCE-MODULE gerbil/runtime/c3
SOURCE-MODULE gerbil/runtime/mop
SOURCE-MODULE gerbil/runtime/mop-system-classes
SOURCE-MODULE gerbil/runtime/error
SOURCE-MODULE gerbil/runtime/interface
SOURCE-MODULE gerbil/runtime/hash
SOURCE-MODULE gerbil/runtime/thread
SOURCE-MODULE gerbil/runtime/syntax
SOURCE-MODULE gerbil/runtime/eval
SOURCE-MODULE gerbil/runtime/repl
SOURCE-MODULE gerbil/runtime/loader
SOURCE-MODULE gerbil/runtime/init
SOURCE-MODULE gerbil/runtime
SOURCE-MODULE gerbil/runtime
SOURCE-MODULE gerbil/core
SOURCE-MODULE gerbil/core
SOURCE-MODULE gerbil/core/contract~Interface
SOURCE-MODULE gerbil/core/contract~Interface
SOURCE-MODULE gerbil/core/contract~Interface
SOURCE-MODULE gerbil/core/contract~Interface
SOURCE-MODULE gerbil/core/contract~Interface
SOURCE-MODULE gerbil/core/contract~Interface
SOURCE-MODULE std/iter/interface
SOURCE-MODULE gerbil/core/contract~Interface
SOURCE-MODULE gerbil/core/contract~TypedDefinitions
SOURCE-MODULE std/interface
SOURCE-MODULE gerbil/core/expander
SOURCE-MODULE gerbil/core/expander
SOURCE-MODULE gerbil/expander/common
SOURCE-MODULE gerbil/expander/common
SOURCE-MODULE gerbil/expander/stx
SOURCE-MODULE gerbil/expander/common
SOURCE-MODULE gerbil/expander/stx
SOURCE-MODULE gerbil/expander/core
SOURCE-MODULE gerbil/expander/common
SOURCE-MODULE gerbil/expander/stx
SOURCE-MODULE gerbil/expander/core
SOURCE-MODULE gerbil/expander/top
SOURCE-MODULE gerbil/expander/common
SOURCE-MODULE gerbil/expander/stx
SOURCE-MODULE gerbil/expander/core
SOURCE-MODULE gerbil/expander/top
SOURCE-MODULE gerbil/expander/module
SOURCE-MODULE gerbil/expander/common
SOURCE-MODULE gerbil/expander/stx
SOURCE-MODULE gerbil/expander/core
SOURCE-MODULE gerbil/expander/compile
SOURCE-MODULE gerbil/expander/common
SOURCE-MODULE gerbil/expander/core
SOURCE-MODULE gerbil/expander/top
SOURCE-MODULE gerbil/expander/module
SOURCE-MODULE gerbil/expander/compile
SOURCE-MODULE gerbil/expander/root
SOURCE-MODULE gerbil/expander/common
SOURCE-MODULE gerbil/expander/stx
SOURCE-MODULE gerbil/expander/core
SOURCE-MODULE gerbil/expander/top
SOURCE-MODULE gerbil/expander/stxcase
SOURCE-MODULE gerbil/runtime
SOURCE-MODULE gerbil/expander/core
SOURCE-MODULE gerbil/expander/module
SOURCE-MODULE gerbil/expander/top
SOURCE-MODULE gerbil/expander/root
SOURCE-MODULE gerbil/expander/init
SOURCE-MODULE gerbil/expander/common
SOURCE-MODULE gerbil/expander/stx
SOURCE-MODULE gerbil/expander/core
SOURCE-MODULE gerbil/expander/top
SOURCE-MODULE gerbil/expander/module
SOURCE-MODULE gerbil/expander/compile
SOURCE-MODULE gerbil/expander/root
SOURCE-MODULE gerbil/expander/stxcase
SOURCE-MODULE gerbil/expander
SOURCE-MODULE std/error
SOURCE-MODULE std/iter/interface
SOURCE-MODULE gerbil/core/contract~Interface
SOURCE-MODULE gerbil/core/contract~TypedDefinitions
SOURCE-MODULE gerbil/core/contract~Interface
SOURCE-MODULE gerbil/core/contract~TypedDefinitions
SOURCE-MODULE gerbil/core/contract~Interface
SOURCE-MODULE gerbil/core/contract~TypedDefinitions
SOURCE-MODULE gerbil/core/contract~Interface
SOURCE-MODULE gerbil/core/contract~TypedDefinitions
SOURCE-MODULE gerbil/core/contract~Interface
SOURCE-MODULE gerbil/core/contract~TypedDefinitions
SOURCE-MODULE gerbil/core/contract~Interface
SOURCE-MODULE gerbil/core/contract~TypedDefinitions
SOURCE-MODULE gerbil/core/contract~Interface
SOURCE-MODULE gerbil/core/contract~TypedDefinitions
SOURCE-MODULE gerbil/core/contract~Interface
SOURCE-MODULE gerbil/core/contract~TypedDefinitions
SOURCE-MODULE gerbil/core/contract~Interface
SOURCE-MODULE gerbil/core/contract~TypedDefinitions
SOURCE-MODULE gerbil/core/contract~Interface
SOURCE-MODULE gerbil/core/contract~TypedDefinitions
SOURCE-MODULE gerbil/core/contract~Interface
SOURCE-MODULE gerbil/core/contract~TypedDefinitions
SOURCE-MODULE gerbil/core/contract~Interface
SOURCE-MODULE gerbil/core/contract~TypedDefinitions
SOURCE-MODULE gerbil/core/contract~Interface
SOURCE-MODULE gerbil/core/contract~TypedDefinitions
SOURCE-MODULE std/iter/iterators
SOURCE-MODULE std/interface
SOURCE-MODULE std/list/list-builder
SOURCE-MODULE std/iter/interface
SOURCE-MODULE std/iter/iterators
SOURCE-MODULE std/iter/macros
SOURCE-MODULE std/iter/interface
SOURCE-MODULE std/iter/api
SOURCE-MODULE std/iter/api
SOURCE-MODULE std/iter
SOURCE-MODULE std/error
SOURCE-MODULE std/list/list-builder
SOURCE-MODULE gerbil/core/contract~Interface
SOURCE-MODULE gerbil/core/contract~TypedDefinitions
SOURCE-MODULE gerbil/core/contract~Interface
SOURCE-MODULE gerbil/core/contract~TypedDefinitions
SOURCE-MODULE std/list/list
SOURCE-MODULE std/list/list-builder
SOURCE-MODULE std/error
SOURCE-MODULE std/iter
SOURCE-MODULE gerbil/core/contract~Interface
SOURCE-MODULE gerbil/core/contract~TypedDefinitions
SOURCE-MODULE gerbil/core/contract~Interface
SOURCE-MODULE gerbil/core/contract~TypedDefinitions
SOURCE-MODULE gerbil/core/contract~Interface
SOURCE-MODULE gerbil/core/contract~TypedDefinitions
SOURCE-MODULE gerbil/core/contract~Interface
SOURCE-MODULE gerbil/core/contract~TypedDefinitions
SOURCE-MODULE gerbil/core/contract~Interface
SOURCE-MODULE gerbil/core/contract~TypedDefinitions
SOURCE-MODULE gerbil/core/contract~Interface
SOURCE-MODULE gerbil/core/contract~TypedDefinitions
SOURCE-MODULE gerbil/core/contract~Interface
SOURCE-MODULE gerbil/core/contract~TypedDefinitions
SOURCE-MODULE gerbil/core/contract~Interface
SOURCE-MODULE gerbil/core/contract~TypedDefinitions
SOURCE-MODULE gerbil/core/contract~Interface
SOURCE-MODULE gerbil/core/contract~TypedDefinitions
SOURCE-MODULE gerbil/core/contract~Interface
SOURCE-MODULE gerbil/core/contract~TypedDefinitions
SOURCE-MODULE gerbil/core/contract~Interface
SOURCE-MODULE gerbil/core/contract~TypedDefinitions
SOURCE-MODULE gerbil/core/contract~Interface
SOURCE-MODULE gerbil/core/contract~TypedDefinitions
SOURCE-MODULE gerbil/core/contract~Interface
SOURCE-MODULE gerbil/core/contract~TypedDefinitions
SOURCE-MODULE gerbil/core/contract~Interface
SOURCE-MODULE gerbil/core/contract~TypedDefinitions
SOURCE-MODULE gerbil/core/contract~Interface
SOURCE-MODULE gerbil/core/contract~TypedDefinitions
SOURCE-MODULE gerbil/core/contract~Interface
SOURCE-MODULE gerbil/core/contract~TypedDefinitions
SOURCE-MODULE gerbil/core/contract~Interface
SOURCE-MODULE gerbil/core/contract~TypedDefinitions
SOURCE-MODULE gerbil/core/contract~Interface
SOURCE-MODULE gerbil/core/contract~TypedDefinitions
SOURCE-MODULE gerbil/core/contract~Interface
SOURCE-MODULE gerbil/core/contract~TypedDefinitions
SOURCE-MODULE std/hash/misc
SOURCE-MODULE std/iter
SOURCE-MODULE std/list/list-builder
SOURCE-MODULE std/list/list
SOURCE-MODULE gerbil/core/contract~Interface
SOURCE-MODULE gerbil/core/contract~TypedDefinitions
SOURCE-MODULE gerbil/core/contract~Interface
SOURCE-MODULE gerbil/core/contract~TypedDefinitions
SOURCE-MODULE gerbil/core/contract~Interface
SOURCE-MODULE gerbil/core/contract~TypedDefinitions
SOURCE-MODULE gerbil/core/contract~Interface
SOURCE-MODULE gerbil/core/contract~TypedDefinitions
SOURCE-MODULE gerbil/core/contract~Interface
SOURCE-MODULE gerbil/core/contract~TypedDefinitions
SOURCE-MODULE gerbil/core/contract~Interface
SOURCE-MODULE gerbil/core/contract~TypedDefinitions
SOURCE-MODULE gerbil/core/contract~Interface
SOURCE-MODULE gerbil/core/contract~TypedDefinitions
SOURCE-MODULE gerbil/core/contract~Interface
SOURCE-MODULE gerbil/core/contract~TypedDefinitions
SOURCE-MODULE std/string/symbol
SOURCE-MODULE gerbil/core/contract~Interface
SOURCE-MODULE gerbil/core/contract~TypedDefinitions
SOURCE-MODULE std/stxparam
SOURCE-MODULE std/values
SOURCE-MODULE gerbil/runtime/c3
SOURCE-MODULE std/error
SOURCE-MODULE std/error
SOURCE-MODULE std/func
SOURCE-MODULE std/error
SOURCE-MODULE std/error
SOURCE-MODULE std/error
SOURCE-MODULE std/error
SOURCE-MODULE clan/poo/support/base
SOURCE-MODULE clan/poo/object
SOURCE-CLOSURE {"modules":["gerbil/core/mop~MOP-5","gerbil/core/mop~MOP-system-classes","gerbil/core/mop~MOP-1","gerbil/core/mop~MOP-4","gerbil/core/sugar~Sugar-1","gerbil/core/sugar~QuasiquoteRuntime","gerbil/core/sugar~Quasiquote","gerbil/core/sugar~Sugar-2","gerbil/core/sugar~Sugar-3","gerbil/core/runtime~RuntimeAliases","gerbil/core/runtime~GerbilRuntime","gerbil/core/runtime~GambitRuntime","gerbil/core/runtime~R7RSRuntime","gerbil/core/runtime~R5RSRuntime","gerbil/core/runtime~Runtime","gerbil/core/runtime","gerbil/core/sugar","gerbil/core/mop","gerbil/core/contract~TypeReference","gerbil/core/contract~TypeCast","gerbil/core/contract~Using","gerbil/core/contract~Interface","gerbil/core/contract~ContractRules","gerbil/core/contract~TypedDefinitions","gerbil/core/match","gerbil/core/more-sugar","gerbil/core/module-sugar","gerbil/core/contract","gerbil/core","gerbil/runtime/gambit","gerbil/runtime/util","gerbil/runtime/c3","gerbil/runtime/table","gerbil/runtime/mop","gerbil/runtime/error","gerbil/runtime/repl","gerbil/runtime/control","gerbil/runtime/system","gerbil/runtime/syntax","gerbil/runtime/interface","gerbil/runtime/hash","gerbil/runtime/eval","gerbil/runtime/thread","gerbil/runtime/mop-system-classes","gerbil/runtime/loader","gerbil/runtime/init","gerbil/runtime","gerbil/base","std/error","std/func","clan/poo/support/base","std/values","std/stxparam","std/string/symbol","std/list/list-builder","std/list/list","std/iter/interface","std/interface","std/iter/iterators","std/iter/macros","std/iter/api","std/iter","std/hash/misc","clan/poo/object"],"root":":clan/poo/object"}
SOURCE-MODULE std/error
SOURCE-MODULE gerbil/expander
SOURCE-MODULE std/error
SOURCE-MODULE gerbil/core/contract
SOURCE-MODULE std/error
SOURCE-MODULE std/error
SOURCE-MODULE gerbil/core/contract~Interface
SOURCE-MODULE gerbil/core/contract~TypedDefinitions
SOURCE-MODULE std/ffi
SOURCE-MODULE gerbil/core/contract~Interface
SOURCE-MODULE gerbil/core/contract~Interface
SOURCE-MODULE gerbil/core/contract~Interface
SOURCE-MODULE gerbil/core/contract~Interface
SOURCE-MODULE gerbil/core/contract~Interface
SOURCE-MODULE gerbil/core/contract~Interface
SOURCE-MODULE gerbil/core/contract~Interface
SOURCE-MODULE gerbil/core/contract~Interface
SOURCE-MODULE gerbil/core/contract~Interface
SOURCE-MODULE gerbil/core/contract~Interface
SOURCE-MODULE gerbil/core/contract~Interface
SOURCE-MODULE gerbil/core/contract~Interface
SOURCE-MODULE gerbil/core/contract~Interface
SOURCE-MODULE gerbil/core/contract~Interface
SOURCE-MODULE gerbil/core/contract~Interface
SOURCE-MODULE gerbil/core/contract~Interface
SOURCE-MODULE gerbil/core/contract~Interface
SOURCE-MODULE gerbil/core/contract~Interface
SOURCE-MODULE std/io/interface/base
SOURCE-MODULE std/io/interface/base
SOURCE-MODULE gerbil/core/contract~Interface
SOURCE-MODULE gerbil/core/contract~Interface
SOURCE-MODULE gerbil/core/contract~Interface
SOURCE-MODULE gerbil/core/contract~Interface
SOURCE-MODULE gerbil/core/contract~Interface
SOURCE-MODULE gerbil/core/contract~Interface
SOURCE-MODULE gerbil/core/contract~Interface
SOURCE-MODULE gerbil/core/contract~Interface
SOURCE-MODULE gerbil/core/contract~Interface
SOURCE-MODULE gerbil/core/contract~Interface
SOURCE-MODULE gerbil/core/contract~Interface
SOURCE-MODULE gerbil/core/contract~Interface
SOURCE-MODULE gerbil/core/contract~Interface
SOURCE-MODULE gerbil/core/contract~Interface
SOURCE-MODULE gerbil/core/contract~Interface
SOURCE-MODULE gerbil/core/contract~Interface
SOURCE-MODULE gerbil/core/contract~Interface
SOURCE-MODULE gerbil/core/contract~Interface
SOURCE-MODULE gerbil/core/contract~Interface
SOURCE-MODULE gerbil/core/contract~Interface
SOURCE-MODULE gerbil/core/contract~Interface
SOURCE-MODULE gerbil/core/contract~Interface
SOURCE-MODULE gerbil/core/contract~Interface
SOURCE-MODULE gerbil/core/contract~Interface
SOURCE-MODULE gerbil/core/contract~Interface
SOURCE-MODULE gerbil/core/contract~Interface
SOURCE-MODULE gerbil/core/contract~Interface
SOURCE-MODULE gerbil/core/contract~Interface
SOURCE-MODULE gerbil/core/contract~Interface
SOURCE-MODULE gerbil/core/contract~Interface
SOURCE-MODULE gerbil/core/contract~Interface
SOURCE-MODULE gerbil/core/contract~Interface
SOURCE-MODULE gerbil/core/contract~Interface
SOURCE-MODULE gerbil/core/contract~Interface
SOURCE-MODULE gerbil/core/contract~Interface
SOURCE-MODULE gerbil/core/contract~Interface
SOURCE-MODULE gerbil/core/contract~Interface
SOURCE-MODULE gerbil/core/contract~Interface
SOURCE-MODULE gerbil/core/contract~Interface
SOURCE-MODULE gerbil/core/contract~Interface
SOURCE-MODULE gerbil/core/contract~Interface
SOURCE-MODULE gerbil/core/contract~Interface
SOURCE-MODULE gerbil/core/contract~Interface
SOURCE-MODULE gerbil/core/contract~Interface
SOURCE-MODULE gerbil/core/contract~Interface
SOURCE-MODULE gerbil/core/contract~Interface
SOURCE-MODULE gerbil/core/contract~Interface
SOURCE-MODULE gerbil/core/contract~Interface
SOURCE-MODULE std/io/interface/bio
SOURCE-MODULE std/ffi
SOURCE-MODULE std/error
SOURCE-MODULE std/ffi
SOURCE-MODULE std/error
SOURCE-MODULE std/error
SOURCE-MODULE std/os/error
SOURCE-MODULE std/error
SOURCE-MODULE std/ffi
SOURCE-MODULE std/interface
SOURCE-MODULE std/time/time
SOURCE-MODULE gerbil/core/contract~Interface
SOURCE-MODULE gerbil/core/contract~Interface
SOURCE-MODULE gerbil/core/contract~Interface
SOURCE-MODULE gerbil/core/contract~Interface
SOURCE-MODULE gerbil/core/contract~TypedDefinitions
SOURCE-MODULE std/time/timeout
SOURCE-MODULE std/os/error
SOURCE-MODULE gerbil/core/contract~Interface
SOURCE-MODULE gerbil/core/contract~TypedDefinitions
SOURCE-MODULE gerbil/core/contract~Interface
SOURCE-MODULE gerbil/core/contract~TypedDefinitions
SOURCE-MODULE gerbil/core/contract~Interface
SOURCE-MODULE gerbil/core/contract~TypedDefinitions
SOURCE-MODULE gerbil/core/contract~Interface
SOURCE-MODULE gerbil/core/contract~TypedDefinitions
SOURCE-MODULE gerbil/core/contract~Interface
SOURCE-MODULE gerbil/core/contract~TypedDefinitions
SOURCE-MODULE gerbil/core/contract~Interface
SOURCE-MODULE gerbil/core/contract~TypedDefinitions
SOURCE-MODULE gerbil/core/contract~Interface
SOURCE-MODULE gerbil/core/contract~TypedDefinitions
SOURCE-MODULE gerbil/core/contract~Interface
SOURCE-MODULE gerbil/core/contract~TypedDefinitions
SOURCE-MODULE gerbil/core/contract~Interface
SOURCE-MODULE gerbil/core/contract~TypedDefinitions
SOURCE-MODULE gerbil/core/contract~Interface
SOURCE-MODULE gerbil/core/contract~TypedDefinitions
SOURCE-MODULE gerbil/core/contract~Interface
SOURCE-MODULE gerbil/core/contract~TypedDefinitions
SOURCE-MODULE gerbil/core/contract~Interface
SOURCE-MODULE gerbil/core/contract~TypedDefinitions
SOURCE-MODULE std/os/device
SOURCE-MODULE std/ffi
SOURCE-MODULE std/error
SOURCE-MODULE std/os/error
SOURCE-MODULE std/os/device
SOURCE-MODULE std/ffi
SOURCE-MODULE std/os/error
SOURCE-MODULE std/os/device
SOURCE-MODULE gerbil/core/contract~Interface
SOURCE-MODULE gerbil/core/contract~TypedDefinitions
SOURCE-MODULE gerbil/core/contract~Interface
SOURCE-MODULE gerbil/core/contract~TypedDefinitions
SOURCE-MODULE gerbil/core/contract~Interface
SOURCE-MODULE gerbil/core/contract~TypedDefinitions
SOURCE-MODULE gerbil/core/contract~Interface
SOURCE-MODULE gerbil/core/contract~TypedDefinitions
SOURCE-MODULE gerbil/core/contract~Interface
SOURCE-MODULE gerbil/core/contract~TypedDefinitions
SOURCE-MODULE gerbil/core/contract~Interface
SOURCE-MODULE gerbil/core/contract~TypedDefinitions
SOURCE-MODULE std/os/fcntl
SOURCE-MODULE std/ffi
SOURCE-MODULE std/os/error
SOURCE-MODULE std/ffi
SOURCE-MODULE std/ffi
SOURCE-MODULE std/ffi
SOURCE-MODULE std/ffi
SOURCE-MODULE gerbil/core/contract~Interface
SOURCE-MODULE gerbil/core/contract~TypedDefinitions
SOURCE-MODULE gerbil/core/contract~Interface
SOURCE-MODULE gerbil/core/contract~TypedDefinitions
SOURCE-MODULE gerbil/core/contract~Interface
SOURCE-MODULE gerbil/core/contract~TypedDefinitions
SOURCE-MODULE gerbil/core/contract~Interface
SOURCE-MODULE gerbil/core/contract~TypedDefinitions
SOURCE-MODULE gerbil/core/contract~Interface
SOURCE-MODULE gerbil/core/contract~TypedDefinitions
SOURCE-MODULE gerbil/core/contract~Interface
SOURCE-MODULE gerbil/core/contract~TypedDefinitions
SOURCE-MODULE gerbil/core/contract~Interface
SOURCE-MODULE gerbil/core/contract~TypedDefinitions
SOURCE-MODULE gerbil/core/contract~Interface
SOURCE-MODULE gerbil/core/contract~TypedDefinitions
SOURCE-MODULE gerbil/core/contract~Interface
SOURCE-MODULE gerbil/core/contract~TypedDefinitions
SOURCE-MODULE gerbil/core/contract~Interface
SOURCE-MODULE gerbil/core/contract~TypedDefinitions
SOURCE-MODULE gerbil/core/contract~Interface
SOURCE-MODULE gerbil/core/contract~TypedDefinitions
SOURCE-MODULE gerbil/core/contract~Interface
SOURCE-MODULE gerbil/core/contract~TypedDefinitions
SOURCE-MODULE gerbil/core/contract~Interface
SOURCE-MODULE gerbil/core/contract~TypedDefinitions
SOURCE-MODULE gerbil/core/contract~Interface
SOURCE-MODULE gerbil/core/contract~TypedDefinitions
SOURCE-MODULE gerbil/core/contract~Interface
SOURCE-MODULE gerbil/core/contract~TypedDefinitions
SOURCE-MODULE std/os/sockaddr
SOURCE-MODULE std/error
SOURCE-MODULE gerbil/core/contract~Interface
SOURCE-MODULE gerbil/core/contract~TypedDefinitions
SOURCE-MODULE gerbil/core/contract~Interface
SOURCE-MODULE gerbil/core/contract~TypedDefinitions
SOURCE-MODULE gerbil/core/contract~Interface
SOURCE-MODULE gerbil/core/contract~TypedDefinitions
SOURCE-MODULE gerbil/core/contract~Interface
SOURCE-MODULE gerbil/core/contract~TypedDefinitions
SOURCE-MODULE gerbil/core/contract~Interface
SOURCE-MODULE gerbil/core/contract~TypedDefinitions
SOURCE-MODULE gerbil/core/contract~Interface
SOURCE-MODULE gerbil/core/contract~TypedDefinitions
SOURCE-MODULE gerbil/core/contract~Interface
SOURCE-MODULE gerbil/core/contract~TypedDefinitions
SOURCE-MODULE gerbil/core/contract~Interface
SOURCE-MODULE gerbil/core/contract~TypedDefinitions
SOURCE-MODULE gerbil/core/contract~Interface
SOURCE-MODULE gerbil/core/contract~TypedDefinitions
SOURCE-MODULE gerbil/core/contract~Interface
SOURCE-MODULE gerbil/core/contract~TypedDefinitions
SOURCE-MODULE gerbil/core/contract~Interface
SOURCE-MODULE gerbil/core/contract~TypedDefinitions
SOURCE-MODULE gerbil/core/contract~Interface
SOURCE-MODULE gerbil/core/contract~TypedDefinitions
SOURCE-MODULE gerbil/core/contract~Interface
SOURCE-MODULE gerbil/core/contract~TypedDefinitions
SOURCE-MODULE gerbil/core/contract~Interface
SOURCE-MODULE gerbil/core/contract~TypedDefinitions
SOURCE-MODULE gerbil/core/contract~Interface
SOURCE-MODULE gerbil/core/contract~TypedDefinitions
SOURCE-MODULE gerbil/core/contract~Interface
SOURCE-MODULE gerbil/core/contract~TypedDefinitions
SOURCE-MODULE gerbil/core/contract~Interface
SOURCE-MODULE gerbil/core/contract~TypedDefinitions
SOURCE-MODULE gerbil/core/contract~Interface
SOURCE-MODULE gerbil/core/contract~TypedDefinitions
SOURCE-MODULE gerbil/core/contract~Interface
SOURCE-MODULE gerbil/core/contract~TypedDefinitions
SOURCE-MODULE gerbil/core/contract~Interface
SOURCE-MODULE gerbil/core/contract~TypedDefinitions
SOURCE-MODULE gerbil/core/contract~Interface
SOURCE-MODULE gerbil/core/contract~TypedDefinitions
SOURCE-MODULE gerbil/core/contract~Interface
SOURCE-MODULE gerbil/core/contract~TypedDefinitions
SOURCE-MODULE gerbil/core/contract~Interface
SOURCE-MODULE gerbil/core/contract~TypedDefinitions
SOURCE-MODULE gerbil/core/contract~Interface
SOURCE-MODULE gerbil/core/contract~TypedDefinitions
SOURCE-MODULE gerbil/core/contract~Interface
SOURCE-MODULE gerbil/core/contract~TypedDefinitions
SOURCE-MODULE gerbil/core/contract~Interface
SOURCE-MODULE gerbil/core/contract~TypedDefinitions
SOURCE-MODULE gerbil/core/contract~Interface
SOURCE-MODULE gerbil/core/contract~TypedDefinitions
SOURCE-MODULE std/os/socket
SOURCE-MODULE std/ffi
SOURCE-MODULE std/os/error
SOURCE-MODULE std/ffi
SOURCE-MODULE std/ffi
SOURCE-MODULE gerbil/core/contract~Interface
SOURCE-MODULE gerbil/core/contract~TypedDefinitions
SOURCE-MODULE gerbil/core/contract~Interface
SOURCE-MODULE gerbil/core/contract~TypedDefinitions
SOURCE-MODULE gerbil/core/contract~Interface
SOURCE-MODULE gerbil/core/contract~TypedDefinitions
SOURCE-MODULE gerbil/core/contract~Interface
SOURCE-MODULE gerbil/core/contract~TypedDefinitions
SOURCE-MODULE gerbil/core/contract~Interface
SOURCE-MODULE gerbil/core/contract~TypedDefinitions
SOURCE-MODULE gerbil/core/contract~Interface
SOURCE-MODULE gerbil/core/contract~TypedDefinitions
SOURCE-MODULE std/os/time
SOURCE-MODULE gerbil/core/contract~Interface
SOURCE-MODULE gerbil/core/contract~TypedDefinitions
SOURCE-MODULE gerbil/core/contract~TypedDefinitions
SOURCE-MODULE gerbil/core/contract~Interface
SOURCE-MODULE gerbil/core/contract~TypedDefinitions
SOURCE-MODULE gerbil/core/contract~Interface
SOURCE-MODULE gerbil/core/contract~TypedDefinitions
SOURCE-MODULE gerbil/core/contract~Interface
SOURCE-MODULE gerbil/core/contract~TypedDefinitions
SOURCE-MODULE gerbil/core/contract~Interface
SOURCE-MODULE gerbil/core/contract~TypedDefinitions
SOURCE-MODULE gerbil/core/contract~Interface
SOURCE-MODULE gerbil/core/contract~TypedDefinitions
SOURCE-MODULE gerbil/core/contract~Interface
SOURCE-MODULE gerbil/core/contract~TypedDefinitions
SOURCE-MODULE gerbil/core/contract~Interface
SOURCE-MODULE gerbil/core/contract~TypedDefinitions
SOURCE-MODULE gerbil/core/contract~Interface
SOURCE-MODULE gerbil/core/contract~TypedDefinitions
SOURCE-MODULE gerbil/core/contract~Interface
SOURCE-MODULE gerbil/core/contract~TypedDefinitions
SOURCE-MODULE std/ffi
SOURCE-MODULE gerbil/core/contract~Interface
SOURCE-MODULE gerbil/core/contract~TypedDefinitions
SOURCE-MODULE gerbil/core/contract~Interface
SOURCE-MODULE gerbil/core/contract~TypedDefinitions
SOURCE-MODULE gerbil/core/contract~Interface
SOURCE-MODULE gerbil/core/contract~TypedDefinitions
SOURCE-MODULE gerbil/core/contract~Interface
SOURCE-MODULE gerbil/core/contract~TypedDefinitions
SOURCE-MODULE std/ffi
SOURCE-MODULE gerbil/core/contract~Interface
SOURCE-MODULE gerbil/core/contract~TypedDefinitions
SOURCE-MODULE gerbil/core/contract~Interface
SOURCE-MODULE gerbil/core/contract~TypedDefinitions
SOURCE-MODULE std/ffi
SOURCE-MODULE gerbil/core/contract~Interface
SOURCE-MODULE gerbil/core/contract~TypedDefinitions
SOURCE-MODULE gerbil/core/contract~Interface
SOURCE-MODULE gerbil/core/contract~TypedDefinitions
SOURCE-MODULE gerbil/core/contract~Interface
SOURCE-MODULE gerbil/core/contract~TypedDefinitions
SOURCE-MODULE gerbil/core/contract~Interface
SOURCE-MODULE gerbil/core/contract~TypedDefinitions
SOURCE-MODULE std/ffi
SOURCE-MODULE gerbil/core/contract~Interface
SOURCE-MODULE gerbil/core/contract~TypedDefinitions
SOURCE-MODULE gerbil/core/contract~Interface
SOURCE-MODULE gerbil/core/contract~TypedDefinitions
SOURCE-MODULE gerbil/core/contract~Interface
SOURCE-MODULE gerbil/core/contract~TypedDefinitions
SOURCE-MODULE gerbil/core/contract~Interface
SOURCE-MODULE gerbil/core/contract~TypedDefinitions
SOURCE-MODULE std/os/sockopt
SOURCE-MODULE std/time/timeout
SOURCE-MODULE std/error
SOURCE-MODULE gerbil/core/contract~Interface
SOURCE-MODULE gerbil/core/contract~TypedDefinitions
SOURCE-MODULE gerbil/core/contract~Interface
SOURCE-MODULE gerbil/core/contract~TypedDefinitions
SOURCE-MODULE std/string/utf8
SOURCE-MODULE std/net/address/types
SOURCE-MODULE std/io/interface/base
SOURCE-MODULE gerbil/core/contract~Interface
SOURCE-MODULE gerbil/core/contract~Interface
SOURCE-MODULE gerbil/core/contract~Interface
SOURCE-MODULE gerbil/core/contract~Interface
SOURCE-MODULE gerbil/core/contract~Interface
SOURCE-MODULE gerbil/core/contract~Interface
SOURCE-MODULE gerbil/core/contract~Interface
SOURCE-MODULE gerbil/core/contract~Interface
SOURCE-MODULE gerbil/core/contract~Interface
SOURCE-MODULE gerbil/core/contract~Interface
SOURCE-MODULE gerbil/core/contract~Interface
SOURCE-MODULE gerbil/core/contract~Interface
SOURCE-MODULE gerbil/core/contract~Interface
SOURCE-MODULE gerbil/core/contract~Interface
SOURCE-MODULE gerbil/core/contract~Interface
SOURCE-MODULE gerbil/core/contract~Interface
SOURCE-MODULE gerbil/core/contract~Interface
SOURCE-MODULE gerbil/core/contract~Interface
SOURCE-MODULE gerbil/core/contract~Interface
SOURCE-MODULE gerbil/core/contract~Interface
SOURCE-MODULE gerbil/core/contract~Interface
SOURCE-MODULE gerbil/core/contract~Interface
SOURCE-MODULE gerbil/core/contract~Interface
SOURCE-MODULE gerbil/core/contract~Interface
SOURCE-MODULE gerbil/core/contract~Interface
SOURCE-MODULE gerbil/core/contract~Interface
SOURCE-MODULE gerbil/core/contract~Interface
SOURCE-MODULE gerbil/core/contract~Interface
SOURCE-MODULE gerbil/core/contract~Interface
SOURCE-MODULE gerbil/core/contract~Interface
SOURCE-MODULE gerbil/core/contract~Interface
SOURCE-MODULE gerbil/core/contract~Interface
SOURCE-MODULE gerbil/core/contract~Interface
SOURCE-MODULE gerbil/core/contract~Interface
SOURCE-MODULE gerbil/core/contract~Interface
SOURCE-MODULE gerbil/core/contract~Interface
SOURCE-MODULE gerbil/core/contract~Interface
SOURCE-MODULE gerbil/core/contract~Interface
SOURCE-MODULE gerbil/core/contract~Interface
SOURCE-MODULE gerbil/core/contract~Interface
SOURCE-MODULE gerbil/core/contract~Interface
SOURCE-MODULE gerbil/core/contract~Interface
SOURCE-MODULE gerbil/core/contract~Interface
SOURCE-MODULE gerbil/core/contract~Interface
SOURCE-MODULE gerbil/core/contract~Interface
SOURCE-MODULE gerbil/core/contract~Interface
SOURCE-MODULE gerbil/core/contract~Interface
SOURCE-MODULE gerbil/core/contract~Interface
SOURCE-MODULE gerbil/core/contract~Interface
SOURCE-MODULE gerbil/core/contract~Interface
SOURCE-MODULE gerbil/core/contract~Interface
SOURCE-MODULE gerbil/core/contract~Interface
SOURCE-MODULE gerbil/core/contract~Interface
SOURCE-MODULE gerbil/core/contract~Interface
SOURCE-MODULE gerbil/core/contract~Interface
SOURCE-MODULE gerbil/core/contract~Interface
SOURCE-MODULE gerbil/core/contract~Interface
SOURCE-MODULE gerbil/core/contract~Interface
SOURCE-MODULE gerbil/core/contract~Interface
SOURCE-MODULE gerbil/core/contract~Interface
SOURCE-MODULE gerbil/core/contract~Interface
SOURCE-MODULE gerbil/core/contract~Interface
SOURCE-MODULE gerbil/core/contract~Interface
SOURCE-MODULE gerbil/core/contract~Interface
SOURCE-MODULE gerbil/core/contract~Interface
SOURCE-MODULE gerbil/core/contract~Interface
SOURCE-MODULE gerbil/core/contract~Interface
SOURCE-MODULE gerbil/core/contract~Interface
SOURCE-MODULE gerbil/core/contract~Interface
SOURCE-MODULE gerbil/core/contract~Interface
SOURCE-MODULE gerbil/core/contract~Interface
SOURCE-MODULE gerbil/core/contract~Interface
SOURCE-MODULE gerbil/core/contract~Interface
SOURCE-MODULE gerbil/core/contract~Interface
SOURCE-MODULE gerbil/core/contract~Interface
SOURCE-MODULE gerbil/core/contract~Interface
SOURCE-MODULE gerbil/core/contract~Interface
SOURCE-MODULE gerbil/core/contract~Interface
SOURCE-MODULE gerbil/core/contract~Interface
SOURCE-MODULE gerbil/core/contract~Interface
SOURCE-MODULE gerbil/core/contract~Interface
SOURCE-MODULE gerbil/core/contract~Interface
SOURCE-MODULE gerbil/core/contract~Interface
SOURCE-MODULE gerbil/core/contract~Interface
SOURCE-MODULE gerbil/core/contract~Interface
SOURCE-MODULE gerbil/core/contract~Interface
SOURCE-MODULE gerbil/core/contract~Interface
SOURCE-MODULE gerbil/core/contract~Interface
SOURCE-MODULE gerbil/core/contract~Interface
SOURCE-MODULE gerbil/core/contract~Interface
SOURCE-MODULE gerbil/core/contract~Interface
SOURCE-MODULE gerbil/core/contract~Interface
SOURCE-MODULE gerbil/core/contract~Interface
SOURCE-MODULE gerbil/core/contract~Interface
SOURCE-MODULE gerbil/core/contract~Interface
SOURCE-MODULE gerbil/core/contract~Interface
SOURCE-MODULE gerbil/core/contract~Interface
SOURCE-MODULE gerbil/core/contract~Interface
SOURCE-MODULE gerbil/core/contract~Interface
SOURCE-MODULE gerbil/core/contract~Interface
SOURCE-MODULE gerbil/core/contract~Interface
SOURCE-MODULE gerbil/core/contract~Interface
SOURCE-MODULE gerbil/core/contract~Interface
SOURCE-MODULE gerbil/core/contract~Interface
SOURCE-MODULE gerbil/core/contract~Interface
SOURCE-MODULE gerbil/core/contract~Interface
SOURCE-MODULE gerbil/core/contract~Interface
SOURCE-MODULE gerbil/core/contract~Interface
SOURCE-MODULE gerbil/core/contract~Interface
SOURCE-MODULE gerbil/core/contract~Interface
SOURCE-MODULE gerbil/core/contract~Interface
SOURCE-MODULE gerbil/core/contract~Interface
SOURCE-MODULE gerbil/core/contract~Interface
SOURCE-MODULE gerbil/core/contract~Interface
SOURCE-MODULE gerbil/core/contract~Interface
SOURCE-MODULE gerbil/core/contract~Interface
SOURCE-MODULE gerbil/core/contract~Interface
SOURCE-MODULE gerbil/core/contract~Interface
SOURCE-MODULE gerbil/core/contract~Interface
SOURCE-MODULE gerbil/core/contract~Interface
SOURCE-MODULE gerbil/core/contract~Interface
SOURCE-MODULE gerbil/core/contract~Interface
SOURCE-MODULE gerbil/core/contract~Interface
SOURCE-MODULE gerbil/core/contract~Interface
SOURCE-MODULE gerbil/core/contract~Interface
SOURCE-MODULE gerbil/core/contract~Interface
SOURCE-MODULE gerbil/core/contract~Interface
SOURCE-MODULE gerbil/core/contract~Interface
SOURCE-MODULE gerbil/core/contract~Interface
SOURCE-MODULE gerbil/core/contract~Interface
SOURCE-MODULE gerbil/core/contract~Interface
SOURCE-MODULE gerbil/core/contract~Interface
SOURCE-MODULE gerbil/core/contract~Interface
SOURCE-MODULE gerbil/core/contract~Interface
SOURCE-MODULE gerbil/core/contract~Interface
SOURCE-MODULE gerbil/core/contract~Interface
SOURCE-MODULE gerbil/core/contract~Interface
SOURCE-MODULE gerbil/core/contract~Interface
SOURCE-MODULE gerbil/core/contract~Interface
SOURCE-MODULE gerbil/core/contract~Interface
SOURCE-MODULE gerbil/core/contract~Interface
SOURCE-MODULE gerbil/core/contract~Interface
SOURCE-MODULE gerbil/core/contract~Interface
SOURCE-MODULE gerbil/core/contract~Interface
SOURCE-MODULE gerbil/core/contract~Interface
SOURCE-MODULE gerbil/core/contract~Interface
SOURCE-MODULE gerbil/core/contract~Interface
SOURCE-MODULE gerbil/core/contract~Interface
SOURCE-MODULE gerbil/core/contract~Interface
SOURCE-MODULE gerbil/core/contract~Interface
SOURCE-MODULE gerbil/core/contract~Interface
SOURCE-MODULE gerbil/core/contract~Interface
SOURCE-MODULE gerbil/core/contract~Interface
SOURCE-MODULE gerbil/core/contract~Interface
SOURCE-MODULE gerbil/core/contract~Interface
SOURCE-MODULE gerbil/core/contract~Interface
SOURCE-MODULE gerbil/core/contract~Interface
SOURCE-MODULE gerbil/core/contract~Interface
SOURCE-MODULE gerbil/core/contract~Interface
SOURCE-MODULE gerbil/core/contract~Interface
SOURCE-MODULE gerbil/core/contract~Interface
SOURCE-MODULE gerbil/core/contract~Interface
SOURCE-MODULE gerbil/core/contract~Interface
SOURCE-MODULE gerbil/core/contract~Interface
SOURCE-MODULE gerbil/core/contract~Interface
SOURCE-MODULE std/io/interface/socket
SOURCE-MODULE std/io/interface/base
SOURCE-MODULE std/io/interface/bio
SOURCE-MODULE std/io/interface/socket
SOURCE-MODULE std/io/interface
SOURCE-MODULE std/error
SOURCE-MODULE std/interface
SOURCE-MODULE std/io/interface
SOURCE-MODULE std/io/interface
SOURCE-MODULE std/io/bio/types
SOURCE-MODULE std/interface
SOURCE-MODULE std/io/interface
SOURCE-MODULE gerbil/core/contract~Interface
SOURCE-MODULE gerbil/core/contract~Interface
SOURCE-MODULE gerbil/core/contract~Interface
SOURCE-MODULE gerbil/core/contract~Interface
SOURCE-MODULE gerbil/core/contract~Interface
SOURCE-MODULE gerbil/core/contract~Interface
SOURCE-MODULE gerbil/core/contract~Interface
SOURCE-MODULE gerbil/core/contract~Interface
SOURCE-MODULE gerbil/core/contract~Interface
SOURCE-MODULE gerbil/core/contract~Interface
SOURCE-MODULE gerbil/core/contract~Interface
SOURCE-MODULE gerbil/core/contract~Interface
SOURCE-MODULE gerbil/core/contract~Interface
SOURCE-MODULE gerbil/core/contract~Interface
SOURCE-MODULE gerbil/core/contract~Interface
SOURCE-MODULE std/io/bio/buffer
SOURCE-MODULE std/error
SOURCE-MODULE std/interface
SOURCE-MODULE std/iter
SOURCE-MODULE std/interface
SOURCE-MODULE std/iter
SOURCE-MODULE gerbil/core/contract~Interface
SOURCE-MODULE gerbil/core/contract~TypedDefinitions
SOURCE-MODULE gerbil/core/contract~TypedDefinitions
SOURCE-MODULE gerbil/core/contract~Interface
SOURCE-MODULE gerbil/core/contract~TypedDefinitions
SOURCE-MODULE gerbil/core/contract~TypedDefinitions
SOURCE-MODULE std/sync/spinlock
SOURCE-MODULE gerbil/core/contract~Interface
SOURCE-MODULE gerbil/core/contract~Interface
SOURCE-MODULE gerbil/core/contract~Interface
SOURCE-MODULE gerbil/core/contract~Interface
SOURCE-MODULE gerbil/core/contract~Interface
SOURCE-MODULE gerbil/core/contract~Interface
SOURCE-MODULE gerbil/core/contract~Interface
SOURCE-MODULE gerbil/core/contract~TypedDefinitions
SOURCE-MODULE gerbil/core/contract~Interface
SOURCE-MODULE gerbil/core/contract~TypedDefinitions
SOURCE-MODULE gerbil/core/contract~Interface
SOURCE-MODULE gerbil/core/contract~TypedDefinitions
SOURCE-MODULE gerbil/core/contract~Interface
SOURCE-MODULE gerbil/core/contract~TypedDefinitions
SOURCE-MODULE std/cache
SOURCE-MODULE std/sync/spinlock
SOURCE-MODULE gerbil/core/contract~Interface
SOURCE-MODULE gerbil/core/contract~TypedDefinitions
SOURCE-MODULE gerbil/core/contract~Interface
SOURCE-MODULE gerbil/core/contract~TypedDefinitions
SOURCE-MODULE gerbil/core/contract~Interface
SOURCE-MODULE gerbil/core/contract~TypedDefinitions
SOURCE-MODULE std/io/bio/cache
SOURCE-MODULE std/error
SOURCE-MODULE std/io/interface
SOURCE-MODULE std/io/bio/types
SOURCE-MODULE std/io/bio/macros
SOURCE-MODULE std/error
SOURCE-MODULE std/io/interface
SOURCE-MODULE std/io/bio/types
SOURCE-MODULE std/io/bio/buffer
SOURCE-MODULE std/io/bio/cache
SOURCE-MODULE std/io/bio/macros
SOURCE-MODULE gerbil/core/contract~Interface
SOURCE-MODULE gerbil/core/contract~TypedDefinitions
SOURCE-MODULE gerbil/core/contract~Interface
SOURCE-MODULE gerbil/core/contract~TypedDefinitions
SOURCE-MODULE gerbil/core/contract~Interface
SOURCE-MODULE gerbil/core/contract~TypedDefinitions
SOURCE-MODULE gerbil/core/contract~Interface
SOURCE-MODULE gerbil/core/contract~TypedDefinitions
SOURCE-MODULE std/io/bio/input
SOURCE-MODULE std/error
SOURCE-MODULE std/interface
SOURCE-MODULE std/io/interface
SOURCE-MODULE std/io/bio/types
SOURCE-MODULE std/io/bio/macros
SOURCE-MODULE std/io/bio/buffer
SOURCE-MODULE std/io/bio/input
SOURCE-MODULE gerbil/core/contract~Interface
SOURCE-MODULE gerbil/core/contract~TypedDefinitions
SOURCE-MODULE gerbil/core/contract~Interface
SOURCE-MODULE gerbil/core/contract~TypedDefinitions
SOURCE-MODULE gerbil/core/contract~Interface
SOURCE-MODULE gerbil/core/contract~TypedDefinitions
SOURCE-MODULE gerbil/core/contract~Interface
SOURCE-MODULE gerbil/core/contract~TypedDefinitions
SOURCE-MODULE gerbil/core/contract~Interface
SOURCE-MODULE gerbil/core/contract~TypedDefinitions
SOURCE-MODULE gerbil/core/contract~Interface
SOURCE-MODULE gerbil/core/contract~TypedDefinitions
SOURCE-MODULE gerbil/core/contract~Interface
SOURCE-MODULE gerbil/core/contract~TypedDefinitions
SOURCE-MODULE gerbil/core/contract~Interface
SOURCE-MODULE gerbil/core/contract~TypedDefinitions
SOURCE-MODULE gerbil/core/contract~Interface
SOURCE-MODULE gerbil/core/contract~TypedDefinitions
SOURCE-MODULE gerbil/core/contract~Interface
SOURCE-MODULE gerbil/core/contract~TypedDefinitions
SOURCE-MODULE std/io/bio/delimited
SOURCE-MODULE std/error
SOURCE-MODULE std/io/interface
SOURCE-MODULE std/io/bio/types
SOURCE-MODULE std/io/bio/buffer
SOURCE-MODULE std/io/bio/cache
SOURCE-MODULE std/io/bio/macros
SOURCE-MODULE std/io/bio/input
SOURCE-MODULE std/ffi
SOURCE-MODULE gerbil/core/contract~Interface
SOURCE-MODULE gerbil/core/contract~TypedDefinitions
SOURCE-MODULE gerbil/core/contract~Interface
SOURCE-MODULE gerbil/core/contract~TypedDefinitions
SOURCE-MODULE gerbil/core/contract~Interface
SOURCE-MODULE gerbil/core/contract~Interface
SOURCE-MODULE std/io/bio/macros
SOURCE-MODULE gerbil/core/contract~Interface
SOURCE-MODULE gerbil/core/contract~Interface
SOURCE-MODULE gerbil/core/contract~TypedDefinitions
SOURCE-MODULE gerbil/core/contract~Interface
SOURCE-MODULE gerbil/core/contract~TypedDefinitions
SOURCE-MODULE gerbil/core/contract~Interface
SOURCE-MODULE gerbil/core/contract~Interface
SOURCE-MODULE std/io/bio/macros
SOURCE-MODULE gerbil/core/contract~Interface
SOURCE-MODULE gerbil/core/contract~Interface
SOURCE-MODULE gerbil/core/contract~TypedDefinitions
SOURCE-MODULE gerbil/core/contract~Interface
SOURCE-MODULE gerbil/core/contract~Interface
SOURCE-MODULE std/io/bio/macros
SOURCE-MODULE gerbil/core/contract~Interface
SOURCE-MODULE gerbil/core/contract~Interface
SOURCE-MODULE gerbil/core/contract~Interface
SOURCE-MODULE std/io/bio/macros
SOURCE-MODULE gerbil/core/contract~Interface
SOURCE-MODULE gerbil/core/contract~Interface
SOURCE-MODULE gerbil/core/contract~Interface
SOURCE-MODULE std/io/bio/macros
SOURCE-MODULE gerbil/core/contract~Interface
SOURCE-MODULE gerbil/core/contract~Interface
SOURCE-MODULE gerbil/core/contract~Interface
SOURCE-MODULE std/io/bio/macros
SOURCE-MODULE gerbil/core/contract~Interface
SOURCE-MODULE gerbil/core/contract~Interface
SOURCE-MODULE gerbil/core/contract~Interface
SOURCE-MODULE std/io/bio/macros
SOURCE-MODULE gerbil/core/contract~Interface
SOURCE-MODULE gerbil/core/contract~Interface
SOURCE-MODULE gerbil/core/contract~Interface
SOURCE-MODULE std/io/bio/macros
SOURCE-MODULE gerbil/core/contract~Interface
SOURCE-MODULE gerbil/core/contract~Interface
SOURCE-MODULE gerbil/core/contract~Interface
SOURCE-MODULE std/io/bio/macros
SOURCE-MODULE gerbil/core/contract~Interface
SOURCE-MODULE gerbil/core/contract~Interface
SOURCE-MODULE gerbil/core/contract~Interface
SOURCE-MODULE std/io/bio/macros
SOURCE-MODULE gerbil/core/contract~Interface
SOURCE-MODULE gerbil/core/contract~Interface
SOURCE-MODULE gerbil/core/contract~Interface
SOURCE-MODULE std/io/bio/macros
SOURCE-MODULE gerbil/core/contract~Interface
SOURCE-MODULE gerbil/core/contract~Interface
SOURCE-MODULE gerbil/core/contract~Interface
SOURCE-MODULE std/io/bio/macros
SOURCE-MODULE gerbil/core/contract~Interface
SOURCE-MODULE gerbil/core/contract~Interface
SOURCE-MODULE gerbil/core/contract~TypedDefinitions
SOURCE-MODULE gerbil/core/contract~Interface
SOURCE-MODULE gerbil/core/contract~TypedDefinitions
SOURCE-MODULE gerbil/core/contract~Interface
SOURCE-MODULE gerbil/core/contract~Interface
SOURCE-MODULE std/io/bio/macros
SOURCE-MODULE gerbil/core/contract~Interface
SOURCE-MODULE gerbil/core/contract~Interface
SOURCE-MODULE gerbil/core/contract~Interface
SOURCE-MODULE std/io/bio/macros
SOURCE-MODULE gerbil/core/contract~Interface
SOURCE-MODULE gerbil/core/contract~Interface
SOURCE-MODULE gerbil/core/contract~TypedDefinitions
SOURCE-MODULE gerbil/core/contract~Interface
SOURCE-MODULE gerbil/core/contract~TypedDefinitions
SOURCE-MODULE gerbil/core/contract~Interface
SOURCE-MODULE gerbil/core/contract~Interface
SOURCE-MODULE std/io/bio/macros
SOURCE-MODULE gerbil/core/contract~Interface
SOURCE-MODULE gerbil/core/contract~Interface
SOURCE-MODULE gerbil/core/contract~TypedDefinitions
SOURCE-MODULE gerbil/core/contract~Interface
SOURCE-MODULE gerbil/core/contract~TypedDefinitions
SOURCE-MODULE gerbil/core/contract~Interface
SOURCE-MODULE gerbil/core/contract~Interface
SOURCE-MODULE std/io/bio/macros
SOURCE-MODULE gerbil/core/contract~Interface
SOURCE-MODULE gerbil/core/contract~Interface
SOURCE-MODULE gerbil/core/contract~Interface
SOURCE-MODULE std/io/bio/macros
SOURCE-MODULE gerbil/core/contract~Interface
SOURCE-MODULE gerbil/core/contract~Interface
SOURCE-MODULE gerbil/core/contract~TypedDefinitions
SOURCE-MODULE gerbil/core/contract~Interface
SOURCE-MODULE gerbil/core/contract~TypedDefinitions
SOURCE-MODULE gerbil/core/contract~Interface
SOURCE-MODULE gerbil/core/contract~Interface
SOURCE-MODULE std/io/bio/macros
SOURCE-MODULE gerbil/core/contract~Interface
SOURCE-MODULE gerbil/core/contract~Interface
SOURCE-MODULE gerbil/core/contract~TypedDefinitions
SOURCE-MODULE gerbil/core/contract~Interface
SOURCE-MODULE gerbil/core/contract~TypedDefinitions
SOURCE-MODULE gerbil/core/contract~Interface
SOURCE-MODULE gerbil/core/contract~Interface
SOURCE-MODULE std/io/bio/macros
SOURCE-MODULE gerbil/core/contract~Interface
SOURCE-MODULE std/io/bio/reader
SOURCE-MODULE std/io/interface
SOURCE-MODULE std/io/bio/types
SOURCE-MODULE std/io/bio/buffer
SOURCE-MODULE std/io/bio/cache
SOURCE-MODULE std/io/bio/macros
SOURCE-MODULE std/io/bio/output
SOURCE-MODULE std/error
SOURCE-MODULE std/io/interface
SOURCE-MODULE std/io/bio/types
SOURCE-MODULE std/io/bio/buffer
SOURCE-MODULE std/io/bio/cache
SOURCE-MODULE std/io/bio/macros
SOURCE-MODULE std/io/bio/output
SOURCE-MODULE std/ffi
SOURCE-MODULE gerbil/core/contract~Interface
SOURCE-MODULE gerbil/core/contract~TypedDefinitions
SOURCE-MODULE gerbil/core/contract~Interface
SOURCE-MODULE gerbil/core/contract~TypedDefinitions
SOURCE-MODULE gerbil/core/contract~Interface
SOURCE-MODULE gerbil/core/contract~TypedDefinitions
SOURCE-MODULE gerbil/core/contract~Interface
SOURCE-MODULE gerbil/core/contract~TypedDefinitions
SOURCE-MODULE gerbil/core/contract~Interface
SOURCE-MODULE gerbil/core/contract~Interface
SOURCE-MODULE std/io/bio/macros
SOURCE-MODULE gerbil/core/contract~Interface
SOURCE-MODULE gerbil/core/contract~Interface
SOURCE-MODULE gerbil/core/contract~TypedDefinitions
SOURCE-MODULE gerbil/core/contract~Interface
SOURCE-MODULE gerbil/core/contract~Interface
SOURCE-MODULE std/io/bio/macros
SOURCE-MODULE gerbil/core/contract~Interface
SOURCE-MODULE gerbil/core/contract~Interface
SOURCE-MODULE gerbil/core/contract~Interface
SOURCE-MODULE std/io/bio/macros
SOURCE-MODULE gerbil/core/contract~Interface
SOURCE-MODULE gerbil/core/contract~Interface
SOURCE-MODULE gerbil/core/contract~Interface
SOURCE-MODULE std/io/bio/macros
SOURCE-MODULE gerbil/core/contract~Interface
SOURCE-MODULE gerbil/core/contract~Interface
SOURCE-MODULE gerbil/core/contract~Interface
SOURCE-MODULE std/io/bio/macros
SOURCE-MODULE gerbil/core/contract~Interface
SOURCE-MODULE gerbil/core/contract~Interface
SOURCE-MODULE gerbil/core/contract~Interface
SOURCE-MODULE std/io/bio/macros
SOURCE-MODULE gerbil/core/contract~Interface
SOURCE-MODULE gerbil/core/contract~Interface
SOURCE-MODULE gerbil/core/contract~Interface
SOURCE-MODULE std/io/bio/macros
SOURCE-MODULE gerbil/core/contract~Interface
SOURCE-MODULE gerbil/core/contract~Interface
SOURCE-MODULE gerbil/core/contract~Interface
SOURCE-MODULE std/io/bio/macros
SOURCE-MODULE gerbil/core/contract~Interface
SOURCE-MODULE gerbil/core/contract~Interface
SOURCE-MODULE gerbil/core/contract~Interface
SOURCE-MODULE std/io/bio/macros
SOURCE-MODULE gerbil/core/contract~Interface
SOURCE-MODULE gerbil/core/contract~Interface
SOURCE-MODULE gerbil/core/contract~Interface
SOURCE-MODULE std/io/bio/macros
SOURCE-MODULE gerbil/core/contract~Interface
SOURCE-MODULE gerbil/core/contract~Interface
SOURCE-MODULE gerbil/core/contract~Interface
SOURCE-MODULE std/io/bio/macros
SOURCE-MODULE gerbil/core/contract~Interface
SOURCE-MODULE gerbil/core/contract~Interface
SOURCE-MODULE gerbil/core/contract~TypedDefinitions
SOURCE-MODULE gerbil/core/contract~Interface
SOURCE-MODULE gerbil/core/contract~TypedDefinitions
SOURCE-MODULE gerbil/core/contract~Interface
SOURCE-MODULE gerbil/core/contract~Interface
SOURCE-MODULE std/io/bio/macros
SOURCE-MODULE gerbil/core/contract~Interface
SOURCE-MODULE gerbil/core/contract~Interface
SOURCE-MODULE gerbil/core/contract~Interface
SOURCE-MODULE std/io/bio/macros
SOURCE-MODULE gerbil/core/contract~Interface
SOURCE-MODULE gerbil/core/contract~Interface
SOURCE-MODULE gerbil/core/contract~TypedDefinitions
SOURCE-MODULE gerbil/core/contract~Interface
SOURCE-MODULE gerbil/core/contract~TypedDefinitions
SOURCE-MODULE gerbil/core/contract~Interface
SOURCE-MODULE gerbil/core/contract~Interface
SOURCE-MODULE std/io/bio/macros
SOURCE-MODULE gerbil/core/contract~Interface
SOURCE-MODULE gerbil/core/contract~Interface
SOURCE-MODULE gerbil/core/contract~TypedDefinitions
SOURCE-MODULE gerbil/core/contract~Interface
SOURCE-MODULE gerbil/core/contract~TypedDefinitions
SOURCE-MODULE gerbil/core/contract~Interface
SOURCE-MODULE gerbil/core/contract~Interface
SOURCE-MODULE std/io/bio/macros
SOURCE-MODULE gerbil/core/contract~Interface
SOURCE-MODULE gerbil/core/contract~Interface
SOURCE-MODULE gerbil/core/contract~TypedDefinitions
SOURCE-MODULE gerbil/core/contract~Interface
SOURCE-MODULE gerbil/core/contract~TypedDefinitions
SOURCE-MODULE gerbil/core/contract~Interface
SOURCE-MODULE gerbil/core/contract~Interface
SOURCE-MODULE std/io/bio/macros
SOURCE-MODULE gerbil/core/contract~Interface
SOURCE-MODULE std/io/bio/writer
SOURCE-MODULE std/error
SOURCE-MODULE std/interface
SOURCE-MODULE std/io/interface
SOURCE-MODULE std/io/bio/types
SOURCE-MODULE std/io/bio/buffer
SOURCE-MODULE std/io/bio/cache
SOURCE-MODULE std/io/bio/macros
SOURCE-MODULE std/io/bio/input
SOURCE-MODULE std/io/bio/delimited
SOURCE-MODULE std/io/bio/output
SOURCE-MODULE gerbil/core/contract~Interface
SOURCE-MODULE gerbil/core/contract~TypedDefinitions
SOURCE-MODULE gerbil/core/contract~Interface
SOURCE-MODULE gerbil/core/contract~TypedDefinitions
SOURCE-MODULE gerbil/core/contract~Interface
SOURCE-MODULE gerbil/core/contract~TypedDefinitions
SOURCE-MODULE gerbil/core/contract~Interface
SOURCE-MODULE gerbil/core/contract~TypedDefinitions
SOURCE-MODULE gerbil/core/contract~Interface
SOURCE-MODULE gerbil/core/contract~TypedDefinitions
SOURCE-MODULE gerbil/core/contract~Interface
SOURCE-MODULE gerbil/core/contract~TypedDefinitions
SOURCE-MODULE gerbil/core/contract~Interface
SOURCE-MODULE gerbil/core/contract~TypedDefinitions
SOURCE-MODULE gerbil/core/contract~Interface
SOURCE-MODULE gerbil/core/contract~TypedDefinitions
SOURCE-MODULE gerbil/core/contract~Interface
SOURCE-MODULE gerbil/core/contract~TypedDefinitions
SOURCE-MODULE gerbil/core/contract~Interface
SOURCE-MODULE gerbil/core/contract~TypedDefinitions
SOURCE-MODULE gerbil/core/contract~Interface
SOURCE-MODULE gerbil/core/contract~TypedDefinitions
SOURCE-MODULE std/io/bio/memory
SOURCE-MODULE std/error
SOURCE-MODULE std/interface
SOURCE-MODULE std/io/interface
SOURCE-MODULE std/io/bio/types
SOURCE-MODULE std/io/bio/buffer
SOURCE-MODULE std/io/bio/cache
SOURCE-MODULE std/io/bio/macros
SOURCE-MODULE std/io/bio/input
SOURCE-MODULE std/io/bio/delimited
SOURCE-MODULE std/io/bio/output
SOURCE-MODULE gerbil/core/contract~Interface
SOURCE-MODULE gerbil/core/contract~TypedDefinitions
SOURCE-MODULE gerbil/core/contract~Interface
SOURCE-MODULE gerbil/core/contract~TypedDefinitions
SOURCE-MODULE gerbil/core/contract~Interface
SOURCE-MODULE gerbil/core/contract~TypedDefinitions
SOURCE-MODULE gerbil/core/contract~Interface
SOURCE-MODULE gerbil/core/contract~TypedDefinitions
SOURCE-MODULE gerbil/core/contract~Interface
SOURCE-MODULE gerbil/core/contract~TypedDefinitions
SOURCE-MODULE gerbil/core/contract~Interface
SOURCE-MODULE gerbil/core/contract~TypedDefinitions
SOURCE-MODULE gerbil/core/contract~Interface
SOURCE-MODULE gerbil/core/contract~TypedDefinitions
SOURCE-MODULE gerbil/core/contract~Interface
SOURCE-MODULE gerbil/core/contract~TypedDefinitions
SOURCE-MODULE gerbil/core/contract~Interface
SOURCE-MODULE gerbil/core/contract~TypedDefinitions
SOURCE-MODULE gerbil/core/contract~Interface
SOURCE-MODULE gerbil/core/contract~TypedDefinitions
SOURCE-MODULE gerbil/core/contract~Interface
SOURCE-MODULE gerbil/core/contract~TypedDefinitions
SOURCE-MODULE gerbil/core/contract~Interface
SOURCE-MODULE gerbil/core/contract~TypedDefinitions
SOURCE-MODULE gerbil/core/contract~Interface
SOURCE-MODULE gerbil/core/contract~TypedDefinitions
SOURCE-MODULE gerbil/core/contract~Interface
SOURCE-MODULE gerbil/core/contract~TypedDefinitions
SOURCE-MODULE std/io/bio/srcsnk
SOURCE-MODULE std/error
SOURCE-MODULE std/interface
SOURCE-MODULE std/iter
SOURCE-MODULE std/io/interface
SOURCE-MODULE std/io/bio/types
SOURCE-MODULE std/io/bio/buffer
SOURCE-MODULE std/io/bio/cache
SOURCE-MODULE std/io/bio/macros
SOURCE-MODULE std/io/bio/input
SOURCE-MODULE std/io/bio/delimited
SOURCE-MODULE std/io/bio/output
SOURCE-MODULE gerbil/core/contract~Interface
SOURCE-MODULE gerbil/core/contract~TypedDefinitions
SOURCE-MODULE gerbil/core/contract~Interface
SOURCE-MODULE gerbil/core/contract~TypedDefinitions
SOURCE-MODULE gerbil/core/contract~Interface
SOURCE-MODULE gerbil/core/contract~TypedDefinitions
SOURCE-MODULE gerbil/core/contract~Interface
SOURCE-MODULE gerbil/core/contract~TypedDefinitions
SOURCE-MODULE gerbil/core/contract~Interface
SOURCE-MODULE gerbil/core/contract~TypedDefinitions
SOURCE-MODULE gerbil/core/contract~Interface
SOURCE-MODULE gerbil/core/contract~TypedDefinitions
SOURCE-MODULE gerbil/core/contract~Interface
SOURCE-MODULE gerbil/core/contract~TypedDefinitions
SOURCE-MODULE gerbil/core/contract~Interface
SOURCE-MODULE gerbil/core/contract~TypedDefinitions
SOURCE-MODULE gerbil/core/contract~Interface
SOURCE-MODULE gerbil/core/contract~TypedDefinitions
SOURCE-MODULE gerbil/core/contract~Interface
SOURCE-MODULE gerbil/core/contract~TypedDefinitions
SOURCE-MODULE gerbil/core/contract~Interface
SOURCE-MODULE gerbil/core/contract~TypedDefinitions
SOURCE-MODULE gerbil/core/contract~Interface
SOURCE-MODULE gerbil/core/contract~TypedDefinitions
SOURCE-MODULE gerbil/core/contract~Interface
SOURCE-MODULE gerbil/core/contract~TypedDefinitions
SOURCE-MODULE gerbil/core/contract~Interface
SOURCE-MODULE gerbil/core/contract~TypedDefinitions
SOURCE-MODULE gerbil/core/contract~Interface
SOURCE-MODULE gerbil/core/contract~TypedDefinitions
SOURCE-MODULE gerbil/core/contract~Interface
SOURCE-MODULE gerbil/core/contract~TypedDefinitions
SOURCE-MODULE gerbil/core/contract~Interface
SOURCE-MODULE gerbil/core/contract~TypedDefinitions
SOURCE-MODULE gerbil/core/contract~Interface
SOURCE-MODULE gerbil/core/contract~TypedDefinitions
SOURCE-MODULE gerbil/core/contract~Interface
SOURCE-MODULE gerbil/core/contract~TypedDefinitions
SOURCE-MODULE gerbil/core/contract~Interface
SOURCE-MODULE gerbil/core/contract~TypedDefinitions
SOURCE-MODULE gerbil/core/contract~Interface
SOURCE-MODULE gerbil/core/contract~TypedDefinitions
SOURCE-MODULE gerbil/core/contract~Interface
SOURCE-MODULE gerbil/core/contract~TypedDefinitions
SOURCE-MODULE gerbil/core/contract~Interface
SOURCE-MODULE gerbil/core/contract~TypedDefinitions
SOURCE-MODULE gerbil/core/contract~Interface
SOURCE-MODULE gerbil/core/contract~TypedDefinitions
SOURCE-MODULE gerbil/core/contract~Interface
SOURCE-MODULE gerbil/core/contract~TypedDefinitions
SOURCE-MODULE gerbil/core/contract~Interface
SOURCE-MODULE gerbil/core/contract~TypedDefinitions
SOURCE-MODULE gerbil/core/contract~Interface
SOURCE-MODULE gerbil/core/contract~TypedDefinitions
SOURCE-MODULE gerbil/core/contract~Interface
SOURCE-MODULE gerbil/core/contract~TypedDefinitions
SOURCE-MODULE gerbil/core/contract~Interface
SOURCE-MODULE gerbil/core/contract~TypedDefinitions
SOURCE-MODULE gerbil/core/contract~Interface
SOURCE-MODULE gerbil/core/contract~TypedDefinitions
SOURCE-MODULE gerbil/core/contract~Interface
SOURCE-MODULE gerbil/core/contract~TypedDefinitions
SOURCE-MODULE gerbil/core/contract~Interface
SOURCE-MODULE gerbil/core/contract~TypedDefinitions
SOURCE-MODULE gerbil/core/contract~Interface
SOURCE-MODULE gerbil/core/contract~TypedDefinitions
SOURCE-MODULE gerbil/core/contract~Interface
SOURCE-MODULE gerbil/core/contract~TypedDefinitions
SOURCE-MODULE gerbil/core/contract~Interface
SOURCE-MODULE gerbil/core/contract~TypedDefinitions
SOURCE-MODULE gerbil/core/contract~Interface
SOURCE-MODULE gerbil/core/contract~TypedDefinitions
SOURCE-MODULE gerbil/core/contract~Interface
SOURCE-MODULE gerbil/core/contract~TypedDefinitions
SOURCE-MODULE std/io/bio/port
SOURCE-MODULE gerbil/core/contract~Interface
SOURCE-MODULE gerbil/core/contract~TypedDefinitions
SOURCE-MODULE gerbil/core/contract~Interface
SOURCE-MODULE gerbil/core/contract~TypedDefinitions
SOURCE-MODULE gerbil/core/contract~Interface
SOURCE-MODULE gerbil/core/contract~TypedDefinitions
SOURCE-MODULE gerbil/core/contract~Interface
SOURCE-MODULE gerbil/core/contract~TypedDefinitions
SOURCE-MODULE gerbil/core/contract~Interface
SOURCE-MODULE gerbil/core/contract~TypedDefinitions
SOURCE-MODULE gerbil/core/contract~Interface
SOURCE-MODULE gerbil/core/contract~TypedDefinitions
SOURCE-MODULE gerbil/core/contract~Interface
SOURCE-MODULE gerbil/core/contract~TypedDefinitions
SOURCE-MODULE gerbil/core/contract~Interface
SOURCE-MODULE gerbil/core/contract~TypedDefinitions
SOURCE-MODULE gerbil/core/contract~Interface
SOURCE-MODULE gerbil/core/contract~TypedDefinitions
SOURCE-MODULE gerbil/core/contract~Interface
SOURCE-MODULE gerbil/core/contract~TypedDefinitions
SOURCE-MODULE std/io/bio/reader
SOURCE-MODULE std/io/bio/writer
SOURCE-MODULE std/io/bio/port
SOURCE-MODULE std/io/bio/api
SOURCE-MODULE std/interface
SOURCE-MODULE std/error
SOURCE-MODULE std/os/error
SOURCE-MODULE std/os/device
SOURCE-MODULE std/os/socket
SOURCE-MODULE std/os/sockopt
SOURCE-MODULE std/net/address/types
SOURCE-MODULE std/error
SOURCE-MODULE std/error
SOURCE-MODULE std/text/pregexp
SOURCE-MODULE std/net/address/types
SOURCE-MODULE gerbil/core/contract~Interface
SOURCE-MODULE gerbil/core/contract~TypedDefinitions
SOURCE-MODULE gerbil/core/contract~Interface
SOURCE-MODULE gerbil/core/contract~TypedDefinitions
SOURCE-MODULE gerbil/core/contract~Interface
SOURCE-MODULE gerbil/core/contract~TypedDefinitions
SOURCE-MODULE gerbil/core/contract~Interface
SOURCE-MODULE gerbil/core/contract~TypedDefinitions
SOURCE-MODULE gerbil/core/contract~Interface
SOURCE-MODULE gerbil/core/contract~TypedDefinitions
SOURCE-MODULE gerbil/core/contract~Interface
SOURCE-MODULE gerbil/core/contract~TypedDefinitions
SOURCE-MODULE gerbil/core/contract~Interface
SOURCE-MODULE gerbil/core/contract~TypedDefinitions
SOURCE-MODULE gerbil/core/contract~Interface
SOURCE-MODULE gerbil/core/contract~TypedDefinitions
SOURCE-MODULE std/net/address/parser
SOURCE-MODULE std/interface
SOURCE-MODULE std/error
SOURCE-MODULE gerbil/core/contract~Interface
SOURCE-MODULE gerbil/core/contract~TypedDefinitions
SOURCE-MODULE gerbil/core/contract~Interface
SOURCE-MODULE gerbil/core/contract~TypedDefinitions
SOURCE-MODULE gerbil/core/contract~Interface
SOURCE-MODULE gerbil/core/contract~TypedDefinitions
SOURCE-MODULE gerbil/core/contract~Interface
SOURCE-MODULE gerbil/core/contract~TypedDefinitions
SOURCE-MODULE gerbil/core/contract~Interface
SOURCE-MODULE gerbil/core/contract~TypedDefinitions
SOURCE-MODULE gerbil/core/contract~Interface
SOURCE-MODULE gerbil/core/contract~TypedDefinitions
SOURCE-MODULE gerbil/core/contract~Interface
SOURCE-MODULE gerbil/core/contract~TypedDefinitions
SOURCE-MODULE std/encoding/hex
SOURCE-MODULE std/interface
SOURCE-MODULE std/error
SOURCE-MODULE std/interface
SOURCE-MODULE std/io/interface
SOURCE-MODULE std/io/bio/api
SOURCE-MODULE std/interface
SOURCE-MODULE std/error
SOURCE-MODULE gerbil/core/contract~Interface
SOURCE-MODULE gerbil/core/contract~Interface
SOURCE-MODULE gerbil/core/contract~Interface
SOURCE-MODULE gerbil/core/contract~Interface
SOURCE-MODULE gerbil/core/contract~TypedDefinitions
SOURCE-MODULE gerbil/core/contract~Interface
SOURCE-MODULE gerbil/core/contract~TypedDefinitions
SOURCE-MODULE gerbil/core/contract~Interface
SOURCE-MODULE gerbil/core/contract~TypedDefinitions
SOURCE-MODULE std/serde/scan
SOURCE-MODULE gerbil/core/contract~Interface
SOURCE-MODULE gerbil/core/contract~Interface
SOURCE-MODULE gerbil/core/contract~Interface
SOURCE-MODULE gerbil/core/contract~Interface
SOURCE-MODULE gerbil/core/contract~Interface
SOURCE-MODULE gerbil/core/contract~Interface
SOURCE-MODULE gerbil/core/contract~Interface
SOURCE-MODULE gerbil/core/contract~Interface
SOURCE-MODULE gerbil/core/contract~Interface
SOURCE-MODULE gerbil/core/contract~Interface
SOURCE-MODULE gerbil/core/contract~Interface
SOURCE-MODULE gerbil/core/contract~Interface
SOURCE-MODULE gerbil/core/contract~Interface
SOURCE-MODULE gerbil/core/contract~Interface
SOURCE-MODULE gerbil/core/contract~Interface
SOURCE-MODULE gerbil/core/contract~Interface
SOURCE-MODULE gerbil/core/contract~Interface
SOURCE-MODULE gerbil/core/contract~Interface
SOURCE-MODULE gerbil/core/contract~Interface
SOURCE-MODULE gerbil/core/contract~Interface
SOURCE-MODULE gerbil/core/contract~Interface
SOURCE-MODULE gerbil/core/contract~Interface
SOURCE-MODULE gerbil/core/contract~Interface
SOURCE-MODULE gerbil/core/contract~Interface
SOURCE-MODULE gerbil/core/contract~Interface
SOURCE-MODULE gerbil/core/contract~Interface
SOURCE-MODULE gerbil/core/contract~Interface
SOURCE-MODULE gerbil/core/contract~Interface
SOURCE-MODULE gerbil/core/contract~Interface
SOURCE-MODULE gerbil/core/contract~Interface
SOURCE-MODULE gerbil/core/contract~Interface
SOURCE-MODULE gerbil/core/contract~Interface
SOURCE-MODULE gerbil/core/contract~Interface
SOURCE-MODULE gerbil/core/contract~Interface
SOURCE-MODULE gerbil/core/contract~Interface
SOURCE-MODULE gerbil/core/contract~Interface
SOURCE-MODULE gerbil/core/contract~Interface
SOURCE-MODULE gerbil/core/contract~Interface
SOURCE-MODULE gerbil/core/contract~Interface
SOURCE-MODULE gerbil/core/contract~Interface
SOURCE-MODULE gerbil/core/contract~Interface
SOURCE-MODULE gerbil/core/contract~Interface
SOURCE-MODULE gerbil/core/contract~Interface
SOURCE-MODULE gerbil/core/contract~Interface
SOURCE-MODULE gerbil/core/contract~Interface
SOURCE-MODULE gerbil/core/contract~Interface
SOURCE-MODULE gerbil/core/contract~Interface
SOURCE-MODULE gerbil/core/contract~Interface
SOURCE-MODULE gerbil/core/contract~Interface
SOURCE-MODULE gerbil/core/contract~Interface
SOURCE-MODULE gerbil/core/contract~Interface
SOURCE-MODULE gerbil/core/contract~Interface
SOURCE-MODULE gerbil/core/contract~Interface
SOURCE-MODULE gerbil/core/contract~Interface
SOURCE-MODULE gerbil/core/contract~Interface
SOURCE-MODULE gerbil/core/contract~Interface
SOURCE-MODULE gerbil/core/contract~Interface
SOURCE-MODULE gerbil/core/contract~Interface
SOURCE-MODULE gerbil/core/contract~Interface
SOURCE-MODULE gerbil/core/contract~Interface
SOURCE-MODULE gerbil/core/contract~Interface
SOURCE-MODULE gerbil/core/contract~Interface
SOURCE-MODULE gerbil/core/contract~Interface
SOURCE-MODULE gerbil/core/contract~Interface
SOURCE-MODULE gerbil/core/contract~Interface
SOURCE-MODULE gerbil/core/contract~Interface
SOURCE-MODULE gerbil/core/contract~Interface
SOURCE-MODULE gerbil/core/contract~Interface
SOURCE-MODULE gerbil/core/contract~Interface
SOURCE-MODULE gerbil/core/contract~Interface
SOURCE-MODULE gerbil/core/contract~Interface
SOURCE-MODULE gerbil/core/contract~Interface
SOURCE-MODULE gerbil/core/contract~Interface
SOURCE-MODULE gerbil/core/contract~Interface
SOURCE-MODULE gerbil/core/contract~Interface
SOURCE-MODULE gerbil/core/contract~Interface
SOURCE-MODULE gerbil/core/contract~Interface
SOURCE-MODULE gerbil/core/contract~Interface
SOURCE-MODULE gerbil/core/contract~Interface
SOURCE-MODULE gerbil/core/contract~Interface
SOURCE-MODULE gerbil/core/contract~Interface
SOURCE-MODULE gerbil/core/contract~Interface
SOURCE-MODULE gerbil/core/contract~Interface
SOURCE-MODULE gerbil/core/contract~Interface
SOURCE-MODULE gerbil/core/contract~Interface
SOURCE-MODULE gerbil/core/contract~Interface
SOURCE-MODULE gerbil/core/contract~Interface
SOURCE-MODULE gerbil/core/contract~Interface
SOURCE-MODULE gerbil/core/contract~Interface
SOURCE-MODULE gerbil/core/contract~Interface
SOURCE-MODULE gerbil/core/contract~Interface
SOURCE-MODULE gerbil/core/contract~Interface
SOURCE-MODULE gerbil/core/contract~Interface
SOURCE-MODULE gerbil/core/contract~Interface
SOURCE-MODULE gerbil/core/contract~Interface
SOURCE-MODULE gerbil/core/contract~Interface
SOURCE-MODULE gerbil/core/contract~Interface
SOURCE-MODULE gerbil/core/contract~Interface
SOURCE-MODULE gerbil/core/contract~Interface
SOURCE-MODULE gerbil/core/contract~Interface
SOURCE-MODULE gerbil/core/contract~Interface
SOURCE-MODULE gerbil/core/contract~Interface
SOURCE-MODULE gerbil/core/contract~Interface
SOURCE-MODULE gerbil/core/contract~Interface
SOURCE-MODULE gerbil/core/contract~Interface
SOURCE-MODULE gerbil/core/contract~Interface
SOURCE-MODULE gerbil/core/contract~Interface
SOURCE-MODULE gerbil/core/contract~Interface
SOURCE-MODULE gerbil/core/contract~Interface
SOURCE-MODULE gerbil/core/contract~Interface
SOURCE-MODULE gerbil/core/contract~Interface
SOURCE-MODULE gerbil/core/contract~Interface
SOURCE-MODULE gerbil/core/contract~Interface
SOURCE-MODULE gerbil/core/contract~Interface
SOURCE-MODULE gerbil/core/contract~Interface
SOURCE-MODULE gerbil/core/contract~Interface
SOURCE-MODULE gerbil/core/contract~Interface
SOURCE-MODULE gerbil/core/contract~Interface
SOURCE-MODULE gerbil/core/contract~Interface
SOURCE-MODULE gerbil/core/contract~Interface
SOURCE-MODULE gerbil/core/contract~Interface
SOURCE-MODULE gerbil/core/contract~Interface
SOURCE-MODULE gerbil/core/contract~Interface
SOURCE-MODULE gerbil/core/contract~Interface
SOURCE-MODULE gerbil/core/contract~Interface
SOURCE-MODULE gerbil/core/contract~Interface
SOURCE-MODULE gerbil/core/contract~Interface
SOURCE-MODULE gerbil/core/contract~Interface
SOURCE-MODULE gerbil/core/contract~Interface
SOURCE-MODULE gerbil/core/contract~Interface
SOURCE-MODULE gerbil/core/contract~Interface
SOURCE-MODULE gerbil/core/contract~Interface
SOURCE-MODULE std/error
SOURCE-MODULE std/serde/interface
SOURCE-MODULE std/io/interface
SOURCE-MODULE std/io/bio/api
SOURCE-MODULE std/serde/interface
SOURCE-MODULE std/serde/scan
SOURCE-MODULE std/interface
SOURCE-MODULE std/serde/scan
SOURCE-MODULE gerbil/core/contract~Interface
SOURCE-MODULE gerbil/core/contract~TypedDefinitions
SOURCE-MODULE std/serde/scanner
SOURCE-MODULE gerbil/core/contract~Interface
SOURCE-MODULE gerbil/core/contract~TypedDefinitions
SOURCE-MODULE gerbil/core/contract~Interface
SOURCE-MODULE gerbil/core/contract~Interface
SOURCE-MODULE std/io/bio/macros
SOURCE-MODULE gerbil/core/contract~Interface
SOURCE-MODULE gerbil/core/contract~Interface
SOURCE-MODULE gerbil/core/contract~Interface
SOURCE-MODULE std/io/bio/macros
SOURCE-MODULE gerbil/core/contract~Interface
SOURCE-MODULE gerbil/core/contract~Interface
SOURCE-MODULE gerbil/core/contract~Interface
SOURCE-MODULE std/io/bio/macros
SOURCE-MODULE std/serde/interface
SOURCE-MODULE gerbil/core/contract~Interface
SOURCE-MODULE gerbil/core/contract~Interface
SOURCE-MODULE gerbil/core/contract~Interface
SOURCE-MODULE std/io/bio/macros
SOURCE-MODULE gerbil/core/contract~Interface
SOURCE-MODULE gerbil/core/contract~Interface
SOURCE-MODULE gerbil/core/contract~Interface
SOURCE-MODULE std/io/bio/macros
SOURCE-MODULE gerbil/core/contract~Interface
SOURCE-MODULE gerbil/core/contract~Interface
SOURCE-MODULE gerbil/core/contract~Interface
SOURCE-MODULE std/io/bio/macros
SOURCE-MODULE gerbil/core/contract~Interface
SOURCE-MODULE gerbil/core/contract~Interface
SOURCE-MODULE gerbil/core/contract~Interface
SOURCE-MODULE std/io/bio/macros
SOURCE-MODULE gerbil/core/contract~Interface
SOURCE-MODULE gerbil/core/contract~Interface
SOURCE-MODULE gerbil/core/contract~Interface
SOURCE-MODULE std/io/bio/macros
SOURCE-MODULE std/serde/interface
SOURCE-MODULE gerbil/core/contract~Interface
SOURCE-MODULE gerbil/core/contract~Interface
SOURCE-MODULE gerbil/core/contract~Interface
SOURCE-MODULE std/io/bio/macros
SOURCE-MODULE gerbil/core/contract~Interface
SOURCE-MODULE gerbil/core/contract~Interface
SOURCE-MODULE gerbil/core/contract~Interface
SOURCE-MODULE std/io/bio/macros
SOURCE-MODULE std/serde/interface
SOURCE-MODULE gerbil/core/contract~Interface
SOURCE-MODULE gerbil/core/contract~Interface
SOURCE-MODULE gerbil/core/contract~Interface
SOURCE-MODULE std/io/bio/macros
SOURCE-MODULE std/serde/interface
SOURCE-MODULE gerbil/core/contract~Interface
SOURCE-MODULE gerbil/core/contract~Interface
SOURCE-MODULE gerbil/core/contract~Interface
SOURCE-MODULE std/io/bio/macros
SOURCE-MODULE std/serde/interface
SOURCE-MODULE gerbil/core/contract~Interface
SOURCE-MODULE gerbil/core/contract~Interface
SOURCE-MODULE gerbil/core/contract~Interface
SOURCE-MODULE std/io/bio/macros
SOURCE-MODULE std/serde/interface
SOURCE-MODULE gerbil/core/contract~Interface
SOURCE-MODULE gerbil/core/contract~Interface
SOURCE-MODULE gerbil/core/contract~Interface
SOURCE-MODULE std/io/bio/macros
SOURCE-MODULE std/serde/interface
SOURCE-MODULE gerbil/core/contract~Interface
SOURCE-MODULE gerbil/core/contract~Interface
SOURCE-MODULE gerbil/core/contract~Interface
SOURCE-MODULE std/io/bio/macros
SOURCE-MODULE std/serde/interface
SOURCE-MODULE gerbil/core/contract~Interface
SOURCE-MODULE gerbil/core/contract~Interface
SOURCE-MODULE gerbil/core/contract~Interface
SOURCE-MODULE std/io/bio/macros
SOURCE-MODULE std/serde/interface
SOURCE-MODULE gerbil/core/contract~Interface
SOURCE-MODULE gerbil/core/contract~Interface
SOURCE-MODULE gerbil/core/contract~Interface
SOURCE-MODULE std/io/bio/macros
SOURCE-MODULE std/serde/interface
SOURCE-MODULE gerbil/core/contract~Interface
SOURCE-MODULE gerbil/core/contract~Interface
SOURCE-MODULE gerbil/core/contract~Interface
SOURCE-MODULE std/io/bio/macros
SOURCE-MODULE std/serde/interface
SOURCE-MODULE gerbil/core/contract~Interface
SOURCE-MODULE gerbil/core/contract~Interface
SOURCE-MODULE gerbil/core/contract~Interface
SOURCE-MODULE std/io/bio/macros
SOURCE-MODULE std/serde/interface
SOURCE-MODULE gerbil/core/contract~Interface
SOURCE-MODULE gerbil/core/contract~Interface
SOURCE-MODULE gerbil/core/contract~Interface
SOURCE-MODULE std/io/bio/macros
SOURCE-MODULE std/serde/interface
SOURCE-MODULE gerbil/core/contract~Interface
SOURCE-MODULE gerbil/core/contract~Interface
SOURCE-MODULE gerbil/core/contract~Interface
SOURCE-MODULE std/io/bio/macros
SOURCE-MODULE std/serde/interface
SOURCE-MODULE gerbil/core/contract~Interface
SOURCE-MODULE gerbil/core/contract~Interface
SOURCE-MODULE gerbil/core/contract~Interface
SOURCE-MODULE std/io/bio/macros
SOURCE-MODULE std/serde/interface
SOURCE-MODULE gerbil/core/contract~Interface
SOURCE-MODULE gerbil/core/contract~Interface
SOURCE-MODULE gerbil/core/contract~Interface
SOURCE-MODULE std/io/bio/macros
SOURCE-MODULE std/serde/interface
SOURCE-MODULE gerbil/core/contract~Interface
SOURCE-MODULE gerbil/core/contract~Interface
SOURCE-MODULE gerbil/core/contract~Interface
SOURCE-MODULE std/io/bio/macros
SOURCE-MODULE std/serde/interface
SOURCE-MODULE gerbil/core/contract~Interface
SOURCE-MODULE gerbil/core/contract~Interface
SOURCE-MODULE gerbil/core/contract~Interface
SOURCE-MODULE std/io/bio/macros
SOURCE-MODULE std/serde/interface
SOURCE-MODULE gerbil/core/contract~Interface
SOURCE-MODULE gerbil/core/contract~Interface
SOURCE-MODULE gerbil/core/contract~Interface
SOURCE-MODULE std/io/bio/macros
SOURCE-MODULE std/serde/interface
SOURCE-MODULE gerbil/core/contract~Interface
SOURCE-MODULE gerbil/core/contract~Interface
SOURCE-MODULE gerbil/core/contract~Interface
SOURCE-MODULE std/io/bio/macros
SOURCE-MODULE std/serde/interface
SOURCE-MODULE gerbil/core/contract~Interface
SOURCE-MODULE gerbil/core/contract~Interface
SOURCE-MODULE gerbil/core/contract~Interface
SOURCE-MODULE std/io/bio/macros
SOURCE-MODULE std/serde/interface
SOURCE-MODULE gerbil/core/contract~Interface
SOURCE-MODULE gerbil/core/contract~Interface
SOURCE-MODULE gerbil/core/contract~Interface
SOURCE-MODULE std/io/bio/macros
SOURCE-MODULE std/serde/interface
SOURCE-MODULE gerbil/core/contract~Interface
SOURCE-MODULE gerbil/core/contract~Interface
SOURCE-MODULE gerbil/core/contract~Interface
SOURCE-MODULE std/io/bio/macros
SOURCE-MODULE std/serde/interface
SOURCE-MODULE gerbil/core/contract~Interface
SOURCE-MODULE gerbil/core/contract~Interface
SOURCE-MODULE gerbil/core/contract~Interface
SOURCE-MODULE std/io/bio/macros
SOURCE-MODULE std/serde/interface
SOURCE-MODULE gerbil/core/contract~Interface
SOURCE-MODULE gerbil/core/contract~Interface
SOURCE-MODULE gerbil/core/contract~Interface
SOURCE-MODULE std/io/bio/macros
SOURCE-MODULE std/serde/interface
SOURCE-MODULE gerbil/core/contract~Interface
SOURCE-MODULE gerbil/core/contract~Interface
SOURCE-MODULE gerbil/core/contract~Interface
SOURCE-MODULE std/io/bio/macros
SOURCE-MODULE std/serde/interface
SOURCE-MODULE gerbil/core/contract~Interface
SOURCE-MODULE gerbil/core/contract~Interface
SOURCE-MODULE gerbil/core/contract~Interface
SOURCE-MODULE std/io/bio/macros
SOURCE-MODULE std/serde/interface
SOURCE-MODULE gerbil/core/contract~Interface
SOURCE-MODULE gerbil/core/contract~Interface
SOURCE-MODULE gerbil/core/contract~Interface
SOURCE-MODULE std/io/bio/macros
SOURCE-MODULE std/serde/interface
SOURCE-MODULE gerbil/core/contract~Interface
SOURCE-MODULE gerbil/core/contract~Interface
SOURCE-MODULE gerbil/core/contract~Interface
SOURCE-MODULE std/io/bio/macros
SOURCE-MODULE std/serde/interface
SOURCE-MODULE gerbil/core/contract~Interface
SOURCE-MODULE gerbil/core/contract~Interface
SOURCE-MODULE gerbil/core/contract~Interface
SOURCE-MODULE std/io/bio/macros
SOURCE-MODULE std/serde/interface
SOURCE-MODULE gerbil/core/contract~Interface
SOURCE-MODULE gerbil/core/contract~Interface
SOURCE-MODULE gerbil/core/contract~Interface
SOURCE-MODULE std/io/bio/macros
SOURCE-MODULE std/serde/interface
SOURCE-MODULE gerbil/core/contract~Interface
SOURCE-MODULE gerbil/core/contract~Interface
SOURCE-MODULE gerbil/core/contract~Interface
SOURCE-MODULE std/io/bio/macros
SOURCE-MODULE std/serde/interface
SOURCE-MODULE gerbil/core/contract~Interface
SOURCE-MODULE gerbil/core/contract~Interface
SOURCE-MODULE gerbil/core/contract~Interface
SOURCE-MODULE std/io/bio/macros
SOURCE-MODULE std/serde/interface
SOURCE-MODULE gerbil/core/contract~Interface
SOURCE-MODULE std/serde/serialize
SOURCE-MODULE std/interface
SOURCE-MODULE std/error
SOURCE-MODULE std/hash/types
SOURCE-MODULE std/io/interface
SOURCE-MODULE std/io/bio/api
SOURCE-MODULE std/serde/interface
SOURCE-MODULE std/error
SOURCE-MODULE gerbil/core/contract~Interface
SOURCE-MODULE gerbil/core/contract~TypedDefinitions
SOURCE-MODULE gerbil/core/contract~Interface
SOURCE-MODULE gerbil/core/contract~TypedDefinitions
SOURCE-MODULE gerbil/core/contract~Interface
SOURCE-MODULE gerbil/core/contract~TypedDefinitions
SOURCE-MODULE std/serde/util
SOURCE-MODULE gerbil/core/contract~Interface
SOURCE-MODULE gerbil/core/contract~TypedDefinitions
SOURCE-MODULE gerbil/core/contract~Interface
SOURCE-MODULE gerbil/core/contract~TypedDefinitions
SOURCE-MODULE gerbil/core/contract~Interface
SOURCE-MODULE gerbil/core/contract~TypedDefinitions
SOURCE-MODULE gerbil/core/contract~Interface
SOURCE-MODULE gerbil/core/contract~TypedDefinitions
SOURCE-MODULE gerbil/core/contract~Interface
SOURCE-MODULE gerbil/core/contract~TypedDefinitions
SOURCE-MODULE gerbil/core/contract~Interface
SOURCE-MODULE gerbil/core/contract~TypedDefinitions
SOURCE-MODULE gerbil/core/contract~Interface
SOURCE-MODULE gerbil/core/contract~TypedDefinitions
SOURCE-MODULE std/serde/deserialize
SOURCE-MODULE std/io/interface
SOURCE-MODULE std/io/bio/api
SOURCE-MODULE std/io/bio/buffer
SOURCE-MODULE std/io/interface/bio
SOURCE-MODULE std/error
SOURCE-MODULE std/serde/scan
SOURCE-MODULE std/serde/interface
SOURCE-MODULE std/format/ascii
SOURCE-MODULE gerbil/core/contract~Interface
SOURCE-MODULE gerbil/core/contract~TypedDefinitions
SOURCE-MODULE std/format/env
SOURCE-MODULE std/io/interface
SOURCE-MODULE std/io/bio/api
SOURCE-MODULE std/serde/serialize
SOURCE-MODULE std/interface
SOURCE-MODULE std/cache
SOURCE-MODULE std/sync/spinlock
SOURCE-MODULE std/io/interface
SOURCE-MODULE std/io/bio/api
SOURCE-MODULE std/serde/interned
SOURCE-MODULE std/iter
SOURCE-MODULE std/error
SOURCE-MODULE std/io/interface
SOURCE-MODULE std/io/bio/writer
SOURCE-MODULE std/iter
SOURCE-MODULE std/list/list
SOURCE-MODULE gerbil/core/contract~Interface
SOURCE-MODULE gerbil/core/contract~TypedDefinitions
SOURCE-MODULE gerbil/core/contract~Interface
SOURCE-MODULE gerbil/core/contract~TypedDefinitions
SOURCE-MODULE gerbil/core/contract~Interface
SOURCE-MODULE gerbil/core/contract~TypedDefinitions
SOURCE-MODULE gerbil/core/contract~Interface
SOURCE-MODULE gerbil/core/contract~TypedDefinitions
SOURCE-MODULE gerbil/core/contract~Interface
SOURCE-MODULE gerbil/core/contract~TypedDefinitions
SOURCE-MODULE gerbil/core/contract~Interface
SOURCE-MODULE gerbil/core/contract~TypedDefinitions
SOURCE-MODULE gerbil/core/contract~Interface
SOURCE-MODULE gerbil/core/contract~TypedDefinitions
SOURCE-MODULE gerbil/core/contract~Interface
SOURCE-MODULE gerbil/core/contract~TypedDefinitions
SOURCE-MODULE gerbil/core/contract~Interface
SOURCE-MODULE gerbil/core/contract~TypedDefinitions
SOURCE-MODULE gerbil/core/contract~Interface
SOURCE-MODULE gerbil/core/contract~TypedDefinitions
SOURCE-MODULE gerbil/core/contract~Interface
SOURCE-MODULE gerbil/core/contract~TypedDefinitions
SOURCE-MODULE gerbil/core/contract~Interface
SOURCE-MODULE gerbil/core/contract~TypedDefinitions
SOURCE-MODULE gerbil/core/contract~Interface
SOURCE-MODULE gerbil/core/contract~TypedDefinitions
SOURCE-MODULE gerbil/core/contract~Interface
SOURCE-MODULE gerbil/core/contract~TypedDefinitions
SOURCE-MODULE gerbil/core/contract~Interface
SOURCE-MODULE gerbil/core/contract~TypedDefinitions
SOURCE-MODULE gerbil/core/contract~Interface
SOURCE-MODULE gerbil/core/contract~TypedDefinitions
SOURCE-MODULE gerbil/core/contract~Interface
SOURCE-MODULE gerbil/core/contract~TypedDefinitions
SOURCE-MODULE gerbil/core/contract~Interface
SOURCE-MODULE gerbil/core/contract~TypedDefinitions
SOURCE-MODULE gerbil/core/contract~Interface
SOURCE-MODULE gerbil/core/contract~TypedDefinitions
SOURCE-MODULE gerbil/core/contract~Interface
SOURCE-MODULE gerbil/core/contract~TypedDefinitions
SOURCE-MODULE gerbil/core/contract~Interface
SOURCE-MODULE gerbil/core/contract~TypedDefinitions
SOURCE-MODULE gerbil/core/contract~Interface
SOURCE-MODULE gerbil/core/contract~TypedDefinitions
SOURCE-MODULE gerbil/core/contract~Interface
SOURCE-MODULE gerbil/core/contract~TypedDefinitions
SOURCE-MODULE gerbil/core/contract~Interface
SOURCE-MODULE gerbil/core/contract~TypedDefinitions
SOURCE-MODULE gerbil/core/contract~Interface
SOURCE-MODULE gerbil/core/contract~TypedDefinitions
SOURCE-MODULE gerbil/core/contract~Interface
SOURCE-MODULE gerbil/core/contract~TypedDefinitions
SOURCE-MODULE gerbil/core/contract~Interface
SOURCE-MODULE gerbil/core/contract~TypedDefinitions
SOURCE-MODULE gerbil/core/contract~Interface
SOURCE-MODULE gerbil/core/contract~TypedDefinitions
SOURCE-MODULE gerbil/core/contract~Interface
SOURCE-MODULE gerbil/core/contract~TypedDefinitions
SOURCE-MODULE gerbil/core/contract~Interface
SOURCE-MODULE gerbil/core/contract~TypedDefinitions
SOURCE-MODULE gerbil/core/contract~Interface
SOURCE-MODULE gerbil/core/contract~TypedDefinitions
SOURCE-MODULE gerbil/core/contract~Interface
SOURCE-MODULE gerbil/core/contract~TypedDefinitions
SOURCE-MODULE gerbil/core/contract~Interface
SOURCE-MODULE gerbil/core/contract~TypedDefinitions
SOURCE-MODULE gerbil/core/contract~Interface
SOURCE-MODULE gerbil/core/contract~TypedDefinitions
SOURCE-MODULE gerbil/core/contract~Interface
SOURCE-MODULE gerbil/core/contract~TypedDefinitions
SOURCE-MODULE gerbil/core/contract~Interface
SOURCE-MODULE gerbil/core/contract~TypedDefinitions
SOURCE-MODULE gerbil/core/contract~Interface
SOURCE-MODULE gerbil/core/contract~TypedDefinitions
SOURCE-MODULE gerbil/core/contract~Interface
SOURCE-MODULE gerbil/core/contract~TypedDefinitions
SOURCE-MODULE gerbil/core/contract~Interface
SOURCE-MODULE gerbil/core/contract~TypedDefinitions
SOURCE-MODULE gerbil/core/contract~Interface
SOURCE-MODULE gerbil/core/contract~TypedDefinitions
SOURCE-MODULE gerbil/core/contract~Interface
SOURCE-MODULE gerbil/core/contract~TypedDefinitions
SOURCE-MODULE gerbil/core/contract~Interface
SOURCE-MODULE gerbil/core/contract~TypedDefinitions
SOURCE-MODULE gerbil/core/contract~Interface
SOURCE-MODULE gerbil/core/contract~TypedDefinitions
SOURCE-MODULE gerbil/core/contract~Interface
SOURCE-MODULE gerbil/core/contract~TypedDefinitions
SOURCE-MODULE gerbil/core/contract~Interface
SOURCE-MODULE gerbil/core/contract~TypedDefinitions
SOURCE-MODULE std/number/misc
SOURCE-MODULE std/error
SOURCE-MODULE gerbil/core/contract~Interface
SOURCE-MODULE gerbil/core/contract~TypedDefinitions
SOURCE-MODULE gerbil/core/contract~Interface
SOURCE-MODULE gerbil/core/contract~TypedDefinitions
SOURCE-MODULE gerbil/core/contract~Interface
SOURCE-MODULE gerbil/core/contract~TypedDefinitions
SOURCE-MODULE gerbil/core/contract~Interface
SOURCE-MODULE gerbil/core/contract~TypedDefinitions
SOURCE-MODULE gerbil/core/contract~Interface
SOURCE-MODULE gerbil/core/contract~TypedDefinitions
SOURCE-MODULE gerbil/core/contract~Interface
SOURCE-MODULE gerbil/core/contract~TypedDefinitions
SOURCE-MODULE gerbil/core/contract~Interface
SOURCE-MODULE gerbil/core/contract~TypedDefinitions
SOURCE-MODULE gerbil/core/contract~Interface
SOURCE-MODULE gerbil/core/contract~TypedDefinitions
SOURCE-MODULE gerbil/core/contract~Interface
SOURCE-MODULE gerbil/core/contract~TypedDefinitions
SOURCE-MODULE gerbil/core/contract~Interface
SOURCE-MODULE gerbil/core/contract~TypedDefinitions
SOURCE-MODULE gerbil/core/contract~Interface
SOURCE-MODULE gerbil/core/contract~TypedDefinitions
SOURCE-MODULE gerbil/core/contract~Interface
SOURCE-MODULE gerbil/core/contract~TypedDefinitions
SOURCE-MODULE gerbil/core/contract~Interface
SOURCE-MODULE gerbil/core/contract~TypedDefinitions
SOURCE-MODULE gerbil/core/contract~Interface
SOURCE-MODULE gerbil/core/contract~TypedDefinitions
SOURCE-MODULE gerbil/core/contract~Interface
SOURCE-MODULE gerbil/core/contract~TypedDefinitions
SOURCE-MODULE gerbil/core/contract~Interface
SOURCE-MODULE gerbil/core/contract~TypedDefinitions
SOURCE-MODULE gerbil/core/contract~Interface
SOURCE-MODULE gerbil/core/contract~TypedDefinitions
SOURCE-MODULE gerbil/core/contract~Interface
SOURCE-MODULE gerbil/core/contract~TypedDefinitions
SOURCE-MODULE gerbil/core/contract~Interface
SOURCE-MODULE gerbil/core/contract~TypedDefinitions
SOURCE-MODULE gerbil/core/contract~Interface
SOURCE-MODULE gerbil/core/contract~TypedDefinitions
SOURCE-MODULE gerbil/core/contract~Interface
SOURCE-MODULE gerbil/core/contract~TypedDefinitions
SOURCE-MODULE gerbil/core/contract~Interface
SOURCE-MODULE gerbil/core/contract~TypedDefinitions
SOURCE-MODULE gerbil/core/contract~Interface
SOURCE-MODULE gerbil/core/contract~TypedDefinitions
SOURCE-MODULE std/text/parser/char-set
SOURCE-MODULE gerbil/core/contract~Interface
SOURCE-MODULE gerbil/core/contract~TypedDefinitions
SOURCE-MODULE gerbil/core/contract~Interface
SOURCE-MODULE gerbil/core/contract~TypedDefinitions
SOURCE-MODULE std/number/writer
SOURCE-MODULE std/format/ascii
SOURCE-MODULE std/format/env
SOURCE-MODULE gerbil/core/contract~Interface
SOURCE-MODULE gerbil/core/contract~Interface
SOURCE-MODULE std/io/bio/macros
SOURCE-MODULE gerbil/core/contract~Interface
SOURCE-MODULE gerbil/core/contract~Interface
SOURCE-MODULE gerbil/core/contract~Interface
SOURCE-MODULE std/io/bio/macros
SOURCE-MODULE gerbil/core/contract~Interface
SOURCE-MODULE gerbil/core/contract~Interface
SOURCE-MODULE gerbil/core/contract~Interface
SOURCE-MODULE std/io/bio/macros
SOURCE-MODULE gerbil/core/contract~Interface
SOURCE-MODULE gerbil/core/contract~Interface
SOURCE-MODULE gerbil/core/contract~Interface
SOURCE-MODULE std/io/bio/macros
SOURCE-MODULE gerbil/core/contract~Interface
SOURCE-MODULE gerbil/core/contract~Interface
SOURCE-MODULE gerbil/core/contract~Interface
SOURCE-MODULE std/io/bio/macros
SOURCE-MODULE gerbil/core/contract~Interface
SOURCE-MODULE gerbil/core/contract~Interface
SOURCE-MODULE gerbil/core/contract~Interface
SOURCE-MODULE std/io/bio/macros
SOURCE-MODULE gerbil/core/contract~Interface
SOURCE-MODULE gerbil/core/contract~Interface
SOURCE-MODULE gerbil/core/contract~Interface
SOURCE-MODULE std/io/bio/macros
SOURCE-MODULE gerbil/core/contract~Interface
SOURCE-MODULE gerbil/core/contract~Interface
SOURCE-MODULE gerbil/core/contract~Interface
SOURCE-MODULE std/io/bio/macros
SOURCE-MODULE gerbil/core/contract~Interface
SOURCE-MODULE gerbil/core/contract~Interface
SOURCE-MODULE gerbil/core/contract~Interface
SOURCE-MODULE std/io/bio/macros
SOURCE-MODULE gerbil/core/contract~Interface
SOURCE-MODULE gerbil/core/contract~Interface
SOURCE-MODULE gerbil/core/contract~Interface
SOURCE-MODULE std/io/bio/macros
SOURCE-MODULE gerbil/core/contract~Interface
SOURCE-MODULE gerbil/core/contract~Interface
SOURCE-MODULE gerbil/core/contract~Interface
SOURCE-MODULE std/io/bio/macros
SOURCE-MODULE gerbil/core/contract~Interface
SOURCE-MODULE gerbil/core/contract~Interface
SOURCE-MODULE gerbil/core/contract~Interface
SOURCE-MODULE std/io/bio/macros
SOURCE-MODULE gerbil/core/contract~Interface
SOURCE-MODULE gerbil/core/contract~Interface
SOURCE-MODULE gerbil/core/contract~Interface
SOURCE-MODULE std/io/bio/macros
SOURCE-MODULE gerbil/core/contract~Interface
SOURCE-MODULE gerbil/core/contract~Interface
SOURCE-MODULE gerbil/core/contract~Interface
SOURCE-MODULE std/io/bio/macros
SOURCE-MODULE gerbil/core/contract~Interface
SOURCE-MODULE gerbil/core/contract~Interface
SOURCE-MODULE gerbil/core/contract~Interface
SOURCE-MODULE std/io/bio/macros
SOURCE-MODULE gerbil/core/contract~Interface
SOURCE-MODULE gerbil/core/contract~Interface
SOURCE-MODULE gerbil/core/contract~Interface
SOURCE-MODULE std/io/bio/macros
SOURCE-MODULE gerbil/core/contract~Interface
SOURCE-MODULE gerbil/core/contract~Interface
SOURCE-MODULE gerbil/core/contract~Interface
SOURCE-MODULE std/io/bio/macros
SOURCE-MODULE gerbil/core/contract~Interface
SOURCE-MODULE gerbil/core/contract~Interface
SOURCE-MODULE gerbil/core/contract~Interface
SOURCE-MODULE std/io/bio/macros
SOURCE-MODULE gerbil/core/contract~Interface
SOURCE-MODULE gerbil/core/contract~Interface
SOURCE-MODULE gerbil/core/contract~Interface
SOURCE-MODULE std/io/bio/macros
SOURCE-MODULE gerbil/core/contract~Interface
SOURCE-MODULE gerbil/core/contract~Interface
SOURCE-MODULE gerbil/core/contract~Interface
SOURCE-MODULE std/io/bio/macros
SOURCE-MODULE gerbil/core/contract~Interface
SOURCE-MODULE gerbil/core/contract~Interface
SOURCE-MODULE gerbil/core/contract~Interface
SOURCE-MODULE std/io/bio/macros
SOURCE-MODULE gerbil/core/contract~Interface
SOURCE-MODULE gerbil/core/contract~Interface
SOURCE-MODULE gerbil/core/contract~Interface
SOURCE-MODULE std/io/bio/macros
SOURCE-MODULE gerbil/core/contract~Interface
SOURCE-MODULE gerbil/core/contract~Interface
SOURCE-MODULE gerbil/core/contract~Interface
SOURCE-MODULE std/io/bio/macros
SOURCE-MODULE gerbil/core/contract~Interface
SOURCE-MODULE gerbil/core/contract~Interface
SOURCE-MODULE gerbil/core/contract~Interface
SOURCE-MODULE std/io/bio/macros
SOURCE-MODULE gerbil/core/contract~Interface
SOURCE-MODULE gerbil/core/contract~Interface
SOURCE-MODULE gerbil/core/contract~Interface
SOURCE-MODULE std/io/bio/macros
SOURCE-MODULE gerbil/core/contract~Interface
SOURCE-MODULE gerbil/core/contract~Interface
SOURCE-MODULE gerbil/core/contract~TypedDefinitions
SOURCE-MODULE gerbil/core/contract~Interface
SOURCE-MODULE gerbil/core/contract~TypedDefinitions
SOURCE-MODULE gerbil/core/contract~Interface
SOURCE-MODULE gerbil/core/contract~Interface
SOURCE-MODULE std/io/bio/macros
SOURCE-MODULE gerbil/core/contract~Interface
SOURCE-MODULE gerbil/core/contract~Interface
SOURCE-MODULE gerbil/core/contract~TypedDefinitions
SOURCE-MODULE gerbil/core/contract~Interface
SOURCE-MODULE gerbil/core/contract~TypedDefinitions
SOURCE-MODULE gerbil/core/contract~Interface
SOURCE-MODULE gerbil/core/contract~TypedDefinitions
SOURCE-MODULE gerbil/core/contract~Interface
SOURCE-MODULE gerbil/core/contract~TypedDefinitions
SOURCE-MODULE gerbil/core/contract~Interface
SOURCE-MODULE gerbil/core/contract~Interface
SOURCE-MODULE std/io/bio/macros
SOURCE-MODULE gerbil/core/contract~Interface
SOURCE-MODULE gerbil/core/contract~Interface
SOURCE-MODULE gerbil/core/contract~Interface
SOURCE-MODULE std/io/bio/macros
SOURCE-MODULE gerbil/core/contract~Interface
SOURCE-MODULE gerbil/core/contract~Interface
SOURCE-MODULE gerbil/core/contract~Interface
SOURCE-MODULE std/io/bio/macros
SOURCE-MODULE gerbil/core/contract~Interface
SOURCE-MODULE gerbil/core/contract~Interface
SOURCE-MODULE gerbil/core/contract~Interface
SOURCE-MODULE std/io/bio/macros
SOURCE-MODULE gerbil/core/contract~Interface
SOURCE-MODULE gerbil/core/contract~Interface
SOURCE-MODULE gerbil/core/contract~Interface
SOURCE-MODULE std/io/bio/macros
SOURCE-MODULE gerbil/core/contract~Interface
SOURCE-MODULE gerbil/core/contract~Interface
SOURCE-MODULE gerbil/core/contract~Interface
SOURCE-MODULE std/io/bio/macros
SOURCE-MODULE gerbil/core/contract~Interface
SOURCE-MODULE gerbil/core/contract~Interface
SOURCE-MODULE gerbil/core/contract~Interface
SOURCE-MODULE std/io/bio/macros
SOURCE-MODULE gerbil/core/contract~Interface
SOURCE-MODULE gerbil/core/contract~Interface
SOURCE-MODULE gerbil/core/contract~Interface
SOURCE-MODULE std/io/bio/macros
SOURCE-MODULE gerbil/core/contract~Interface
SOURCE-MODULE gerbil/core/contract~Interface
SOURCE-MODULE gerbil/core/contract~Interface
SOURCE-MODULE std/io/bio/macros
SOURCE-MODULE gerbil/core/contract~Interface
SOURCE-MODULE gerbil/core/contract~Interface
SOURCE-MODULE gerbil/core/contract~Interface
SOURCE-MODULE std/io/bio/macros
SOURCE-MODULE gerbil/core/contract~Interface
SOURCE-MODULE gerbil/core/contract~Interface
SOURCE-MODULE gerbil/core/contract~Interface
SOURCE-MODULE std/io/bio/macros
SOURCE-MODULE gerbil/core/contract~Interface
SOURCE-MODULE gerbil/core/contract~Interface
SOURCE-MODULE gerbil/core/contract~Interface
SOURCE-MODULE std/io/bio/macros
SOURCE-MODULE gerbil/core/contract~Interface
SOURCE-MODULE gerbil/core/contract~Interface
SOURCE-MODULE gerbil/core/contract~Interface
SOURCE-MODULE std/io/bio/macros
SOURCE-MODULE gerbil/core/contract~Interface
SOURCE-MODULE gerbil/core/contract~Interface
SOURCE-MODULE gerbil/core/contract~Interface
SOURCE-MODULE std/io/bio/macros
SOURCE-MODULE gerbil/core/contract~Interface
SOURCE-MODULE gerbil/core/contract~Interface
SOURCE-MODULE gerbil/core/contract~Interface
SOURCE-MODULE std/io/bio/macros
SOURCE-MODULE gerbil/core/contract~Interface
SOURCE-MODULE gerbil/core/contract~Interface
SOURCE-MODULE gerbil/core/contract~Interface
SOURCE-MODULE std/io/bio/macros
SOURCE-MODULE gerbil/core/contract~Interface
SOURCE-MODULE gerbil/core/contract~Interface
SOURCE-MODULE gerbil/core/contract~Interface
SOURCE-MODULE std/io/bio/macros
SOURCE-MODULE gerbil/core/contract~Interface
SOURCE-MODULE gerbil/core/contract~Interface
SOURCE-MODULE gerbil/core/contract~Interface
SOURCE-MODULE std/io/bio/macros
SOURCE-MODULE gerbil/core/contract~Interface
SOURCE-MODULE gerbil/core/contract~Interface
SOURCE-MODULE gerbil/core/contract~Interface
SOURCE-MODULE std/io/bio/macros
SOURCE-MODULE gerbil/core/contract~Interface
SOURCE-MODULE gerbil/core/contract~Interface
SOURCE-MODULE gerbil/core/contract~Interface
SOURCE-MODULE std/io/bio/macros
SOURCE-MODULE gerbil/core/contract~Interface
SOURCE-MODULE gerbil/core/contract~Interface
SOURCE-MODULE gerbil/core/contract~Interface
SOURCE-MODULE std/io/bio/macros
SOURCE-MODULE gerbil/core/contract~Interface
SOURCE-MODULE std/format/ioutil
SOURCE-MODULE std/io/interface
SOURCE-MODULE std/serde/interface
SOURCE-MODULE std/serde/serialize
SOURCE-MODULE std/serde/deserialize
SOURCE-MODULE std/format/env
SOURCE-MODULE std/format/ioutil
SOURCE-MODULE std/error
SOURCE-MODULE std/interface
SOURCE-MODULE std/io/interface
SOURCE-MODULE std/io/bio/api
SOURCE-MODULE std/io/bio/cache
SOURCE-MODULE std/serde/interface
SOURCE-MODULE std/serde/serialize
SOURCE-MODULE std/iter
SOURCE-MODULE std/format/env
SOURCE-MODULE std/format/ascii
SOURCE-MODULE std/format/ioutil
SOURCE-MODULE std/ffi
SOURCE-MODULE gerbil/core/contract~Interface
SOURCE-MODULE gerbil/core/contract~TypedDefinitions
SOURCE-MODULE gerbil/core/contract~Interface
SOURCE-MODULE gerbil/core/contract~TypedDefinitions
SOURCE-MODULE gerbil/core/contract~Interface
SOURCE-MODULE gerbil/core/contract~TypedDefinitions
SOURCE-MODULE gerbil/core/contract~Interface
SOURCE-MODULE gerbil/core/contract~TypedDefinitions
SOURCE-MODULE gerbil/core/contract~Interface
SOURCE-MODULE gerbil/core/contract~Interface
SOURCE-MODULE std/io/bio/macros
SOURCE-MODULE gerbil/core/contract~Interface
SOURCE-MODULE gerbil/core/contract~Interface
SOURCE-MODULE gerbil/core/contract~TypedDefinitions
SOURCE-MODULE std/format/writer
SOURCE-MODULE std/error
SOURCE-MODULE std/interface
SOURCE-MODULE std/io/interface
SOURCE-MODULE std/io/bio/api
SOURCE-MODULE std/io/bio/cache
SOURCE-MODULE std/serde/interface
SOURCE-MODULE std/serde/deserialize
SOURCE-MODULE std/iter
SOURCE-MODULE std/format/env
SOURCE-MODULE std/format/ascii
SOURCE-MODULE std/format/ioutil
SOURCE-MODULE gerbil/core/contract~Interface
SOURCE-MODULE gerbil/core/contract~TypedDefinitions
SOURCE-MODULE gerbil/core/contract~Interface
SOURCE-MODULE gerbil/core/contract~TypedDefinitions
SOURCE-MODULE gerbil/core/contract~Interface
SOURCE-MODULE gerbil/core/contract~TypedDefinitions
SOURCE-MODULE gerbil/core/contract~Interface
SOURCE-MODULE gerbil/core/contract~TypedDefinitions
SOURCE-MODULE gerbil/core/contract~Interface
SOURCE-MODULE gerbil/core/contract~TypedDefinitions
SOURCE-MODULE gerbil/core/contract~Interface
SOURCE-MODULE gerbil/core/contract~TypedDefinitions
SOURCE-MODULE gerbil/core/contract~Interface
SOURCE-MODULE gerbil/core/contract~TypedDefinitions
SOURCE-MODULE gerbil/core/contract~Interface
SOURCE-MODULE gerbil/core/contract~TypedDefinitions
SOURCE-MODULE gerbil/core/contract~Interface
SOURCE-MODULE gerbil/core/contract~TypedDefinitions
SOURCE-MODULE gerbil/core/contract~Interface
SOURCE-MODULE gerbil/core/contract~TypedDefinitions
SOURCE-MODULE gerbil/core/contract~Interface
SOURCE-MODULE gerbil/core/contract~TypedDefinitions
SOURCE-MODULE gerbil/core/contract~Interface
SOURCE-MODULE gerbil/core/contract~TypedDefinitions
SOURCE-MODULE gerbil/core/contract~Interface
SOURCE-MODULE gerbil/core/contract~TypedDefinitions
SOURCE-MODULE gerbil/core/contract~Interface
SOURCE-MODULE gerbil/core/contract~TypedDefinitions
SOURCE-MODULE gerbil/core/contract~Interface
SOURCE-MODULE gerbil/core/contract~TypedDefinitions
SOURCE-MODULE gerbil/core/contract~Interface
SOURCE-MODULE gerbil/core/contract~TypedDefinitions
SOURCE-MODULE gerbil/core/contract~Interface
SOURCE-MODULE gerbil/core/contract~TypedDefinitions
SOURCE-MODULE gerbil/core/contract~Interface
SOURCE-MODULE gerbil/core/contract~TypedDefinitions
SOURCE-MODULE gerbil/core/contract~Interface
SOURCE-MODULE gerbil/core/contract~TypedDefinitions
SOURCE-MODULE gerbil/core/contract~Interface
SOURCE-MODULE gerbil/core/contract~TypedDefinitions
SOURCE-MODULE gerbil/core/contract~Interface
SOURCE-MODULE gerbil/core/contract~TypedDefinitions
SOURCE-MODULE gerbil/core/contract~Interface
SOURCE-MODULE gerbil/core/contract~TypedDefinitions
SOURCE-MODULE gerbil/core/contract~Interface
SOURCE-MODULE gerbil/core/contract~TypedDefinitions
SOURCE-MODULE gerbil/core/contract~Interface
SOURCE-MODULE gerbil/core/contract~TypedDefinitions
SOURCE-MODULE gerbil/core/contract~Interface
SOURCE-MODULE gerbil/core/contract~TypedDefinitions
SOURCE-MODULE gerbil/core/contract~Interface
SOURCE-MODULE gerbil/core/contract~TypedDefinitions
SOURCE-MODULE gerbil/core/contract~Interface
SOURCE-MODULE gerbil/core/contract~TypedDefinitions
SOURCE-MODULE gerbil/core/contract~Interface
SOURCE-MODULE gerbil/core/contract~TypedDefinitions
SOURCE-MODULE gerbil/core/contract~Interface
SOURCE-MODULE gerbil/core/contract~TypedDefinitions
SOURCE-MODULE gerbil/core/contract~Interface
SOURCE-MODULE gerbil/core/contract~TypedDefinitions
SOURCE-MODULE gerbil/core/contract~Interface
SOURCE-MODULE gerbil/core/contract~TypedDefinitions
SOURCE-MODULE gerbil/core/contract~Interface
SOURCE-MODULE gerbil/core/contract~TypedDefinitions
SOURCE-MODULE std/format/reader
SOURCE-MODULE gerbil/core/contract~Interface
SOURCE-MODULE gerbil/core/contract~TypedDefinitions
SOURCE-MODULE gerbil/core/contract~Interface
SOURCE-MODULE gerbil/core/contract~TypedDefinitions
SOURCE-MODULE gerbil/core/contract~Interface
SOURCE-MODULE gerbil/core/contract~TypedDefinitions
SOURCE-MODULE gerbil/core/contract~Interface
SOURCE-MODULE gerbil/core/contract~TypedDefinitions
SOURCE-MODULE gerbil/core/contract~Interface
SOURCE-MODULE gerbil/core/contract~TypedDefinitions
SOURCE-MODULE std/format/io
SOURCE-MODULE std/format/writer
SOURCE-MODULE std/error
SOURCE-MODULE std/io/interface
SOURCE-MODULE std/io/bio/api
SOURCE-MODULE std/io/bio/buffer
SOURCE-MODULE std/serde/interface
SOURCE-MODULE std/serde/serialize
SOURCE-MODULE std/format/ascii
SOURCE-MODULE gerbil/core/contract~Interface
SOURCE-MODULE gerbil/core/contract~TypedDefinitions
SOURCE-MODULE gerbil/core/contract~TypedDefinitions
SOURCE-MODULE gerbil/core/contract~Interface
SOURCE-MODULE gerbil/core/contract~TypedDefinitions
SOURCE-MODULE gerbil/core/contract~Interface
SOURCE-MODULE gerbil/core/contract~TypedDefinitions
SOURCE-MODULE gerbil/core/contract~Interface
SOURCE-MODULE gerbil/core/contract~TypedDefinitions
SOURCE-MODULE gerbil/core/contract~Interface
SOURCE-MODULE gerbil/core/contract~TypedDefinitions
SOURCE-MODULE gerbil/core/contract~Interface
SOURCE-MODULE gerbil/core/contract~TypedDefinitions
SOURCE-MODULE gerbil/core/contract~Interface
SOURCE-MODULE gerbil/core/contract~TypedDefinitions
SOURCE-MODULE std/format/format-string
SOURCE-MODULE std/format/env
SOURCE-MODULE std/format/ioutil
SOURCE-MODULE std/format/writer
SOURCE-MODULE std/format/io
SOURCE-MODULE gerbil/core/contract~Interface
SOURCE-MODULE gerbil/core/contract~TypedDefinitions
SOURCE-MODULE gerbil/core/contract~Interface
SOURCE-MODULE gerbil/core/contract~TypedDefinitions
SOURCE-MODULE gerbil/core/contract~Interface
SOURCE-MODULE gerbil/core/contract~TypedDefinitions
SOURCE-MODULE gerbil/core/contract~Interface
SOURCE-MODULE gerbil/core/contract~TypedDefinitions
SOURCE-MODULE gerbil/core/contract~Interface
SOURCE-MODULE gerbil/core/contract~TypedDefinitions
SOURCE-MODULE std/format/format
SOURCE-MODULE std/format/reader
SOURCE-MODULE std/format/format-string
SOURCE-MODULE std/format/env
SOURCE-MODULE gerbil/core/contract~Interface
SOURCE-MODULE gerbil/core/contract~TypedDefinitions
SOURCE-MODULE gerbil/core/contract~Interface
SOURCE-MODULE gerbil/core/contract~TypedDefinitions
SOURCE-MODULE gerbil/core/contract~Interface
SOURCE-MODULE gerbil/core/contract~TypedDefinitions
SOURCE-MODULE std/io/bio/api
SOURCE-MODULE std/io/interface/bio
SOURCE-MODULE std/format/ioutil
SOURCE-MODULE std/format/writer
SOURCE-MODULE std/format/api
SOURCE-MODULE std/format/api
SOURCE-MODULE std/format
SOURCE-MODULE gerbil/core/contract~Interface
SOURCE-MODULE gerbil/core/contract~Interface
SOURCE-MODULE gerbil/core/contract~Interface
SOURCE-MODULE std/string/stringer
SOURCE-MODULE std/format/ascii
SOURCE-MODULE std/net/address/types
SOURCE-MODULE gerbil/core/contract~Interface
SOURCE-MODULE gerbil/core/contract~TypedDefinitions
SOURCE-MODULE gerbil/core/contract~Interface
SOURCE-MODULE gerbil/core/contract~TypedDefinitions
SOURCE-MODULE gerbil/core/contract~Interface
SOURCE-MODULE gerbil/core/contract~TypedDefinitions
SOURCE-MODULE gerbil/core/contract~Interface
SOURCE-MODULE gerbil/core/contract~TypedDefinitions
SOURCE-MODULE gerbil/core/contract~Interface
SOURCE-MODULE gerbil/core/contract~TypedDefinitions
SOURCE-MODULE std/net/address/stringer
SOURCE-MODULE std/interface
SOURCE-MODULE std/error
SOURCE-MODULE gerbil/core/contract~Interface
SOURCE-MODULE gerbil/core/contract~TypedDefinitions
SOURCE-MODULE std/list/random
SOURCE-MODULE std/string/stringer
SOURCE-MODULE std/net/address/types
SOURCE-MODULE std/net/address/stringer
SOURCE-MODULE std/error
SOURCE-MODULE gerbil/core/contract~Interface
SOURCE-MODULE gerbil/core/contract~Interface
SOURCE-MODULE gerbil/core/contract~Interface
SOURCE-MODULE gerbil/core/contract~Interface
SOURCE-MODULE gerbil/core/contract~Interface
SOURCE-MODULE gerbil/core/contract~Interface
SOURCE-MODULE gerbil/core/contract~Interface
SOURCE-MODULE gerbil/core/contract~TypedDefinitions
SOURCE-MODULE std/net/address/resolver
SOURCE-MODULE std/serde/interface
SOURCE-MODULE std/serde/deserialize
SOURCE-MODULE std/net/address/types
SOURCE-MODULE std/net/address/serde
SOURCE-MODULE std/net/address/api
SOURCE-MODULE std/net/address/api
SOURCE-MODULE std/net/address
SOURCE-MODULE std/error
SOURCE-MODULE std/interface
SOURCE-MODULE gerbil/core/contract~Interface
SOURCE-MODULE gerbil/core/contract~TypedDefinitions
SOURCE-MODULE gerbil/core/contract~Interface
SOURCE-MODULE gerbil/core/contract~TypedDefinitions
SOURCE-MODULE gerbil/core/contract~Interface
SOURCE-MODULE gerbil/core/contract~TypedDefinitions
SOURCE-MODULE gerbil/core/contract~Interface
SOURCE-MODULE gerbil/core/contract~TypedDefinitions
SOURCE-MODULE gerbil/core/contract~Interface
SOURCE-MODULE gerbil/core/contract~TypedDefinitions
SOURCE-MODULE gerbil/core/contract~Interface
SOURCE-MODULE gerbil/core/contract~TypedDefinitions
SOURCE-MODULE std/sync/rwlock
SOURCE-MODULE std/time/timeout
SOURCE-MODULE std/io/interface
SOURCE-MODULE std/os/socket
SOURCE-MODULE std/time/timeout
SOURCE-MODULE std/net/address
SOURCE-MODULE std/sync/rwlock
SOURCE-MODULE gerbil/core/contract~Interface
SOURCE-MODULE gerbil/core/contract~TypedDefinitions
SOURCE-MODULE gerbil/core/contract~TypedDefinitions
SOURCE-MODULE gerbil/core/contract~Interface
SOURCE-MODULE gerbil/core/contract~TypedDefinitions
SOURCE-MODULE gerbil/core/contract~Interface
SOURCE-MODULE gerbil/core/contract~TypedDefinitions
SOURCE-MODULE gerbil/core/contract~TypedDefinitions
SOURCE-MODULE gerbil/core/contract~Interface
SOURCE-MODULE gerbil/core/contract~TypedDefinitions
SOURCE-MODULE gerbil/core/contract~Interface
SOURCE-MODULE gerbil/core/contract~TypedDefinitions
SOURCE-MODULE gerbil/core/contract~TypedDefinitions
SOURCE-MODULE gerbil/core/contract~Interface
SOURCE-MODULE gerbil/core/contract~TypedDefinitions
SOURCE-MODULE gerbil/core/contract~Interface
SOURCE-MODULE gerbil/core/contract~TypedDefinitions
SOURCE-MODULE gerbil/core/contract~TypedDefinitions
SOURCE-MODULE gerbil/core/contract~Interface
SOURCE-MODULE gerbil/core/contract~TypedDefinitions
SOURCE-MODULE gerbil/core/contract~Interface
SOURCE-MODULE gerbil/core/contract~TypedDefinitions
SOURCE-MODULE gerbil/core/contract~TypedDefinitions
SOURCE-MODULE gerbil/core/contract~Interface
SOURCE-MODULE gerbil/core/contract~TypedDefinitions
SOURCE-MODULE std/io/socket/types
SOURCE-MODULE std/error
SOURCE-MODULE std/os/socket
SOURCE-MODULE std/os/sockaddr
SOURCE-MODULE std/net/address/types
SOURCE-MODULE gerbil/core/contract~Interface
SOURCE-MODULE gerbil/core/contract~TypedDefinitions
SOURCE-MODULE gerbil/core/contract~Interface
SOURCE-MODULE gerbil/core/contract~TypedDefinitions
SOURCE-MODULE gerbil/core/contract~Interface
SOURCE-MODULE gerbil/core/contract~TypedDefinitions
SOURCE-MODULE std/io/socket/sockaddr
SOURCE-MODULE std/error
SOURCE-MODULE std/os/error
SOURCE-MODULE std/os/device
SOURCE-MODULE std/os/socket
SOURCE-MODULE std/os/sockaddr
SOURCE-MODULE std/os/sockopt
SOURCE-MODULE std/net/address/types
SOURCE-MODULE std/time/timeout
SOURCE-MODULE std/io/socket/types
SOURCE-MODULE std/io/socket/sockaddr
SOURCE-MODULE gerbil/core/contract~Interface
SOURCE-MODULE gerbil/core/contract~TypedDefinitions
SOURCE-MODULE gerbil/core/contract~Interface
SOURCE-MODULE gerbil/core/contract~TypedDefinitions
SOURCE-MODULE std/io/socket/socket
SOURCE-MODULE std/error
SOURCE-MODULE std/os/device
SOURCE-MODULE std/os/socket
SOURCE-MODULE std/os/sockaddr
SOURCE-MODULE std/os/sockopt
SOURCE-MODULE std/net/address/types
SOURCE-MODULE std/time/timeout
SOURCE-MODULE std/sync/rwlock
SOURCE-MODULE std/io/socket/types
SOURCE-MODULE std/io/socket/sockaddr
SOURCE-MODULE gerbil/core/contract~Interface
SOURCE-MODULE gerbil/core/contract~TypedDefinitions
SOURCE-MODULE gerbil/core/contract~Interface
SOURCE-MODULE gerbil/core/contract~TypedDefinitions
SOURCE-MODULE gerbil/core/contract~Interface
SOURCE-MODULE gerbil/core/contract~TypedDefinitions
SOURCE-MODULE gerbil/core/contract~Interface
SOURCE-MODULE gerbil/core/contract~TypedDefinitions
SOURCE-MODULE gerbil/core/contract~Interface
SOURCE-MODULE gerbil/core/contract~TypedDefinitions
SOURCE-MODULE gerbil/core/contract~Interface
SOURCE-MODULE gerbil/core/contract~TypedDefinitions
SOURCE-MODULE gerbil/core/contract~Interface
SOURCE-MODULE gerbil/core/contract~TypedDefinitions
SOURCE-MODULE gerbil/core/contract~Interface
SOURCE-MODULE gerbil/core/contract~TypedDefinitions
SOURCE-MODULE gerbil/core/contract~Interface
SOURCE-MODULE gerbil/core/contract~TypedDefinitions
SOURCE-MODULE std/io/socket/basic
SOURCE-MODULE std/error
SOURCE-MODULE std/os/error
SOURCE-MODULE std/os/socket
SOURCE-MODULE std/sync/rwlock
SOURCE-MODULE std/io/socket/types
SOURCE-MODULE std/io/socket/basic
SOURCE-MODULE gerbil/core/contract~Interface
SOURCE-MODULE gerbil/core/contract~TypedDefinitions
SOURCE-MODULE gerbil/core/contract~Interface
SOURCE-MODULE gerbil/core/contract~TypedDefinitions
SOURCE-MODULE std/io/socket/client
SOURCE-MODULE std/error
SOURCE-MODULE std/os/error
SOURCE-MODULE std/os/device
SOURCE-MODULE std/os/socket
SOURCE-MODULE std/sync/rwlock
SOURCE-MODULE std/io/interface
SOURCE-MODULE std/io/socket/types
SOURCE-MODULE std/io/socket/basic
SOURCE-MODULE std/io/socket/client
SOURCE-MODULE gerbil/core/contract~Interface
SOURCE-MODULE gerbil/core/contract~TypedDefinitions
SOURCE-MODULE gerbil/core/contract~Interface
SOURCE-MODULE gerbil/core/contract~TypedDefinitions
SOURCE-MODULE gerbil/core/contract~Interface
SOURCE-MODULE gerbil/core/contract~TypedDefinitions
SOURCE-MODULE gerbil/core/contract~Interface
SOURCE-MODULE gerbil/core/contract~TypedDefinitions
SOURCE-MODULE gerbil/core/contract~Interface
SOURCE-MODULE gerbil/core/contract~TypedDefinitions
SOURCE-MODULE gerbil/core/contract~Interface
SOURCE-MODULE gerbil/core/contract~TypedDefinitions
SOURCE-MODULE gerbil/core/contract~Interface
SOURCE-MODULE gerbil/core/contract~TypedDefinitions
SOURCE-MODULE std/io/socket/stream
SOURCE-MODULE std/error
SOURCE-MODULE std/os/error
SOURCE-MODULE std/os/device
SOURCE-MODULE std/os/socket
SOURCE-MODULE std/os/sockopt
SOURCE-MODULE std/sync/rwlock
SOURCE-MODULE std/io/interface
SOURCE-MODULE std/io/socket/types
SOURCE-MODULE std/io/socket/basic
SOURCE-MODULE gerbil/core/contract~Interface
SOURCE-MODULE gerbil/core/contract~TypedDefinitions
SOURCE-MODULE std/io/socket/server
SOURCE-MODULE std/error
SOURCE-MODULE std/os/error
SOURCE-MODULE std/os/socket
SOURCE-MODULE std/os/sockaddr
SOURCE-MODULE std/net/address
SOURCE-MODULE std/sync/rwlock
SOURCE-MODULE std/io/socket/types
SOURCE-MODULE std/io/socket/sockaddr
SOURCE-MODULE std/io/socket/basic
SOURCE-MODULE gerbil/core/contract~Interface
SOURCE-MODULE gerbil/core/contract~TypedDefinitions
SOURCE-MODULE gerbil/core/contract~Interface
SOURCE-MODULE gerbil/core/contract~TypedDefinitions
SOURCE-MODULE gerbil/core/contract~Interface
SOURCE-MODULE gerbil/core/contract~TypedDefinitions
SOURCE-MODULE std/io/socket/datagram
SOURCE-MODULE gerbil/core/contract~Interface
SOURCE-MODULE gerbil/core/contract~TypedDefinitions
SOURCE-MODULE gerbil/core/contract~Interface
SOURCE-MODULE gerbil/core/contract~TypedDefinitions
SOURCE-MODULE gerbil/core/contract~Interface
SOURCE-MODULE gerbil/core/contract~TypedDefinitions
SOURCE-MODULE gerbil/core/contract~Interface
SOURCE-MODULE gerbil/core/contract~TypedDefinitions
SOURCE-MODULE gerbil/core/contract~Interface
SOURCE-MODULE gerbil/core/contract~TypedDefinitions
SOURCE-MODULE gerbil/core/contract~Interface
SOURCE-MODULE gerbil/core/contract~TypedDefinitions
SOURCE-MODULE gerbil/core/contract~Interface
SOURCE-MODULE gerbil/core/contract~TypedDefinitions
SOURCE-MODULE gerbil/core/contract~Interface
SOURCE-MODULE gerbil/core/contract~TypedDefinitions
SOURCE-MODULE std/io/socket/api
SOURCE-MODULE std/interface
SOURCE-MODULE std/error
SOURCE-MODULE std/io/interface
SOURCE-MODULE std/io/dummy
SOURCE-MODULE gerbil/runtime/interface
SOURCE-MODULE std/interface
SOURCE-MODULE std/error
SOURCE-MODULE std/io/interface
SOURCE-MODULE std/io/dummy
SOURCE-MODULE gerbil/core/contract~Interface
SOURCE-MODULE gerbil/core/contract~TypedDefinitions
SOURCE-MODULE gerbil/core/contract~TypedDefinitions
SOURCE-MODULE gerbil/core/contract~Interface
SOURCE-MODULE gerbil/core/contract~TypedDefinitions
SOURCE-MODULE gerbil/core/contract~Interface
SOURCE-MODULE gerbil/core/contract~TypedDefinitions
SOURCE-MODULE gerbil/core/contract~TypedDefinitions
SOURCE-MODULE gerbil/core/contract~Interface
SOURCE-MODULE gerbil/core/contract~TypedDefinitions
SOURCE-MODULE gerbil/core/contract~Interface
SOURCE-MODULE gerbil/core/contract~TypedDefinitions
SOURCE-MODULE gerbil/core/contract~Interface
SOURCE-MODULE gerbil/core/contract~TypedDefinitions
SOURCE-MODULE gerbil/core/contract~Interface
SOURCE-MODULE gerbil/core/contract~TypedDefinitions
SOURCE-MODULE std/io/counter
SOURCE-MODULE std/error
SOURCE-MODULE std/interface
SOURCE-MODULE std/io/interface
SOURCE-MODULE std/io/bio/types
SOURCE-MODULE std/io/bio/delimited
SOURCE-MODULE std/io/bio/buffer
SOURCE-MODULE std/io/bio/cache
SOURCE-MODULE gerbil/core/contract~Interface
SOURCE-MODULE gerbil/core/contract~TypedDefinitions
SOURCE-MODULE gerbil/core/contract~Interface
SOURCE-MODULE gerbil/core/contract~TypedDefinitions
SOURCE-MODULE std/io/delimited
SOURCE-MODULE std/error
SOURCE-MODULE std/interface
SOURCE-MODULE std/io/interface
SOURCE-MODULE std/io/bio/buffer
SOURCE-MODULE gerbil/core/contract~Interface
SOURCE-MODULE gerbil/core/contract~TypedDefinitions
SOURCE-MODULE gerbil/core/contract~Interface
SOURCE-MODULE gerbil/core/contract~TypedDefinitions
SOURCE-MODULE gerbil/core/contract~Interface
SOURCE-MODULE gerbil/core/contract~TypedDefinitions
SOURCE-MODULE std/io/detachable
SOURCE-MODULE std/error
SOURCE-MODULE std/interface
SOURCE-MODULE std/time/timeout
SOURCE-MODULE std/os/device
SOURCE-MODULE std/error
SOURCE-MODULE std/ffi
SOURCE-MODULE std/os/error
SOURCE-MODULE std/os/device
SOURCE-MODULE std/os/fcntl
SOURCE-MODULE gerbil/core/contract~Interface
SOURCE-MODULE gerbil/core/contract~TypedDefinitions
SOURCE-MODULE gerbil/core/contract~Interface
SOURCE-MODULE gerbil/core/contract~TypedDefinitions
SOURCE-MODULE gerbil/core/contract~Interface
SOURCE-MODULE gerbil/core/contract~TypedDefinitions
SOURCE-MODULE gerbil/core/contract~Interface
SOURCE-MODULE gerbil/core/contract~TypedDefinitions
SOURCE-MODULE gerbil/core/contract~Interface
SOURCE-MODULE gerbil/core/contract~TypedDefinitions
SOURCE-MODULE gerbil/core/contract~Interface
SOURCE-MODULE gerbil/core/contract~TypedDefinitions
SOURCE-MODULE std/os/file
SOURCE-MODULE std/os/fcntl
SOURCE-MODULE std/error
SOURCE-MODULE std/ffi
SOURCE-MODULE std/time/timeout
SOURCE-MODULE std/os/device
SOURCE-MODULE std/os/error
SOURCE-MODULE std/os/fcntl
SOURCE-MODULE std/os/file
SOURCE-MODULE gerbil/core/contract~Interface
SOURCE-MODULE gerbil/core/contract~TypedDefinitions
SOURCE-MODULE gerbil/core/contract~Interface
SOURCE-MODULE gerbil/core/contract~TypedDefinitions
SOURCE-MODULE gerbil/core/contract~Interface
SOURCE-MODULE gerbil/core/contract~TypedDefinitions
SOURCE-MODULE gerbil/core/contract~Interface
SOURCE-MODULE gerbil/core/contract~TypedDefinitions
SOURCE-MODULE gerbil/core/contract~Interface
SOURCE-MODULE gerbil/core/contract~TypedDefinitions
SOURCE-MODULE gerbil/core/contract~Interface
SOURCE-MODULE gerbil/core/contract~TypedDefinitions
SOURCE-MODULE gerbil/core/contract~Interface
SOURCE-MODULE gerbil/core/contract~TypedDefinitions
SOURCE-MODULE gerbil/core/contract~Interface
SOURCE-MODULE gerbil/core/contract~TypedDefinitions
SOURCE-MODULE gerbil/core/contract~Interface
SOURCE-MODULE gerbil/core/contract~TypedDefinitions
SOURCE-MODULE gerbil/core/contract~Interface
SOURCE-MODULE gerbil/core/contract~TypedDefinitions
SOURCE-MODULE gerbil/core/contract~Interface
SOURCE-MODULE gerbil/core/contract~TypedDefinitions
SOURCE-MODULE gerbil/core/contract~Interface
SOURCE-MODULE gerbil/core/contract~TypedDefinitions
SOURCE-MODULE std/os/flock
SOURCE-MODULE std/io/interface
SOURCE-MODULE gerbil/core/contract~Interface
SOURCE-MODULE gerbil/core/contract~TypedDefinitions
SOURCE-MODULE gerbil/core/contract~Interface
SOURCE-MODULE gerbil/core/contract~TypedDefinitions
SOURCE-MODULE gerbil/core/contract~Interface
SOURCE-MODULE gerbil/core/contract~TypedDefinitions
SOURCE-MODULE gerbil/core/contract~Interface
SOURCE-MODULE gerbil/core/contract~TypedDefinitions
SOURCE-MODULE gerbil/core/contract~Interface
SOURCE-MODULE gerbil/core/contract~TypedDefinitions
SOURCE-MODULE gerbil/core/contract~Interface
SOURCE-MODULE gerbil/core/contract~TypedDefinitions
SOURCE-MODULE gerbil/core/contract~Interface
SOURCE-MODULE gerbil/core/contract~TypedDefinitions
SOURCE-MODULE gerbil/core/contract~Interface
SOURCE-MODULE gerbil/core/contract~TypedDefinitions
SOURCE-MODULE gerbil/core/contract~Interface
SOURCE-MODULE gerbil/core/contract~TypedDefinitions
SOURCE-MODULE gerbil/core/contract~Interface
SOURCE-MODULE gerbil/core/contract~TypedDefinitions
SOURCE-MODULE gerbil/core/contract~Interface
SOURCE-MODULE gerbil/core/contract~TypedDefinitions
SOURCE-MODULE gerbil/core/contract~Interface
SOURCE-MODULE gerbil/core/contract~TypedDefinitions
SOURCE-MODULE gerbil/core/contract~Interface
SOURCE-MODULE gerbil/core/contract~TypedDefinitions
SOURCE-MODULE gerbil/core/contract~Interface
SOURCE-MODULE gerbil/core/contract~TypedDefinitions
SOURCE-MODULE std/io/file
SOURCE-MODULE std/error
SOURCE-MODULE std/interface
SOURCE-MODULE std/iter
SOURCE-MODULE std/io/interface
SOURCE-MODULE std/io/bio/api
SOURCE-MODULE std/io/bio/buffer
SOURCE-MODULE std/io/bio/cache
SOURCE-MODULE std/io/bio/port
SOURCE-MODULE gerbil/core/contract~Interface
SOURCE-MODULE gerbil/core/contract~TypedDefinitions
SOURCE-MODULE gerbil/core/contract~Interface
SOURCE-MODULE gerbil/core/contract~TypedDefinitions
SOURCE-MODULE std/io/util
SOURCE-MODULE std/os/device
SOURCE-MODULE std/os/file
SOURCE-MODULE std/os/fcntl
SOURCE-MODULE std/ffi
SOURCE-MODULE std/crypto/libcrypto
SOURCE-MODULE std/error
SOURCE-MODULE std/crypto/libcrypto
SOURCE-MODULE std/error
SOURCE-MODULE std/crypto/error
SOURCE-MODULE gerbil/core/contract~Interface
SOURCE-MODULE gerbil/core/contract~TypedDefinitions
SOURCE-MODULE gerbil/core/contract~Interface
SOURCE-MODULE gerbil/core/contract~TypedDefinitions
SOURCE-MODULE std/crypto/random
SOURCE-MODULE std/error
SOURCE-MODULE gerbil/core/contract~Interface
SOURCE-MODULE gerbil/core/contract~TypedDefinitions
SOURCE-MODULE gerbil/core/contract~Interface
SOURCE-MODULE gerbil/core/contract~TypedDefinitions
SOURCE-MODULE gerbil/core/contract~Interface
SOURCE-MODULE gerbil/core/contract~TypedDefinitions
SOURCE-MODULE gerbil/core/contract~Interface
SOURCE-MODULE gerbil/core/contract~TypedDefinitions
SOURCE-MODULE gerbil/core/contract~Interface
SOURCE-MODULE gerbil/core/contract~TypedDefinitions
SOURCE-MODULE std/encoding/base64
SOURCE-MODULE std/io/file
SOURCE-MODULE gerbil/core/contract~Interface
SOURCE-MODULE gerbil/core/contract~TypedDefinitions
SOURCE-MODULE gerbil/core/contract~Interface
SOURCE-MODULE gerbil/core/contract~TypedDefinitions
SOURCE-MODULE gerbil/core/contract~Interface
SOURCE-MODULE gerbil/core/contract~TypedDefinitions
SOURCE-MODULE gerbil/core/contract~Interface
SOURCE-MODULE gerbil/core/contract~TypedDefinitions
SOURCE-MODULE gerbil/core/contract~Interface
SOURCE-MODULE gerbil/core/contract~TypedDefinitions
SOURCE-MODULE gerbil/core/contract~Interface
SOURCE-MODULE gerbil/core/contract~TypedDefinitions
SOURCE-MODULE std/io/tempfile
SOURCE-MODULE std/io/interface
SOURCE-MODULE std/io/bio/api
SOURCE-MODULE std/io/socket/api
SOURCE-MODULE std/io/dummy
SOURCE-MODULE std/io/counter
SOURCE-MODULE std/io/delimited
SOURCE-MODULE std/io/detachable
SOURCE-MODULE std/io/file
SOURCE-MODULE std/io/util
SOURCE-MODULE std/io/tempfile
SOURCE-MODULE std/io/api
SOURCE-MODULE std/io/api
SOURCE-MODULE std/io
SOURCE-MODULE std/io/bio/cache
SOURCE-MODULE std/crypto/libcrypto
SOURCE-MODULE std/crypto/error
SOURCE-MODULE gerbil/core/contract~Interface
SOURCE-MODULE gerbil/core/contract~TypedDefinitions
SOURCE-MODULE gerbil/core/contract~Interface
SOURCE-MODULE gerbil/core/contract~TypedDefinitions
SOURCE-MODULE gerbil/core/contract~Interface
SOURCE-MODULE gerbil/core/contract~TypedDefinitions
SOURCE-MODULE gerbil/core/contract~Interface
SOURCE-MODULE gerbil/core/contract~TypedDefinitions
SOURCE-MODULE gerbil/core/contract~Interface
SOURCE-MODULE gerbil/core/contract~TypedDefinitions
SOURCE-MODULE gerbil/core/contract~Interface
SOURCE-MODULE gerbil/core/contract~TypedDefinitions
SOURCE-MODULE gerbil/core/contract~Interface
SOURCE-MODULE gerbil/core/contract~TypedDefinitions
SOURCE-MODULE gerbil/core/contract~Interface
SOURCE-MODULE gerbil/core/contract~TypedDefinitions
SOURCE-MODULE gerbil/core/contract~Interface
SOURCE-MODULE gerbil/core/contract~TypedDefinitions
SOURCE-MODULE gerbil/core/contract~Interface
SOURCE-MODULE gerbil/core/contract~TypedDefinitions
SOURCE-MODULE gerbil/core/contract~Interface
SOURCE-MODULE gerbil/core/contract~TypedDefinitions
SOURCE-MODULE gerbil/core/contract~Interface
SOURCE-MODULE gerbil/core/contract~TypedDefinitions
SOURCE-MODULE gerbil/core/contract~Interface
SOURCE-MODULE gerbil/core/contract~TypedDefinitions
SOURCE-MODULE gerbil/core/contract~Interface
SOURCE-MODULE gerbil/core/contract~TypedDefinitions
SOURCE-MODULE gerbil/core/contract~Interface
SOURCE-MODULE gerbil/core/contract~TypedDefinitions
SOURCE-MODULE gerbil/core/contract~Interface
SOURCE-MODULE gerbil/core/contract~TypedDefinitions
SOURCE-MODULE gerbil/core/contract~Interface
SOURCE-MODULE gerbil/core/contract~TypedDefinitions
SOURCE-MODULE gerbil/core/contract~Interface
SOURCE-MODULE gerbil/core/contract~TypedDefinitions
SOURCE-MODULE gerbil/core/contract~Interface
SOURCE-MODULE gerbil/core/contract~TypedDefinitions
SOURCE-MODULE gerbil/core/contract~Interface
SOURCE-MODULE gerbil/core/contract~TypedDefinitions
SOURCE-MODULE gerbil/core/contract~Interface
SOURCE-MODULE gerbil/core/contract~TypedDefinitions
SOURCE-MODULE gerbil/core/contract~Interface
SOURCE-MODULE gerbil/core/contract~TypedDefinitions
SOURCE-MODULE gerbil/core/contract~Interface
SOURCE-MODULE gerbil/core/contract~TypedDefinitions
SOURCE-MODULE std/crypto/digest
SOURCE-MODULE std/encoding/hex
SOURCE-MODULE std/crypto/digest
SOURCE-MODULE std/encoding/hex
SOURCE-MODULE gerbil-ascent/candidate/types
SOURCE-MODULE gerbil-ascent/candidate/types
SOURCE-MODULE clan/poo/object
SOURCE-MODULE std/error
SOURCE-MODULE std/list/list-builder
SOURCE-MODULE std/list/list
SOURCE-MODULE std/error
SOURCE-MODULE std/interface
SOURCE-MODULE std/error
SOURCE-MODULE std/list/alist
SOURCE-MODULE gerbil/core/contract~Interface
SOURCE-MODULE gerbil/core/contract~Interface
SOURCE-MODULE gerbil/core/contract~Interface
SOURCE-MODULE gerbil/core/contract~Interface
SOURCE-MODULE gerbil/core/contract~Interface
SOURCE-MODULE gerbil/core/contract~Interface
SOURCE-MODULE gerbil/core/contract~Interface
SOURCE-MODULE gerbil/core/contract~Interface
SOURCE-MODULE gerbil/core/contract~Interface
SOURCE-MODULE gerbil/core/contract~Interface
SOURCE-MODULE gerbil/core/contract~Interface
SOURCE-MODULE gerbil/core/contract~Interface
SOURCE-MODULE gerbil/core/contract~Interface
SOURCE-MODULE gerbil/core/contract~Interface
SOURCE-MODULE gerbil/core/contract~Interface
SOURCE-MODULE gerbil/core/contract~Interface
SOURCE-MODULE gerbil/core/contract~Interface
SOURCE-MODULE gerbil/core/contract~Interface
SOURCE-MODULE gerbil/core/contract~Interface
SOURCE-MODULE gerbil/core/contract~TypedDefinitions
SOURCE-MODULE gerbil/core/contract~Interface
SOURCE-MODULE gerbil/core/contract~TypedDefinitions
SOURCE-MODULE gerbil/core/contract~Interface
SOURCE-MODULE gerbil/core/contract~TypedDefinitions
SOURCE-MODULE gerbil/core/contract~Interface
SOURCE-MODULE gerbil/core/contract~TypedDefinitions
SOURCE-MODULE gerbil/core/contract~Interface
SOURCE-MODULE gerbil/core/contract~TypedDefinitions
SOURCE-MODULE gerbil/core/contract~Interface
SOURCE-MODULE gerbil/core/contract~TypedDefinitions
SOURCE-MODULE gerbil/core/contract~Interface
SOURCE-MODULE gerbil/core/contract~TypedDefinitions
SOURCE-MODULE gerbil/core/contract~Interface
SOURCE-MODULE gerbil/core/contract~TypedDefinitions
SOURCE-MODULE gerbil/core/contract~Interface
SOURCE-MODULE gerbil/core/contract~TypedDefinitions
SOURCE-MODULE gerbil/core/contract~Interface
SOURCE-MODULE gerbil/core/contract~TypedDefinitions
SOURCE-MODULE gerbil/core/contract~Interface
SOURCE-MODULE gerbil/core/contract~TypedDefinitions
SOURCE-MODULE gerbil/core/contract~Interface
SOURCE-MODULE gerbil/core/contract~TypedDefinitions
SOURCE-MODULE gerbil/core/contract~Interface
SOURCE-MODULE gerbil/core/contract~TypedDefinitions
SOURCE-MODULE gerbil/core/contract~Interface
SOURCE-MODULE gerbil/core/contract~TypedDefinitions
SOURCE-MODULE gerbil/core/contract~Interface
SOURCE-MODULE gerbil/core/contract~TypedDefinitions
SOURCE-MODULE gerbil/core/contract~Interface
SOURCE-MODULE gerbil/core/contract~TypedDefinitions
SOURCE-MODULE gerbil/core/contract~Interface
SOURCE-MODULE gerbil/core/contract~TypedDefinitions
SOURCE-MODULE gerbil/core/contract~Interface
SOURCE-MODULE gerbil/core/contract~TypedDefinitions
SOURCE-MODULE gerbil/core/contract~Interface
SOURCE-MODULE gerbil/core/contract~TypedDefinitions
SOURCE-MODULE gerbil/core/contract~Interface
SOURCE-MODULE gerbil/core/contract~TypedDefinitions
SOURCE-MODULE gerbil/core/contract~Interface
SOURCE-MODULE gerbil/core/contract~TypedDefinitions
SOURCE-MODULE gerbil/core/contract~Interface
SOURCE-MODULE gerbil/core/contract~TypedDefinitions
SOURCE-MODULE gerbil/core/contract~Interface
SOURCE-MODULE gerbil/core/contract~TypedDefinitions
SOURCE-MODULE gerbil/core/contract~Interface
SOURCE-MODULE gerbil/core/contract~TypedDefinitions
SOURCE-MODULE std/list/walist
SOURCE-MODULE std/values
SOURCE-MODULE std/func
SOURCE-MODULE clan/poo/support/base
SOURCE-MODULE std/error
SOURCE-MODULE std/format
SOURCE-MODULE gerbil/expander
SOURCE-MODULE std/error
SOURCE-MODULE std/assert
SOURCE-MODULE std/error
SOURCE-MODULE std/ffi
SOURCE-MODULE std/number/misc
SOURCE-MODULE std/encoding/hex
SOURCE-MODULE gerbil/core/contract~Interface
SOURCE-MODULE gerbil/core/contract~TypedDefinitions
SOURCE-MODULE gerbil/core/contract~Interface
SOURCE-MODULE gerbil/core/contract~TypedDefinitions
SOURCE-MODULE std/vector/u8vector
SOURCE-MODULE std/number/misc
SOURCE-MODULE clan/poo/support/io
SOURCE-MODULE std/serde/scan
SOURCE-MODULE std/error
SOURCE-MODULE gerbil/core/contract~Interface
SOURCE-MODULE gerbil/core/contract~TypedDefinitions
SOURCE-MODULE gerbil/core/contract~TypedDefinitions
SOURCE-MODULE gerbil/core/contract~Interface
SOURCE-MODULE gerbil/core/contract~TypedDefinitions
SOURCE-MODULE gerbil/core/contract~Interface
SOURCE-MODULE gerbil/core/contract~TypedDefinitions
SOURCE-MODULE gerbil/core/contract~Interface
SOURCE-MODULE gerbil/core/contract~TypedDefinitions
SOURCE-MODULE gerbil/core/contract~Interface
SOURCE-MODULE gerbil/core/contract~TypedDefinitions
SOURCE-MODULE gerbil/core/contract~TypedDefinitions
SOURCE-MODULE gerbil/core/contract~Interface
SOURCE-MODULE gerbil/core/contract~TypedDefinitions
SOURCE-MODULE gerbil/core/contract~Interface
SOURCE-MODULE gerbil/core/contract~TypedDefinitions
SOURCE-MODULE gerbil/core/contract~Interface
SOURCE-MODULE gerbil/core/contract~TypedDefinitions
SOURCE-MODULE gerbil/core/contract~Interface
SOURCE-MODULE gerbil/core/contract~TypedDefinitions
SOURCE-MODULE gerbil/core/contract~Interface
SOURCE-MODULE gerbil/core/contract~TypedDefinitions
SOURCE-MODULE gerbil/core/contract~TypedDefinitions
SOURCE-MODULE gerbil/core/contract~Interface
SOURCE-MODULE gerbil/core/contract~TypedDefinitions
SOURCE-MODULE gerbil/core/contract~Interface
SOURCE-MODULE gerbil/core/contract~TypedDefinitions
SOURCE-MODULE std/encoding/json/env
SOURCE-MODULE std/io
SOURCE-MODULE std/io/bio/api
SOURCE-MODULE std/encoding/json/env
SOURCE-MODULE std/error
SOURCE-MODULE std/io
SOURCE-MODULE std/serde/serialize
SOURCE-MODULE std/format
SOURCE-MODULE std/format/ioutil
SOURCE-MODULE std/list/walist
SOURCE-MODULE std/io/bio/api
SOURCE-MODULE std/encoding/json/env
SOURCE-MODULE gerbil/core/contract~Interface
SOURCE-MODULE gerbil/core/contract~TypedDefinitions
SOURCE-MODULE gerbil/core/contract~Interface
SOURCE-MODULE gerbil/core/contract~TypedDefinitions
SOURCE-MODULE gerbil/core/contract~Interface
SOURCE-MODULE gerbil/core/contract~TypedDefinitions
SOURCE-MODULE gerbil/core/contract~Interface
SOURCE-MODULE gerbil/core/contract~TypedDefinitions
SOURCE-MODULE gerbil/core/contract~Interface
SOURCE-MODULE gerbil/core/contract~TypedDefinitions
SOURCE-MODULE gerbil/core/contract~Interface
SOURCE-MODULE gerbil/core/contract~TypedDefinitions
SOURCE-MODULE gerbil/core/contract~Interface
SOURCE-MODULE gerbil/core/contract~TypedDefinitions
SOURCE-MODULE gerbil/core/contract~Interface
SOURCE-MODULE gerbil/core/contract~TypedDefinitions
SOURCE-MODULE gerbil/core/contract~Interface
SOURCE-MODULE gerbil/core/contract~TypedDefinitions
SOURCE-MODULE gerbil/core/contract~Interface
SOURCE-MODULE gerbil/core/contract~TypedDefinitions
SOURCE-MODULE gerbil/core/contract~Interface
SOURCE-MODULE gerbil/core/contract~TypedDefinitions
SOURCE-MODULE gerbil/core/contract~Interface
SOURCE-MODULE gerbil/core/contract~TypedDefinitions
SOURCE-MODULE gerbil/core/contract~Interface
SOURCE-MODULE gerbil/core/contract~TypedDefinitions
SOURCE-MODULE std/encoding/json/writer
SOURCE-MODULE std/error
SOURCE-MODULE std/io
SOURCE-MODULE std/io/bio/api
SOURCE-MODULE std/list/walist
SOURCE-MODULE std/encoding/hex
SOURCE-MODULE std/text/parser/char-set
SOURCE-MODULE std/number/misc
SOURCE-MODULE std/error
SOURCE-MODULE std/io
SOURCE-MODULE std/error
SOURCE-MODULE std/error
SOURCE-MODULE std/error
SOURCE-MODULE std/text/parser/base
SOURCE-MODULE std/iter
SOURCE-MODULE std/vector/u8vector
SOURCE-MODULE std/list/list
SOURCE-MODULE std/list/list-builder
SOURCE-MODULE std/text/parser/char-set
SOURCE-MODULE std/text/parser/ll1
SOURCE-MODULE std/encoding/json/env
SOURCE-MODULE gerbil/core/contract~Interface
SOURCE-MODULE gerbil/core/contract~TypedDefinitions
SOURCE-MODULE gerbil/core/contract~Interface
SOURCE-MODULE gerbil/core/contract~TypedDefinitions
SOURCE-MODULE gerbil/core/contract~Interface
SOURCE-MODULE gerbil/core/contract~TypedDefinitions
SOURCE-MODULE gerbil/core/contract~Interface
SOURCE-MODULE gerbil/core/contract~TypedDefinitions
SOURCE-MODULE gerbil/core/contract~Interface
SOURCE-MODULE gerbil/core/contract~TypedDefinitions
SOURCE-MODULE gerbil/core/contract~Interface
SOURCE-MODULE gerbil/core/contract~TypedDefinitions
SOURCE-MODULE gerbil/core/contract~Interface
SOURCE-MODULE gerbil/core/contract~TypedDefinitions
SOURCE-MODULE gerbil/core/contract~Interface
SOURCE-MODULE gerbil/core/contract~TypedDefinitions
SOURCE-MODULE gerbil/core/contract~Interface
SOURCE-MODULE gerbil/core/contract~TypedDefinitions
SOURCE-MODULE gerbil/core/contract~Interface
SOURCE-MODULE gerbil/core/contract~TypedDefinitions
SOURCE-MODULE gerbil/core/contract~Interface
SOURCE-MODULE gerbil/core/contract~TypedDefinitions
SOURCE-MODULE gerbil/core/contract~Interface
SOURCE-MODULE gerbil/core/contract~TypedDefinitions
SOURCE-MODULE gerbil/core/contract~Interface
SOURCE-MODULE gerbil/core/contract~TypedDefinitions
SOURCE-MODULE gerbil/core/contract~Interface
SOURCE-MODULE gerbil/core/contract~TypedDefinitions
SOURCE-MODULE gerbil/core/contract~Interface
SOURCE-MODULE gerbil/core/contract~TypedDefinitions
SOURCE-MODULE gerbil/core/contract~Interface
SOURCE-MODULE gerbil/core/contract~TypedDefinitions
SOURCE-MODULE std/encoding/json/reader
SOURCE-MODULE gerbil/core/contract~Interface
SOURCE-MODULE gerbil/core/contract~Interface
SOURCE-MODULE std/io/bio/macros
SOURCE-MODULE gerbil/core/contract~Interface
SOURCE-MODULE gerbil/core/contract~Interface
SOURCE-MODULE gerbil/core/contract~Interface
SOURCE-MODULE std/io/bio/macros
SOURCE-MODULE gerbil/core/contract~Interface
SOURCE-MODULE std/encoding/json/io
SOURCE-MODULE std/encoding/json/writer
SOURCE-MODULE std/encoding/json/reader
SOURCE-MODULE std/error
SOURCE-MODULE std/format/ioutil
SOURCE-MODULE std/io
SOURCE-MODULE std/io/bio/api
SOURCE-MODULE std/iter
SOURCE-MODULE std/list/alist
SOURCE-MODULE std/list/list
SOURCE-MODULE std/list/list-builder
SOURCE-MODULE std/error
SOURCE-MODULE std/list/plist
SOURCE-MODULE std/list/walist
SOURCE-MODULE std/error
SOURCE-MODULE std/list/list-builder
SOURCE-MODULE std/misc/ports
SOURCE-MODULE std/encoding/json/env
SOURCE-MODULE std/encoding/json/io
SOURCE-MODULE std/encoding/json/writer
SOURCE-MODULE std/encoding/json/reader
SOURCE-MODULE gerbil/core/contract~Interface
SOURCE-MODULE gerbil/core/contract~TypedDefinitions
SOURCE-MODULE gerbil/core/contract~Interface
SOURCE-MODULE gerbil/core/contract~TypedDefinitions
SOURCE-MODULE std/encoding/json/util
SOURCE-MODULE std/encoding/json/api
SOURCE-MODULE std/encoding/json/api
SOURCE-MODULE std/encoding/json
SOURCE-MODULE clan/poo/support/json
SOURCE-MODULE clan/poo/support/syntax
SOURCE-MODULE clan/poo/support/repr
SOURCE-MODULE clan/poo/object
SOURCE-MODULE gerbil/core
SOURCE-MODULE gerbil/core
SOURCE-MODULE clan/poo/object
SOURCE-MODULE clan/poo/brace
SOURCE-MODULE std/error
SOURCE-MODULE std/error
SOURCE-MODULE clan/poo/mop
SOURCE-MODULE clan/poo/object
SOURCE-MODULE clan/poo/mop
SOURCE-MODULE clan/poo/object
SOURCE-MODULE clan/poo/mop
SOURCE-MODULE core/types
SOURCE-MODULE gerbil-ascent/table/funs
SOURCE-MODULE gerbil-ascent/table/provider
SOURCE-MODULE clan/poo/object
SOURCE-MODULE clan/poo/mop
SOURCE-MODULE core/types
SOURCE-MODULE gerbil-ascent/table/eqrel
SOURCE-MODULE gerbil-ascent/table/trrel
SOURCE-MODULE gerbil-ascent/table/storage
SOURCE-MODULE clan/poo/object
SOURCE-MODULE clan/poo/mop
SOURCE-MODULE core/types
SOURCE-MODULE gerbil-ascent/table/provider
SOURCE-MODULE gerbil-ascent/table/storage
SOURCE-MODULE gerbil-ascent/program/types
SOURCE-MODULE gerbil-ascent/program/objects
SOURCE-MODULE gerbil-ascent/program/objects
SOURCE-MODULE gerbil-ascent/program/aggregators
SOURCE-MODULE clan/poo/object
SOURCE-MODULE gerbil-ascent/table/provider
SOURCE-MODULE gerbil-ascent/table/storage
SOURCE-MODULE gerbil-ascent/program/scheme-checked
SOURCE-MODULE gerbil-ascent/candidate/program
SOURCE-MODULE gerbil-ascent/candidate/types
SOURCE-MODULE gerbil-ascent/candidate/program
SOURCE-MODULE gerbil-ascent/candidate/funs
SOURCE-MODULE gerbil-ascent/candidate/finite-evidence
SOURCE-CLOSURE {"modules":["gerbil/core/mop~MOP-5","gerbil/core/mop~MOP-system-classes","gerbil/core/mop~MOP-1","gerbil/core/mop~MOP-4","gerbil/core/sugar~Sugar-1","gerbil/core/sugar~QuasiquoteRuntime","gerbil/core/sugar~Quasiquote","gerbil/core/sugar~Sugar-2","gerbil/core/sugar~Sugar-3","gerbil/core/runtime~RuntimeAliases","gerbil/core/runtime~GerbilRuntime","gerbil/core/runtime~GambitRuntime","gerbil/core/runtime~R7RSRuntime","gerbil/core/runtime~R5RSRuntime","gerbil/core/runtime~Runtime","gerbil/core/runtime","gerbil/core/sugar","gerbil/core/mop","gerbil/core/contract~TypeReference","gerbil/core/contract~TypeCast","gerbil/core/contract~Using","gerbil/core/contract~Interface","gerbil/core/contract~ContractRules","gerbil/core/contract~TypedDefinitions","gerbil/core/match","gerbil/core/more-sugar","gerbil/core/module-sugar","gerbil/core/contract","gerbil/core","gerbil-ascent/table/trrel","gerbil-ascent/table/eqrel","gerbil/runtime/gambit","gerbil/runtime/util","gerbil/runtime/c3","gerbil/runtime/table","gerbil/runtime/mop","gerbil/runtime/error","gerbil/runtime/repl","gerbil/runtime/control","gerbil/runtime/system","gerbil/runtime/syntax","gerbil/runtime/interface","gerbil/runtime/hash","gerbil/runtime/eval","gerbil/runtime/thread","gerbil/runtime/mop-system-classes","gerbil/runtime/loader","gerbil/runtime/init","gerbil/runtime","gerbil/base","std/error","std/func","clan/poo/support/base","std/values","std/stxparam","std/string/symbol","std/list/list-builder","std/list/list","std/iter/interface","std/interface","std/iter/iterators","std/iter/macros","std/iter/api","std/iter","std/hash/misc","clan/poo/object","clan/poo/brace","clan/poo/support/repr","std/serde/scan","std/encoding/json/env","std/text/parser/char-set","std/encoding/hex","std/number/misc","std/ffi~C-struct","std/ffi","std/vector/u8vector","std/text/parser/base","std/io/interface/base","std/string/utf8","std/net/address/types","std/time/time","std/time/timeout","std/os/error","std/os/time","std/os/sockaddr","std/os/device","std/os/fcntl","std/os/socket","std/os/sockopt","std/io/interface/socket","std/io/interface/bio","std/io/interface","std/os/file","std/os/flock","std/io/file","std/encoding/base64","std/crypto/libcrypto","std/crypto/error","std/crypto/random","std/io/tempfile","std/io/bio/types","std/io/bio/macros","std/sync/spinlock","std/cache","std/io/bio/cache","std/io/bio/buffer","std/io/bio/output","std/io/bio/input","std/io/bio/delimited","std/io/bio/port","std/io/bio/srcsnk","std/io/bio/memory","std/io/bio/writer","std/io/bio/reader","std/io/bio/api","std/io/util","std/io/detachable","std/io/delimited","std/io/dummy","std/io/counter","std/io/socket/sockaddr","std/sync/rwlock","std/serde/util","std/serde/interface","std/hash/types","std/serde/deserialize","std/net/address/serde","std/format/ascii","std/format/env~integer-conversions","std/format/env","std/number/writer","std/serde/interned","std/serde/scanner","std/serde/serialize","std/format/ioutil","std/format/reader","std/format/writer","std/format/io","std/format/format-string","std/format/format","std/format/api","std/format","std/string/stringer","std/net/address/stringer","std/list/random","std/net/address/resolver","std/text/pregexp","std/net/address/parser","std/net/address/api","std/net/address","std/io/socket/types","std/io/socket/basic","std/io/socket/datagram","std/io/socket/server","std/io/socket/client","std/io/socket/stream","std/io/socket/socket","std/io/socket/api","std/io/api","std/io","std/text/parser/ll1","std/list/alist","std/list/walist","std/encoding/json/reader","std/encoding/json/writer","std/encoding/json/io","std/misc/ports","std/list/plist","std/encoding/json/util","std/encoding/json/api","std/encoding/json","clan/poo/support/json","std/assert","clan/poo/support/io","clan/poo/mop","core/types","gerbil-ascent/table/storage","gerbil-ascent/table/funs","gerbil-ascent/table/provider","gerbil-ascent/program/aggregators","gerbil-ascent/program/types","gerbil-ascent/program/objects","gerbil-ascent/program/scheme-checked","std/crypto/digest","gerbil-ascent/candidate/types","gerbil-ascent/candidate/program","gerbil-ascent/candidate/funs","gerbil-ascent/candidate/finite-evidence"],"root":":gerbil-ascent/candidate/finite-evidence"}
SOURCE-MODULE gerbil-ascent/candidate/program
SOURCE-CLOSURE {"root":":gerbil-ascent/candidate/program","modules":["gerbil/core/mop~MOP-5","gerbil/core/mop~MOP-system-classes","gerbil/core/mop~MOP-1","gerbil/core/mop~MOP-4","gerbil/core/sugar~Sugar-1","gerbil/core/sugar~QuasiquoteRuntime","gerbil/core/sugar~Quasiquote","gerbil/core/sugar~Sugar-2","gerbil/core/sugar~Sugar-3","gerbil/core/runtime~RuntimeAliases","gerbil/core/runtime~GerbilRuntime","gerbil/core/runtime~GambitRuntime","gerbil/core/runtime~R7RSRuntime","gerbil/core/runtime~R5RSRuntime","gerbil/core/runtime~Runtime","gerbil/core/runtime","gerbil/core/sugar","gerbil/core/mop","gerbil/core/contract~TypeReference","gerbil/core/contract~TypeCast","gerbil/core/contract~Using","gerbil/core/contract~Interface","gerbil/core/contract~ContractRules","gerbil/core/contract~TypedDefinitions","gerbil/core/match","gerbil/core/more-sugar","gerbil/core/module-sugar","gerbil/core/contract","gerbil/core","gerbil-ascent/table/trrel","gerbil-ascent/table/eqrel","gerbil/runtime/gambit","gerbil/runtime/util","gerbil/runtime/c3","gerbil/runtime/table","gerbil/runtime/mop","gerbil/runtime/error","gerbil/runtime/repl","gerbil/runtime/control","gerbil/runtime/system","gerbil/runtime/syntax","gerbil/runtime/interface","gerbil/runtime/hash","gerbil/runtime/eval","gerbil/runtime/thread","gerbil/runtime/mop-system-classes","gerbil/runtime/loader","gerbil/runtime/init","gerbil/runtime","gerbil/base","std/error","std/func","clan/poo/support/base","std/values","std/stxparam","std/string/symbol","std/list/list-builder","std/list/list","std/iter/interface","std/interface","std/iter/iterators","std/iter/macros","std/iter/api","std/iter","std/hash/misc","clan/poo/object","clan/poo/brace","clan/poo/support/repr","std/serde/scan","std/encoding/json/env","std/text/parser/char-set","std/encoding/hex","std/number/misc","std/ffi~C-struct","std/ffi","std/vector/u8vector","std/text/parser/base","std/io/interface/base","std/string/utf8","std/net/address/types","std/time/time","std/time/timeout","std/os/error","std/os/time","std/os/sockaddr","std/os/device","std/os/fcntl","std/os/socket","std/os/sockopt","std/io/interface/socket","std/io/interface/bio","std/io/interface","std/os/file","std/os/flock","std/io/file","std/encoding/base64","std/crypto/libcrypto","std/crypto/error","std/crypto/random","std/io/tempfile","std/io/bio/types","std/io/bio/macros","std/sync/spinlock","std/cache","std/io/bio/cache","std/io/bio/buffer","std/io/bio/output","std/io/bio/input","std/io/bio/delimited","std/io/bio/port","std/io/bio/srcsnk","std/io/bio/memory","std/io/bio/writer","std/io/bio/reader","std/io/bio/api","std/io/util","std/io/detachable","std/io/delimited","std/io/dummy","std/io/counter","std/io/socket/sockaddr","std/sync/rwlock","std/serde/util","std/serde/interface","std/hash/types","std/serde/deserialize","std/net/address/serde","std/format/ascii","std/format/env~integer-conversions","std/format/env","std/number/writer","std/serde/interned","std/serde/scanner","std/serde/serialize","std/format/ioutil","std/format/reader","std/format/writer","std/format/io","std/format/format-string","std/format/format","std/format/api","std/format","std/string/stringer","std/net/address/stringer","std/list/random","std/net/address/resolver","std/text/pregexp","std/net/address/parser","std/net/address/api","std/net/address","std/io/socket/types","std/io/socket/basic","std/io/socket/datagram","std/io/socket/server","std/io/socket/client","std/io/socket/stream","std/io/socket/socket","std/io/socket/api","std/io/api","std/io","std/text/parser/ll1","std/list/alist","std/list/walist","std/encoding/json/reader","std/encoding/json/writer","std/encoding/json/io","std/misc/ports","std/list/plist","std/encoding/json/util","std/encoding/json/api","std/encoding/json","clan/poo/support/json","std/assert","clan/poo/support/io","clan/poo/mop","core/types","gerbil-ascent/table/storage","gerbil-ascent/table/funs","gerbil-ascent/table/provider","gerbil-ascent/program/aggregators","gerbil-ascent/program/types","gerbil-ascent/program/objects","gerbil-ascent/program/scheme-checked","std/crypto/digest","gerbil-ascent/candidate/types","gerbil-ascent/candidate/program"]}
SOURCE-MODULE std/crypto/digest
SOURCE-MODULE std/encoding/hex
SOURCE-MODULE std/error
SOURCE-MODULE gerbil-ascent/candidate/types
SOURCE-MODULE gerbil-ascent/candidate/program
SOURCE-MODULE gerbil-ascent/candidate/types
SOURCE-MODULE gerbil-ascent/candidate/program
SOURCE-MODULE gerbil-ascent/candidate/funs
SOURCE-MODULE gerbil-ascent/candidate/provenance
SOURCE-MODULE std/crypto/digest
SOURCE-MODULE std/encoding/hex
SOURCE-MODULE gerbil-ascent/candidate/types
SOURCE-MODULE gerbil-ascent/candidate/program
SOURCE-MODULE gerbil-ascent/candidate/funs
SOURCE-MODULE gerbil-ascent/candidate/provenance
SOURCE-MODULE gerbil-ascent/candidate/nonmembership
SOURCE-MODULE gerbil-ascent/candidate/finite-evidence
SOURCE-MODULE std/hash/misc
SOURCE-MODULE gerbil-ascent/candidate/types
SOURCE-MODULE gerbil-ascent/candidate/program
SOURCE-MODULE gerbil-ascent/candidate/funs
SOURCE-MODULE gerbil-ascent/candidate/finite-evidence
SOURCE-MODULE gerbil-ascent/candidate/types
SOURCE-MODULE gerbil-ascent/candidate/program
SOURCE-MODULE gerbil-ascent/candidate/funs
SOURCE-MODULE gerbil-ascent/candidate/finite-evidence
SOURCE-MODULE gerbil-ascent/candidate/stratified-proof
SOURCE-MODULE gerbil-ascent/candidate/stratified-producer
SOURCE-MODULE gerbil-ascent/candidate/stratified-proof
SOURCE-MODULE gerbil-ascent/program/objects
SOURCE-MODULE gerbil-ascent/program/scheme-checked
SOURCE-MODULE gerbil-ascent/program/objects
SOURCE-MODULE gerbil-ascent/program/scheme-checked
SOURCE-MODULE gerbil-ascent/program/types
SOURCE-MODULE clan/poo/object
SOURCE-MODULE clan/poo/mop
SOURCE-MODULE std/iter
SOURCE-MODULE gerbil-ascent/program/admission
SOURCE-MODULE gerbil-ascent/program/result
SOURCE-MODULE gerbil-ascent/program/objects
SOURCE-MODULE std/list/list
SOURCE-MODULE gerbil-ascent/program/graph
SOURCE-MODULE gerbil-ascent/program/funs
SOURCE-MODULE clan/poo/object
SOURCE-MODULE gerbil-ascent/program/planning
SOURCE-MODULE gerbil-ascent/program/funs
SOURCE-MODULE gerbil-ascent/program/positive
SOURCE-MODULE gerbil-ascent/program/types
SOURCE-MODULE clan/poo/object
SOURCE-MODULE clan/poo/object
SOURCE-MODULE gerbil-ascent/program/scheme-checked
SOURCE-MODULE gerbil-ascent/program/positive
SOURCE-MODULE gerbil-ascent/table/storage
SOURCE-MODULE gerbil-ascent/program/update-selection
SOURCE-MODULE gerbil-ascent/program/positive
SOURCE-MODULE gerbil-ascent/program/reuse
SOURCE-MODULE clan/poo/object
SOURCE-MODULE gerbil-ascent/program/analysis
SOURCE-MODULE gerbil-ascent/program/funs
SOURCE-MODULE gerbil-ascent/table/funs
SOURCE-MODULE gerbil-ascent/table/provider
SOURCE-MODULE gerbil-ascent/table/access
SOURCE-MODULE gerbil-ascent/table/provider
SOURCE-MODULE gerbil-ascent/table/storage
SOURCE-MODULE clan/poo/support/base
SOURCE-MODULE gerbil-ascent/program/evaluate
SOURCE-MODULE clan/poo/object
SOURCE-MODULE clan/poo/mop
SOURCE-MODULE gerbil-ascent/program/types
SOURCE-MODULE gerbil-ascent/program/admission
SOURCE-MODULE gerbil-ascent/program/update-selection
SOURCE-MODULE gerbil-ascent/program/evaluate
SOURCE-MODULE gerbil-ascent/table/storage
SOURCE-MODULE gerbil-ascent/program/session
SOURCE-MODULE clan/poo/object
SOURCE-MODULE clan/poo/mop
SOURCE-MODULE std/error
SOURCE-MODULE std/list/list
SOURCE-MODULE gerbil-ascent/program/scheme-admission
SOURCE-MODULE clan/poo/object
SOURCE-MODULE gerbil-ascent/program/scheme-language
SOURCE-MODULE gerbil-ascent/candidate/reasoning
SOURCE-CLOSURE {"root":":gerbil-ascent/candidate/reasoning","modules":["gerbil/core/mop~MOP-5","gerbil/core/mop~MOP-system-classes","gerbil/core/mop~MOP-1","gerbil/core/mop~MOP-4","gerbil/core/sugar~Sugar-1","gerbil/core/sugar~QuasiquoteRuntime","gerbil/core/sugar~Quasiquote","gerbil/core/sugar~Sugar-2","gerbil/core/sugar~Sugar-3","gerbil/core/runtime~RuntimeAliases","gerbil/core/runtime~GerbilRuntime","gerbil/core/runtime~GambitRuntime","gerbil/core/runtime~R7RSRuntime","gerbil/core/runtime~R5RSRuntime","gerbil/core/runtime~Runtime","gerbil/core/runtime","gerbil/core/sugar","gerbil/core/mop","gerbil/core/contract~TypeReference","gerbil/core/contract~TypeCast","gerbil/core/contract~Using","gerbil/core/contract~Interface","gerbil/core/contract~ContractRules","gerbil/core/contract~TypedDefinitions","gerbil/core/match","gerbil/core/more-sugar","gerbil/core/module-sugar","gerbil/core/contract","gerbil/core","gerbil/runtime/gambit","gerbil/runtime/util","gerbil/runtime/c3","gerbil/runtime/table","gerbil/runtime/mop","gerbil/runtime/error","gerbil/runtime/repl","gerbil/runtime/control","gerbil/runtime/system","gerbil/runtime/syntax","gerbil/runtime/interface","gerbil/runtime/hash","gerbil/runtime/eval","gerbil/runtime/thread","gerbil/runtime/mop-system-classes","gerbil/runtime/loader","gerbil/runtime/init","gerbil/runtime","gerbil/base","std/error","std/func","clan/poo/support/base","std/values","std/stxparam","std/string/symbol","std/list/list-builder","std/list/list","std/iter/interface","std/interface","std/iter/iterators","std/iter/macros","std/iter/api","std/iter","std/hash/misc","clan/poo/object","clan/poo/brace","clan/poo/support/repr","std/serde/scan","std/encoding/json/env","std/text/parser/char-set","std/encoding/hex","std/number/misc","std/ffi~C-struct","std/ffi","std/vector/u8vector","std/text/parser/base","std/io/interface/base","std/string/utf8","std/net/address/types","std/time/time","std/time/timeout","std/os/error","std/os/time","std/os/sockaddr","std/os/device","std/os/fcntl","std/os/socket","std/os/sockopt","std/io/interface/socket","std/io/interface/bio","std/io/interface","std/os/file","std/os/flock","std/io/file","std/encoding/base64","std/crypto/libcrypto","std/crypto/error","std/crypto/random","std/io/tempfile","std/io/bio/types","std/io/bio/macros","std/sync/spinlock","std/cache","std/io/bio/cache","std/io/bio/buffer","std/io/bio/output","std/io/bio/input","std/io/bio/delimited","std/io/bio/port","std/io/bio/srcsnk","std/io/bio/memory","std/io/bio/writer","std/io/bio/reader","std/io/bio/api","std/io/util","std/io/detachable","std/io/delimited","std/io/dummy","std/io/counter","std/io/socket/sockaddr","std/sync/rwlock","std/serde/util","std/serde/interface","std/hash/types","std/serde/deserialize","std/net/address/serde","std/format/ascii","std/format/env~integer-conversions","std/format/env","std/number/writer","std/serde/interned","std/serde/scanner","std/serde/serialize","std/format/ioutil","std/format/reader","std/format/writer","std/format/io","std/format/format-string","std/format/format","std/format/api","std/format","std/string/stringer","std/net/address/stringer","std/list/random","std/net/address/resolver","std/text/pregexp","std/net/address/parser","std/net/address/api","std/net/address","std/io/socket/types","std/io/socket/basic","std/io/socket/datagram","std/io/socket/server","std/io/socket/client","std/io/socket/stream","std/io/socket/socket","std/io/socket/api","std/io/api","std/io","std/text/parser/ll1","std/list/alist","std/list/walist","std/encoding/json/reader","std/encoding/json/writer","std/encoding/json/io","std/misc/ports","std/list/plist","std/encoding/json/util","std/encoding/json/api","std/encoding/json","clan/poo/support/json","std/assert","clan/poo/support/io","clan/poo/mop","gerbil-ascent/table/trrel","gerbil-ascent/table/eqrel","core/types","gerbil-ascent/table/storage","gerbil-ascent/table/funs","gerbil-ascent/table/provider","gerbil-ascent/table/access","gerbil-ascent/program/graph","gerbil-ascent/program/funs","gerbil-ascent/program/analysis","gerbil-ascent/program/positive","gerbil-ascent/program/aggregators","gerbil-ascent/program/types","gerbil-ascent/program/objects","gerbil-ascent/program/scheme-checked","gerbil-ascent/program/update-selection","gerbil-ascent/program/reuse","gerbil-ascent/program/planning","gerbil-ascent/program/result","gerbil-ascent/program/admission","gerbil-ascent/program/evaluate","gerbil-ascent/program/session","gerbil-ascent/program/scheme-admission","gerbil-ascent/program/scheme-language","std/crypto/digest","gerbil-ascent/candidate/types","gerbil-ascent/candidate/program","gerbil-ascent/candidate/funs","gerbil-ascent/candidate/finite-evidence","gerbil-ascent/candidate/stratified-proof","gerbil-ascent/candidate/stratified-producer","gerbil-ascent/candidate/provenance","gerbil-ascent/candidate/nonmembership","gerbil-ascent/candidate/reasoning"]}
SOURCE-MODULE gerbil-ascent/candidate/types
SOURCE-MODULE gerbil-ascent/candidate/program
SOURCE-MODULE gerbil-ascent/candidate/funs
SOURCE-MODULE gerbil-ascent/candidate/finite-evidence
SOURCE-MODULE gerbil-ascent/candidate/stratified-provenance
SOURCE-CLOSURE {"root":":gerbil-ascent/candidate/stratified-provenance","modules":["gerbil/core/mop~MOP-5","gerbil/core/mop~MOP-system-classes","gerbil/core/mop~MOP-1","gerbil/core/mop~MOP-4","gerbil/core/sugar~Sugar-1","gerbil/core/sugar~QuasiquoteRuntime","gerbil/core/sugar~Quasiquote","gerbil/core/sugar~Sugar-2","gerbil/core/sugar~Sugar-3","gerbil/core/runtime~RuntimeAliases","gerbil/core/runtime~GerbilRuntime","gerbil/core/runtime~GambitRuntime","gerbil/core/runtime~R7RSRuntime","gerbil/core/runtime~R5RSRuntime","gerbil/core/runtime~Runtime","gerbil/core/runtime","gerbil/core/sugar","gerbil/core/mop","gerbil/core/contract~TypeReference","gerbil/core/contract~TypeCast","gerbil/core/contract~Using","gerbil/core/contract~Interface","gerbil/core/contract~ContractRules","gerbil/core/contract~TypedDefinitions","gerbil/core/match","gerbil/core/more-sugar","gerbil/core/module-sugar","gerbil/core/contract","gerbil/core","gerbil-ascent/table/trrel","gerbil-ascent/table/eqrel","gerbil/runtime/gambit","gerbil/runtime/util","gerbil/runtime/c3","gerbil/runtime/table","gerbil/runtime/mop","gerbil/runtime/error","gerbil/runtime/repl","gerbil/runtime/control","gerbil/runtime/system","gerbil/runtime/syntax","gerbil/runtime/interface","gerbil/runtime/hash","gerbil/runtime/eval","gerbil/runtime/thread","gerbil/runtime/mop-system-classes","gerbil/runtime/loader","gerbil/runtime/init","gerbil/runtime","gerbil/base","std/error","std/func","clan/poo/support/base","std/values","std/stxparam","std/string/symbol","std/list/list-builder","std/list/list","std/iter/interface","std/interface","std/iter/iterators","std/iter/macros","std/iter/api","std/iter","std/hash/misc","clan/poo/object","clan/poo/brace","clan/poo/support/repr","std/serde/scan","std/encoding/json/env","std/text/parser/char-set","std/encoding/hex","std/number/misc","std/ffi~C-struct","std/ffi","std/vector/u8vector","std/text/parser/base","std/io/interface/base","std/string/utf8","std/net/address/types","std/time/time","std/time/timeout","std/os/error","std/os/time","std/os/sockaddr","std/os/device","std/os/fcntl","std/os/socket","std/os/sockopt","std/io/interface/socket","std/io/interface/bio","std/io/interface","std/os/file","std/os/flock","std/io/file","std/encoding/base64","std/crypto/libcrypto","std/crypto/error","std/crypto/random","std/io/tempfile","std/io/bio/types","std/io/bio/macros","std/sync/spinlock","std/cache","std/io/bio/cache","std/io/bio/buffer","std/io/bio/output","std/io/bio/input","std/io/bio/delimited","std/io/bio/port","std/io/bio/srcsnk","std/io/bio/memory","std/io/bio/writer","std/io/bio/reader","std/io/bio/api","std/io/util","std/io/detachable","std/io/delimited","std/io/dummy","std/io/counter","std/io/socket/sockaddr","std/sync/rwlock","std/serde/util","std/serde/interface","std/hash/types","std/serde/deserialize","std/net/address/serde","std/format/ascii","std/format/env~integer-conversions","std/format/env","std/number/writer","std/serde/interned","std/serde/scanner","std/serde/serialize","std/format/ioutil","std/format/reader","std/format/writer","std/format/io","std/format/format-string","std/format/format","std/format/api","std/format","std/string/stringer","std/net/address/stringer","std/list/random","std/net/address/resolver","std/text/pregexp","std/net/address/parser","std/net/address/api","std/net/address","std/io/socket/types","std/io/socket/basic","std/io/socket/datagram","std/io/socket/server","std/io/socket/client","std/io/socket/stream","std/io/socket/socket","std/io/socket/api","std/io/api","std/io","std/text/parser/ll1","std/list/alist","std/list/walist","std/encoding/json/reader","std/encoding/json/writer","std/encoding/json/io","std/misc/ports","std/list/plist","std/encoding/json/util","std/encoding/json/api","std/encoding/json","clan/poo/support/json","std/assert","clan/poo/support/io","clan/poo/mop","core/types","gerbil-ascent/table/storage","gerbil-ascent/table/funs","gerbil-ascent/table/provider","gerbil-ascent/program/aggregators","gerbil-ascent/program/types","gerbil-ascent/program/objects","gerbil-ascent/program/scheme-checked","std/crypto/digest","gerbil-ascent/candidate/types","gerbil-ascent/candidate/program","gerbil-ascent/candidate/funs","gerbil-ascent/candidate/finite-evidence","gerbil-ascent/candidate/stratified-provenance"]}
SOURCE-MODULE gerbil-ascent/program/objects
SOURCE-MODULE gerbil-ascent/program/scheme-checked
SOURCE-MODULE std/list/list
SOURCE-MODULE gerbil-ascent/program/operator
SOURCE-MODULE gerbil-ascent/program/scheme-checked
SOURCE-MODULE gerbil-ascent/program/objects
SOURCE-MODULE clan/poo/object
SOURCE-MODULE std/list/list
SOURCE-MODULE gerbil-ascent/program/higher-order
SOURCE-CLOSURE {"modules":["gerbil/core/mop~MOP-5","gerbil/core/mop~MOP-system-classes","gerbil/core/mop~MOP-1","gerbil/core/mop~MOP-4","gerbil/core/sugar~Sugar-1","gerbil/core/sugar~QuasiquoteRuntime","gerbil/core/sugar~Quasiquote","gerbil/core/sugar~Sugar-2","gerbil/core/sugar~Sugar-3","gerbil/core/runtime~RuntimeAliases","gerbil/core/runtime~GerbilRuntime","gerbil/core/runtime~GambitRuntime","gerbil/core/runtime~R7RSRuntime","gerbil/core/runtime~R5RSRuntime","gerbil/core/runtime~Runtime","gerbil/core/runtime","gerbil/core/sugar","gerbil/core/mop","gerbil/core/contract~TypeReference","gerbil/core/contract~TypeCast","gerbil/core/contract~Using","gerbil/core/contract~Interface","gerbil/core/contract~ContractRules","gerbil/core/contract~TypedDefinitions","gerbil/core/match","gerbil/core/more-sugar","gerbil/core/module-sugar","gerbil/core/contract","gerbil/core","gerbil/runtime/gambit","gerbil/runtime/util","gerbil/runtime/c3","gerbil/runtime/table","gerbil/runtime/mop","gerbil/runtime/error","gerbil/runtime/repl","gerbil/runtime/control","gerbil/runtime/system","gerbil/runtime/syntax","gerbil/runtime/interface","gerbil/runtime/hash","gerbil/runtime/eval","gerbil/runtime/thread","gerbil/runtime/mop-system-classes","gerbil/runtime/loader","gerbil/runtime/init","gerbil/runtime","gerbil/base","std/list/list-builder","std/error","std/list/list","std/func","clan/poo/support/base","std/values","std/stxparam","std/string/symbol","std/iter/interface","std/interface","std/iter/iterators","std/iter/macros","std/iter/api","std/iter","std/hash/misc","clan/poo/object","gerbil-ascent/table/trrel","gerbil-ascent/table/eqrel","clan/poo/brace","clan/poo/support/repr","std/serde/scan","std/encoding/json/env","std/text/parser/char-set","std/encoding/hex","std/number/misc","std/ffi~C-struct","std/ffi","std/vector/u8vector","std/text/parser/base","std/io/interface/base","std/string/utf8","std/net/address/types","std/time/time","std/time/timeout","std/os/error","std/os/time","std/os/sockaddr","std/os/device","std/os/fcntl","std/os/socket","std/os/sockopt","std/io/interface/socket","std/io/interface/bio","std/io/interface","std/os/file","std/os/flock","std/io/file","std/encoding/base64","std/crypto/libcrypto","std/crypto/error","std/crypto/random","std/io/tempfile","std/io/bio/types","std/io/bio/macros","std/sync/spinlock","std/cache","std/io/bio/cache","std/io/bio/buffer","std/io/bio/output","std/io/bio/input","std/io/bio/delimited","std/io/bio/port","std/io/bio/srcsnk","std/io/bio/memory","std/io/bio/writer","std/io/bio/reader","std/io/bio/api","std/io/util","std/io/detachable","std/io/delimited","std/io/dummy","std/io/counter","std/io/socket/sockaddr","std/sync/rwlock","std/serde/util","std/serde/interface","std/hash/types","std/serde/deserialize","std/net/address/serde","std/format/ascii","std/format/env~integer-conversions","std/format/env","std/number/writer","std/serde/interned","std/serde/scanner","std/serde/serialize","std/format/ioutil","std/format/reader","std/format/writer","std/format/io","std/format/format-string","std/format/format","std/format/api","std/format","std/string/stringer","std/net/address/stringer","std/list/random","std/net/address/resolver","std/text/pregexp","std/net/address/parser","std/net/address/api","std/net/address","std/io/socket/types","std/io/socket/basic","std/io/socket/datagram","std/io/socket/server","std/io/socket/client","std/io/socket/stream","std/io/socket/socket","std/io/socket/api","std/io/api","std/io","std/text/parser/ll1","std/list/alist","std/list/walist","std/encoding/json/reader","std/encoding/json/writer","std/encoding/json/io","std/misc/ports","std/list/plist","std/encoding/json/util","std/encoding/json/api","std/encoding/json","clan/poo/support/json","std/assert","clan/poo/support/io","clan/poo/mop","core/types","gerbil-ascent/table/storage","gerbil-ascent/table/funs","gerbil-ascent/table/provider","gerbil-ascent/program/types","gerbil-ascent/program/objects","gerbil-ascent/program/aggregators","gerbil-ascent/program/scheme-checked","gerbil-ascent/program/operator","gerbil-ascent/program/higher-order"],"root":":gerbil-ascent/program/higher-order"}
SOURCE-MODULE gerbil-ascent/program/scheme-language
SOURCE-CLOSURE {"root":":gerbil-ascent/program/scheme-language","modules":["gerbil/core/mop~MOP-5","gerbil/core/mop~MOP-system-classes","gerbil/core/mop~MOP-1","gerbil/core/mop~MOP-4","gerbil/core/sugar~Sugar-1","gerbil/core/sugar~QuasiquoteRuntime","gerbil/core/sugar~Quasiquote","gerbil/core/sugar~Sugar-2","gerbil/core/sugar~Sugar-3","gerbil/core/runtime~RuntimeAliases","gerbil/core/runtime~GerbilRuntime","gerbil/core/runtime~GambitRuntime","gerbil/core/runtime~R7RSRuntime","gerbil/core/runtime~R5RSRuntime","gerbil/core/runtime~Runtime","gerbil/core/runtime","gerbil/core/sugar","gerbil/core/mop","gerbil/core/contract~TypeReference","gerbil/core/contract~TypeCast","gerbil/core/contract~Using","gerbil/core/contract~Interface","gerbil/core/contract~ContractRules","gerbil/core/contract~TypedDefinitions","gerbil/core/match","gerbil/core/more-sugar","gerbil/core/module-sugar","gerbil/core/contract","gerbil/core","gerbil/runtime/gambit","gerbil/runtime/util","gerbil/runtime/c3","gerbil/runtime/table","gerbil/runtime/mop","gerbil/runtime/error","gerbil/runtime/repl","gerbil/runtime/control","gerbil/runtime/system","gerbil/runtime/syntax","gerbil/runtime/interface","gerbil/runtime/hash","gerbil/runtime/eval","gerbil/runtime/thread","gerbil/runtime/mop-system-classes","gerbil/runtime/loader","gerbil/runtime/init","gerbil/runtime","gerbil/base","std/error","std/func","clan/poo/support/base","std/values","std/stxparam","std/string/symbol","std/list/list-builder","std/list/list","std/iter/interface","std/interface","std/iter/iterators","std/iter/macros","std/iter/api","std/iter","std/hash/misc","clan/poo/object","clan/poo/brace","clan/poo/support/repr","std/serde/scan","std/encoding/json/env","std/text/parser/char-set","std/encoding/hex","std/number/misc","std/ffi~C-struct","std/ffi","std/vector/u8vector","std/text/parser/base","std/io/interface/base","std/string/utf8","std/net/address/types","std/time/time","std/time/timeout","std/os/error","std/os/time","std/os/sockaddr","std/os/device","std/os/fcntl","std/os/socket","std/os/sockopt","std/io/interface/socket","std/io/interface/bio","std/io/interface","std/os/file","std/os/flock","std/io/file","std/encoding/base64","std/crypto/libcrypto","std/crypto/error","std/crypto/random","std/io/tempfile","std/io/bio/types","std/io/bio/macros","std/sync/spinlock","std/cache","std/io/bio/cache","std/io/bio/buffer","std/io/bio/output","std/io/bio/input","std/io/bio/delimited","std/io/bio/port","std/io/bio/srcsnk","std/io/bio/memory","std/io/bio/writer","std/io/bio/reader","std/io/bio/api","std/io/util","std/io/detachable","std/io/delimited","std/io/dummy","std/io/counter","std/io/socket/sockaddr","std/sync/rwlock","std/serde/util","std/serde/interface","std/hash/types","std/serde/deserialize","std/net/address/serde","std/format/ascii","std/format/env~integer-conversions","std/format/env","std/number/writer","std/serde/interned","std/serde/scanner","std/serde/serialize","std/format/ioutil","std/format/reader","std/format/writer","std/format/io","std/format/format-string","std/format/format","std/format/api","std/format","std/string/stringer","std/net/address/stringer","std/list/random","std/net/address/resolver","std/text/pregexp","std/net/address/parser","std/net/address/api","std/net/address","std/io/socket/types","std/io/socket/basic","std/io/socket/datagram","std/io/socket/server","std/io/socket/client","std/io/socket/stream","std/io/socket/socket","std/io/socket/api","std/io/api","std/io","std/text/parser/ll1","std/list/alist","std/list/walist","std/encoding/json/reader","std/encoding/json/writer","std/encoding/json/io","std/misc/ports","std/list/plist","std/encoding/json/util","std/encoding/json/api","std/encoding/json","clan/poo/support/json","std/assert","clan/poo/support/io","clan/poo/mop","gerbil-ascent/table/trrel","gerbil-ascent/table/eqrel","core/types","gerbil-ascent/table/storage","gerbil-ascent/table/funs","gerbil-ascent/table/provider","gerbil-ascent/table/access","gerbil-ascent/program/graph","gerbil-ascent/program/funs","gerbil-ascent/program/analysis","gerbil-ascent/program/positive","gerbil-ascent/program/aggregators","gerbil-ascent/program/types","gerbil-ascent/program/objects","gerbil-ascent/program/scheme-checked","gerbil-ascent/program/update-selection","gerbil-ascent/program/reuse","gerbil-ascent/program/planning","gerbil-ascent/program/result","gerbil-ascent/program/admission","gerbil-ascent/program/evaluate","gerbil-ascent/program/session","gerbil-ascent/program/scheme-admission","gerbil-ascent/program/scheme-language"]}
SOURCE-MODULE gerbil-ascent/program/session
SOURCE-CLOSURE {"modules":["gerbil/core/mop~MOP-5","gerbil/core/mop~MOP-system-classes","gerbil/core/mop~MOP-1","gerbil/core/mop~MOP-4","gerbil/core/sugar~Sugar-1","gerbil/core/sugar~QuasiquoteRuntime","gerbil/core/sugar~Quasiquote","gerbil/core/sugar~Sugar-2","gerbil/core/sugar~Sugar-3","gerbil/core/runtime~RuntimeAliases","gerbil/core/runtime~GerbilRuntime","gerbil/core/runtime~GambitRuntime","gerbil/core/runtime~R7RSRuntime","gerbil/core/runtime~R5RSRuntime","gerbil/core/runtime~Runtime","gerbil/core/runtime","gerbil/core/sugar","gerbil/core/mop","gerbil/core/contract~TypeReference","gerbil/core/contract~TypeCast","gerbil/core/contract~Using","gerbil/core/contract~Interface","gerbil/core/contract~ContractRules","gerbil/core/contract~TypedDefinitions","gerbil/core/match","gerbil/core/more-sugar","gerbil/core/module-sugar","gerbil/core/contract","gerbil/core","gerbil-ascent/table/trrel","gerbil-ascent/table/eqrel","gerbil/runtime/gambit","gerbil/runtime/util","gerbil/runtime/c3","gerbil/runtime/table","gerbil/runtime/mop","gerbil/runtime/error","gerbil/runtime/repl","gerbil/runtime/control","gerbil/runtime/system","gerbil/runtime/syntax","gerbil/runtime/interface","gerbil/runtime/hash","gerbil/runtime/eval","gerbil/runtime/thread","gerbil/runtime/mop-system-classes","gerbil/runtime/loader","gerbil/runtime/init","gerbil/runtime","gerbil/base","std/error","std/func","clan/poo/support/base","std/values","std/stxparam","std/string/symbol","std/list/list-builder","std/list/list","std/iter/interface","std/interface","std/iter/iterators","std/iter/macros","std/iter/api","std/iter","std/hash/misc","clan/poo/object","clan/poo/brace","clan/poo/support/repr","std/serde/scan","std/encoding/json/env","std/text/parser/char-set","std/encoding/hex","std/number/misc","std/ffi~C-struct","std/ffi","std/vector/u8vector","std/text/parser/base","std/io/interface/base","std/string/utf8","std/net/address/types","std/time/time","std/time/timeout","std/os/error","std/os/time","std/os/sockaddr","std/os/device","std/os/fcntl","std/os/socket","std/os/sockopt","std/io/interface/socket","std/io/interface/bio","std/io/interface","std/os/file","std/os/flock","std/io/file","std/encoding/base64","std/crypto/libcrypto","std/crypto/error","std/crypto/random","std/io/tempfile","std/io/bio/types","std/io/bio/macros","std/sync/spinlock","std/cache","std/io/bio/cache","std/io/bio/buffer","std/io/bio/output","std/io/bio/input","std/io/bio/delimited","std/io/bio/port","std/io/bio/srcsnk","std/io/bio/memory","std/io/bio/writer","std/io/bio/reader","std/io/bio/api","std/io/util","std/io/detachable","std/io/delimited","std/io/dummy","std/io/counter","std/io/socket/sockaddr","std/sync/rwlock","std/serde/util","std/serde/interface","std/hash/types","std/serde/deserialize","std/net/address/serde","std/format/ascii","std/format/env~integer-conversions","std/format/env","std/number/writer","std/serde/interned","std/serde/scanner","std/serde/serialize","std/format/ioutil","std/format/reader","std/format/writer","std/format/io","std/format/format-string","std/format/format","std/format/api","std/format","std/string/stringer","std/net/address/stringer","std/list/random","std/net/address/resolver","std/text/pregexp","std/net/address/parser","std/net/address/api","std/net/address","std/io/socket/types","std/io/socket/basic","std/io/socket/datagram","std/io/socket/server","std/io/socket/client","std/io/socket/stream","std/io/socket/socket","std/io/socket/api","std/io/api","std/io","std/text/parser/ll1","std/list/alist","std/list/walist","std/encoding/json/reader","std/encoding/json/writer","std/encoding/json/io","std/misc/ports","std/list/plist","std/encoding/json/util","std/encoding/json/api","std/encoding/json","clan/poo/support/json","std/assert","clan/poo/support/io","clan/poo/mop","core/types","gerbil-ascent/table/storage","gerbil-ascent/table/funs","gerbil-ascent/table/provider","gerbil-ascent/table/access","gerbil-ascent/program/graph","gerbil-ascent/program/funs","gerbil-ascent/program/analysis","gerbil-ascent/program/positive","gerbil-ascent/program/aggregators","gerbil-ascent/program/types","gerbil-ascent/program/objects","gerbil-ascent/program/scheme-checked","gerbil-ascent/program/update-selection","gerbil-ascent/program/reuse","gerbil-ascent/program/planning","gerbil-ascent/program/result","gerbil-ascent/program/admission","gerbil-ascent/program/evaluate","gerbil-ascent/program/session"],"root":":gerbil-ascent/program/session"}
MODULE-OK Scheme compiler source closure
HARNESS-OK Scheme compiler source closure
OK
