NATIVE-MODULE-OK /Users/guangtao/ghq/github.com/tao3k/gerbil-ascent/.gerbil/row-propagation/lib/gerbil-ascent/t/performance/row-propagation/reference.ssi
NATIVE-MODULE-OK /Users/guangtao/ghq/github.com/tao3k/gerbil-ascent/.gerbil/row-propagation/lib/gerbil-ascent/t/performance/row-propagation/kernel.ssi
CASE frontier-complete-32-degree-1 samples=1000 repetitions=1
PROGRESS frontier-complete-32-degree-1 10/1000
PROGRESS frontier-complete-32-degree-1 20/1000
PROGRESS frontier-complete-32-degree-1 30/1000
PROGRESS frontier-complete-32-degree-1 40/1000
PROGRESS frontier-complete-32-degree-1 50/1000
PROGRESS frontier-complete-32-degree-1 60/1000
PROGRESS frontier-complete-32-degree-1 70/1000
PROGRESS frontier-complete-32-degree-1 80/1000
PROGRESS frontier-complete-32-degree-1 90/1000
PROGRESS frontier-complete-32-degree-1 100/1000
PROGRESS frontier-complete-32-degree-1 110/1000
PROGRESS frontier-complete-32-degree-1 120/1000
PROGRESS frontier-complete-32-degree-1 130/1000
PROGRESS frontier-complete-32-degree-1 140/1000
PROGRESS frontier-complete-32-degree-1 150/1000
PROGRESS frontier-complete-32-degree-1 160/1000
PROGRESS frontier-complete-32-degree-1 170/1000
PROGRESS frontier-complete-32-degree-1 180/1000
PROGRESS frontier-complete-32-degree-1 190/1000
PROGRESS frontier-complete-32-degree-1 200/1000
PROGRESS frontier-complete-32-degree-1 210/1000
PROGRESS frontier-complete-32-degree-1 220/1000
PROGRESS frontier-complete-32-degree-1 230/1000
PROGRESS frontier-complete-32-degree-1 240/1000
PROGRESS frontier-complete-32-degree-1 250/1000
PROGRESS frontier-complete-32-degree-1 260/1000
PROGRESS frontier-complete-32-degree-1 270/1000
PROGRESS frontier-complete-32-degree-1 280/1000
PROGRESS frontier-complete-32-degree-1 290/1000
PROGRESS frontier-complete-32-degree-1 300/1000
PROGRESS frontier-complete-32-degree-1 310/1000
PROGRESS frontier-complete-32-degree-1 320/1000
PROGRESS frontier-complete-32-degree-1 330/1000
PROGRESS frontier-complete-32-degree-1 340/1000
PROGRESS frontier-complete-32-degree-1 350/1000
PROGRESS frontier-complete-32-degree-1 360/1000
PROGRESS frontier-complete-32-degree-1 370/1000
PROGRESS frontier-complete-32-degree-1 380/1000
PROGRESS frontier-complete-32-degree-1 390/1000
PROGRESS frontier-complete-32-degree-1 400/1000
PROGRESS frontier-complete-32-degree-1 410/1000
PROGRESS frontier-complete-32-degree-1 420/1000
PROGRESS frontier-complete-32-degree-1 430/1000
PROGRESS frontier-complete-32-degree-1 440/1000
PROGRESS frontier-complete-32-degree-1 450/1000
PROGRESS frontier-complete-32-degree-1 460/1000
PROGRESS frontier-complete-32-degree-1 470/1000
PROGRESS frontier-complete-32-degree-1 480/1000
PROGRESS frontier-complete-32-degree-1 490/1000
PROGRESS frontier-complete-32-degree-1 500/1000
PROGRESS frontier-complete-32-degree-1 510/1000
PROGRESS frontier-complete-32-degree-1 520/1000
PROGRESS frontier-complete-32-degree-1 530/1000
PROGRESS frontier-complete-32-degree-1 540/1000
PROGRESS frontier-complete-32-degree-1 550/1000
PROGRESS frontier-complete-32-degree-1 560/1000
PROGRESS frontier-complete-32-degree-1 570/1000
PROGRESS frontier-complete-32-degree-1 580/1000
PROGRESS frontier-complete-32-degree-1 590/1000
PROGRESS frontier-complete-32-degree-1 600/1000
PROGRESS frontier-complete-32-degree-1 610/1000
PROGRESS frontier-complete-32-degree-1 620/1000
PROGRESS frontier-complete-32-degree-1 630/1000
PROGRESS frontier-complete-32-degree-1 640/1000
PROGRESS frontier-complete-32-degree-1 650/1000
PROGRESS frontier-complete-32-degree-1 660/1000
PROGRESS frontier-complete-32-degree-1 670/1000
PROGRESS frontier-complete-32-degree-1 680/1000
PROGRESS frontier-complete-32-degree-1 690/1000
PROGRESS frontier-complete-32-degree-1 700/1000
PROGRESS frontier-complete-32-degree-1 710/1000
PROGRESS frontier-complete-32-degree-1 720/1000
PROGRESS frontier-complete-32-degree-1 730/1000
PROGRESS frontier-complete-32-degree-1 740/1000
PROGRESS frontier-complete-32-degree-1 750/1000
PROGRESS frontier-complete-32-degree-1 760/1000
PROGRESS frontier-complete-32-degree-1 770/1000
PROGRESS frontier-complete-32-degree-1 780/1000
PROGRESS frontier-complete-32-degree-1 790/1000
PROGRESS frontier-complete-32-degree-1 800/1000
PROGRESS frontier-complete-32-degree-1 810/1000
PROGRESS frontier-complete-32-degree-1 820/1000
PROGRESS frontier-complete-32-degree-1 830/1000
PROGRESS frontier-complete-32-degree-1 840/1000
PROGRESS frontier-complete-32-degree-1 850/1000
PROGRESS frontier-complete-32-degree-1 860/1000
PROGRESS frontier-complete-32-degree-1 870/1000
PROGRESS frontier-complete-32-degree-1 880/1000
PROGRESS frontier-complete-32-degree-1 890/1000
PROGRESS frontier-complete-32-degree-1 900/1000
PROGRESS frontier-complete-32-degree-1 910/1000
PROGRESS frontier-complete-32-degree-1 920/1000
PROGRESS frontier-complete-32-degree-1 930/1000
PROGRESS frontier-complete-32-degree-1 940/1000
PROGRESS frontier-complete-32-degree-1 950/1000
PROGRESS frontier-complete-32-degree-1 960/1000
PROGRESS frontier-complete-32-degree-1 970/1000
PROGRESS frontier-complete-32-degree-1 980/1000
PROGRESS frontier-complete-32-degree-1 990/1000
PROGRESS frontier-complete-32-degree-1 1000/1000
RESULT frontier-complete-32-degree-1 old-p50-bytes=362352 new-p50-bytes=303520 paired-wins=996/1000
CASE frontier-complete-32-degree-2 samples=1000 repetitions=1
PROGRESS frontier-complete-32-degree-2 10/1000
PROGRESS frontier-complete-32-degree-2 20/1000
PROGRESS frontier-complete-32-degree-2 30/1000
PROGRESS frontier-complete-32-degree-2 40/1000
PROGRESS frontier-complete-32-degree-2 50/1000
PROGRESS frontier-complete-32-degree-2 60/1000
PROGRESS frontier-complete-32-degree-2 70/1000
PROGRESS frontier-complete-32-degree-2 80/1000
PROGRESS frontier-complete-32-degree-2 90/1000
PROGRESS frontier-complete-32-degree-2 100/1000
PROGRESS frontier-complete-32-degree-2 110/1000
PROGRESS frontier-complete-32-degree-2 120/1000
PROGRESS frontier-complete-32-degree-2 130/1000
PROGRESS frontier-complete-32-degree-2 140/1000
PROGRESS frontier-complete-32-degree-2 150/1000
PROGRESS frontier-complete-32-degree-2 160/1000
PROGRESS frontier-complete-32-degree-2 170/1000
PROGRESS frontier-complete-32-degree-2 180/1000
PROGRESS frontier-complete-32-degree-2 190/1000
PROGRESS frontier-complete-32-degree-2 200/1000
PROGRESS frontier-complete-32-degree-2 210/1000
PROGRESS frontier-complete-32-degree-2 220/1000
PROGRESS frontier-complete-32-degree-2 230/1000
PROGRESS frontier-complete-32-degree-2 240/1000
PROGRESS frontier-complete-32-degree-2 250/1000
PROGRESS frontier-complete-32-degree-2 260/1000
PROGRESS frontier-complete-32-degree-2 270/1000
PROGRESS frontier-complete-32-degree-2 280/1000
PROGRESS frontier-complete-32-degree-2 290/1000
PROGRESS frontier-complete-32-degree-2 300/1000
PROGRESS frontier-complete-32-degree-2 310/1000
PROGRESS frontier-complete-32-degree-2 320/1000
PROGRESS frontier-complete-32-degree-2 330/1000
PROGRESS frontier-complete-32-degree-2 340/1000
PROGRESS frontier-complete-32-degree-2 350/1000
PROGRESS frontier-complete-32-degree-2 360/1000
PROGRESS frontier-complete-32-degree-2 370/1000
PROGRESS frontier-complete-32-degree-2 380/1000
PROGRESS frontier-complete-32-degree-2 390/1000
PROGRESS frontier-complete-32-degree-2 400/1000
PROGRESS frontier-complete-32-degree-2 410/1000
PROGRESS frontier-complete-32-degree-2 420/1000
PROGRESS frontier-complete-32-degree-2 430/1000
PROGRESS frontier-complete-32-degree-2 440/1000
PROGRESS frontier-complete-32-degree-2 450/1000
PROGRESS frontier-complete-32-degree-2 460/1000
PROGRESS frontier-complete-32-degree-2 470/1000
PROGRESS frontier-complete-32-degree-2 480/1000
PROGRESS frontier-complete-32-degree-2 490/1000
PROGRESS frontier-complete-32-degree-2 500/1000
PROGRESS frontier-complete-32-degree-2 510/1000
PROGRESS frontier-complete-32-degree-2 520/1000
PROGRESS frontier-complete-32-degree-2 530/1000
PROGRESS frontier-complete-32-degree-2 540/1000
PROGRESS frontier-complete-32-degree-2 550/1000
PROGRESS frontier-complete-32-degree-2 560/1000
PROGRESS frontier-complete-32-degree-2 570/1000
PROGRESS frontier-complete-32-degree-2 580/1000
PROGRESS frontier-complete-32-degree-2 590/1000
PROGRESS frontier-complete-32-degree-2 600/1000
PROGRESS frontier-complete-32-degree-2 610/1000
PROGRESS frontier-complete-32-degree-2 620/1000
PROGRESS frontier-complete-32-degree-2 630/1000
PROGRESS frontier-complete-32-degree-2 640/1000
PROGRESS frontier-complete-32-degree-2 650/1000
PROGRESS frontier-complete-32-degree-2 660/1000
PROGRESS frontier-complete-32-degree-2 670/1000
PROGRESS frontier-complete-32-degree-2 680/1000
PROGRESS frontier-complete-32-degree-2 690/1000
PROGRESS frontier-complete-32-degree-2 700/1000
PROGRESS frontier-complete-32-degree-2 710/1000
PROGRESS frontier-complete-32-degree-2 720/1000
PROGRESS frontier-complete-32-degree-2 730/1000
PROGRESS frontier-complete-32-degree-2 740/1000
PROGRESS frontier-complete-32-degree-2 750/1000
PROGRESS frontier-complete-32-degree-2 760/1000
PROGRESS frontier-complete-32-degree-2 770/1000
PROGRESS frontier-complete-32-degree-2 780/1000
PROGRESS frontier-complete-32-degree-2 790/1000
PROGRESS frontier-complete-32-degree-2 800/1000
PROGRESS frontier-complete-32-degree-2 810/1000
PROGRESS frontier-complete-32-degree-2 820/1000
PROGRESS frontier-complete-32-degree-2 830/1000
PROGRESS frontier-complete-32-degree-2 840/1000
PROGRESS frontier-complete-32-degree-2 850/1000
PROGRESS frontier-complete-32-degree-2 860/1000
PROGRESS frontier-complete-32-degree-2 870/1000
PROGRESS frontier-complete-32-degree-2 880/1000
PROGRESS frontier-complete-32-degree-2 890/1000
PROGRESS frontier-complete-32-degree-2 900/1000
PROGRESS frontier-complete-32-degree-2 910/1000
PROGRESS frontier-complete-32-degree-2 920/1000
PROGRESS frontier-complete-32-degree-2 930/1000
PROGRESS frontier-complete-32-degree-2 940/1000
PROGRESS frontier-complete-32-degree-2 950/1000
PROGRESS frontier-complete-32-degree-2 960/1000
PROGRESS frontier-complete-32-degree-2 970/1000
PROGRESS frontier-complete-32-degree-2 980/1000
PROGRESS frontier-complete-32-degree-2 990/1000
PROGRESS frontier-complete-32-degree-2 1000/1000
RESULT frontier-complete-32-degree-2 old-p50-bytes=366320 new-p50-bytes=273824 paired-wins=996/1000
CASE frontier-complete-32-degree-4 samples=1000 repetitions=1
PROGRESS frontier-complete-32-degree-4 10/1000
PROGRESS frontier-complete-32-degree-4 20/1000
PROGRESS frontier-complete-32-degree-4 30/1000
PROGRESS frontier-complete-32-degree-4 40/1000
PROGRESS frontier-complete-32-degree-4 50/1000
PROGRESS frontier-complete-32-degree-4 60/1000
PROGRESS frontier-complete-32-degree-4 70/1000
PROGRESS frontier-complete-32-degree-4 80/1000
PROGRESS frontier-complete-32-degree-4 90/1000
PROGRESS frontier-complete-32-degree-4 100/1000
PROGRESS frontier-complete-32-degree-4 110/1000
PROGRESS frontier-complete-32-degree-4 120/1000
PROGRESS frontier-complete-32-degree-4 130/1000
PROGRESS frontier-complete-32-degree-4 140/1000
PROGRESS frontier-complete-32-degree-4 150/1000
PROGRESS frontier-complete-32-degree-4 160/1000
PROGRESS frontier-complete-32-degree-4 170/1000
PROGRESS frontier-complete-32-degree-4 180/1000
PROGRESS frontier-complete-32-degree-4 190/1000
PROGRESS frontier-complete-32-degree-4 200/1000
PROGRESS frontier-complete-32-degree-4 210/1000
PROGRESS frontier-complete-32-degree-4 220/1000
PROGRESS frontier-complete-32-degree-4 230/1000
PROGRESS frontier-complete-32-degree-4 240/1000
PROGRESS frontier-complete-32-degree-4 250/1000
PROGRESS frontier-complete-32-degree-4 260/1000
PROGRESS frontier-complete-32-degree-4 270/1000
PROGRESS frontier-complete-32-degree-4 280/1000
PROGRESS frontier-complete-32-degree-4 290/1000
PROGRESS frontier-complete-32-degree-4 300/1000
PROGRESS frontier-complete-32-degree-4 310/1000
PROGRESS frontier-complete-32-degree-4 320/1000
PROGRESS frontier-complete-32-degree-4 330/1000
PROGRESS frontier-complete-32-degree-4 340/1000
PROGRESS frontier-complete-32-degree-4 350/1000
PROGRESS frontier-complete-32-degree-4 360/1000
PROGRESS frontier-complete-32-degree-4 370/1000
PROGRESS frontier-complete-32-degree-4 380/1000
PROGRESS frontier-complete-32-degree-4 390/1000
PROGRESS frontier-complete-32-degree-4 400/1000
PROGRESS frontier-complete-32-degree-4 410/1000
PROGRESS frontier-complete-32-degree-4 420/1000
PROGRESS frontier-complete-32-degree-4 430/1000
PROGRESS frontier-complete-32-degree-4 440/1000
PROGRESS frontier-complete-32-degree-4 450/1000
PROGRESS frontier-complete-32-degree-4 460/1000
PROGRESS frontier-complete-32-degree-4 470/1000
PROGRESS frontier-complete-32-degree-4 480/1000
PROGRESS frontier-complete-32-degree-4 490/1000
PROGRESS frontier-complete-32-degree-4 500/1000
PROGRESS frontier-complete-32-degree-4 510/1000
PROGRESS frontier-complete-32-degree-4 520/1000
PROGRESS frontier-complete-32-degree-4 530/1000
PROGRESS frontier-complete-32-degree-4 540/1000
PROGRESS frontier-complete-32-degree-4 550/1000
PROGRESS frontier-complete-32-degree-4 560/1000
PROGRESS frontier-complete-32-degree-4 570/1000
PROGRESS frontier-complete-32-degree-4 580/1000
PROGRESS frontier-complete-32-degree-4 590/1000
PROGRESS frontier-complete-32-degree-4 600/1000
PROGRESS frontier-complete-32-degree-4 610/1000
PROGRESS frontier-complete-32-degree-4 620/1000
PROGRESS frontier-complete-32-degree-4 630/1000
PROGRESS frontier-complete-32-degree-4 640/1000
PROGRESS frontier-complete-32-degree-4 650/1000
PROGRESS frontier-complete-32-degree-4 660/1000
PROGRESS frontier-complete-32-degree-4 670/1000
PROGRESS frontier-complete-32-degree-4 680/1000
PROGRESS frontier-complete-32-degree-4 690/1000
PROGRESS frontier-complete-32-degree-4 700/1000
PROGRESS frontier-complete-32-degree-4 710/1000
PROGRESS frontier-complete-32-degree-4 720/1000
PROGRESS frontier-complete-32-degree-4 730/1000
PROGRESS frontier-complete-32-degree-4 740/1000
PROGRESS frontier-complete-32-degree-4 750/1000
PROGRESS frontier-complete-32-degree-4 760/1000
PROGRESS frontier-complete-32-degree-4 770/1000
PROGRESS frontier-complete-32-degree-4 780/1000
PROGRESS frontier-complete-32-degree-4 790/1000
PROGRESS frontier-complete-32-degree-4 800/1000
PROGRESS frontier-complete-32-degree-4 810/1000
PROGRESS frontier-complete-32-degree-4 820/1000
PROGRESS frontier-complete-32-degree-4 830/1000
PROGRESS frontier-complete-32-degree-4 840/1000
PROGRESS frontier-complete-32-degree-4 850/1000
PROGRESS frontier-complete-32-degree-4 860/1000
PROGRESS frontier-complete-32-degree-4 870/1000
PROGRESS frontier-complete-32-degree-4 880/1000
PROGRESS frontier-complete-32-degree-4 890/1000
PROGRESS frontier-complete-32-degree-4 900/1000
PROGRESS frontier-complete-32-degree-4 910/1000
PROGRESS frontier-complete-32-degree-4 920/1000
PROGRESS frontier-complete-32-degree-4 930/1000
PROGRESS frontier-complete-32-degree-4 940/1000
PROGRESS frontier-complete-32-degree-4 950/1000
PROGRESS frontier-complete-32-degree-4 960/1000
PROGRESS frontier-complete-32-degree-4 970/1000
PROGRESS frontier-complete-32-degree-4 980/1000
PROGRESS frontier-complete-32-degree-4 990/1000
PROGRESS frontier-complete-32-degree-4 1000/1000
RESULT frontier-complete-32-degree-4 old-p50-bytes=375792 new-p50-bytes=263584 paired-wins=995/1000
CASE frontier-complete-32-degree-8 samples=1000 repetitions=1
PROGRESS frontier-complete-32-degree-8 10/1000
PROGRESS frontier-complete-32-degree-8 20/1000
PROGRESS frontier-complete-32-degree-8 30/1000
PROGRESS frontier-complete-32-degree-8 40/1000
PROGRESS frontier-complete-32-degree-8 50/1000
PROGRESS frontier-complete-32-degree-8 60/1000
PROGRESS frontier-complete-32-degree-8 70/1000
PROGRESS frontier-complete-32-degree-8 80/1000
PROGRESS frontier-complete-32-degree-8 90/1000
PROGRESS frontier-complete-32-degree-8 100/1000
PROGRESS frontier-complete-32-degree-8 110/1000
PROGRESS frontier-complete-32-degree-8 120/1000
PROGRESS frontier-complete-32-degree-8 130/1000
PROGRESS frontier-complete-32-degree-8 140/1000
PROGRESS frontier-complete-32-degree-8 150/1000
PROGRESS frontier-complete-32-degree-8 160/1000
PROGRESS frontier-complete-32-degree-8 170/1000
PROGRESS frontier-complete-32-degree-8 180/1000
PROGRESS frontier-complete-32-degree-8 190/1000
PROGRESS frontier-complete-32-degree-8 200/1000
PROGRESS frontier-complete-32-degree-8 210/1000
PROGRESS frontier-complete-32-degree-8 220/1000
PROGRESS frontier-complete-32-degree-8 230/1000
PROGRESS frontier-complete-32-degree-8 240/1000
PROGRESS frontier-complete-32-degree-8 250/1000
PROGRESS frontier-complete-32-degree-8 260/1000
PROGRESS frontier-complete-32-degree-8 270/1000
PROGRESS frontier-complete-32-degree-8 280/1000
PROGRESS frontier-complete-32-degree-8 290/1000
PROGRESS frontier-complete-32-degree-8 300/1000
PROGRESS frontier-complete-32-degree-8 310/1000
PROGRESS frontier-complete-32-degree-8 320/1000
PROGRESS frontier-complete-32-degree-8 330/1000
PROGRESS frontier-complete-32-degree-8 340/1000
PROGRESS frontier-complete-32-degree-8 350/1000
PROGRESS frontier-complete-32-degree-8 360/1000
PROGRESS frontier-complete-32-degree-8 370/1000
PROGRESS frontier-complete-32-degree-8 380/1000
PROGRESS frontier-complete-32-degree-8 390/1000
PROGRESS frontier-complete-32-degree-8 400/1000
PROGRESS frontier-complete-32-degree-8 410/1000
PROGRESS frontier-complete-32-degree-8 420/1000
PROGRESS frontier-complete-32-degree-8 430/1000
PROGRESS frontier-complete-32-degree-8 440/1000
PROGRESS frontier-complete-32-degree-8 450/1000
PROGRESS frontier-complete-32-degree-8 460/1000
PROGRESS frontier-complete-32-degree-8 470/1000
PROGRESS frontier-complete-32-degree-8 480/1000
PROGRESS frontier-complete-32-degree-8 490/1000
PROGRESS frontier-complete-32-degree-8 500/1000
PROGRESS frontier-complete-32-degree-8 510/1000
PROGRESS frontier-complete-32-degree-8 520/1000
PROGRESS frontier-complete-32-degree-8 530/1000
PROGRESS frontier-complete-32-degree-8 540/1000
PROGRESS frontier-complete-32-degree-8 550/1000
PROGRESS frontier-complete-32-degree-8 560/1000
PROGRESS frontier-complete-32-degree-8 570/1000
PROGRESS frontier-complete-32-degree-8 580/1000
PROGRESS frontier-complete-32-degree-8 590/1000
PROGRESS frontier-complete-32-degree-8 600/1000
PROGRESS frontier-complete-32-degree-8 610/1000
PROGRESS frontier-complete-32-degree-8 620/1000
PROGRESS frontier-complete-32-degree-8 630/1000
PROGRESS frontier-complete-32-degree-8 640/1000
PROGRESS frontier-complete-32-degree-8 650/1000
PROGRESS frontier-complete-32-degree-8 660/1000
PROGRESS frontier-complete-32-degree-8 670/1000
PROGRESS frontier-complete-32-degree-8 680/1000
PROGRESS frontier-complete-32-degree-8 690/1000
PROGRESS frontier-complete-32-degree-8 700/1000
PROGRESS frontier-complete-32-degree-8 710/1000
PROGRESS frontier-complete-32-degree-8 720/1000
PROGRESS frontier-complete-32-degree-8 730/1000
PROGRESS frontier-complete-32-degree-8 740/1000
PROGRESS frontier-complete-32-degree-8 750/1000
PROGRESS frontier-complete-32-degree-8 760/1000
PROGRESS frontier-complete-32-degree-8 770/1000
PROGRESS frontier-complete-32-degree-8 780/1000
PROGRESS frontier-complete-32-degree-8 790/1000
PROGRESS frontier-complete-32-degree-8 800/1000
PROGRESS frontier-complete-32-degree-8 810/1000
PROGRESS frontier-complete-32-degree-8 820/1000
PROGRESS frontier-complete-32-degree-8 830/1000
PROGRESS frontier-complete-32-degree-8 840/1000
PROGRESS frontier-complete-32-degree-8 850/1000
PROGRESS frontier-complete-32-degree-8 860/1000
PROGRESS frontier-complete-32-degree-8 870/1000
PROGRESS frontier-complete-32-degree-8 880/1000
PROGRESS frontier-complete-32-degree-8 890/1000
PROGRESS frontier-complete-32-degree-8 900/1000
PROGRESS frontier-complete-32-degree-8 910/1000
PROGRESS frontier-complete-32-degree-8 920/1000
PROGRESS frontier-complete-32-degree-8 930/1000
PROGRESS frontier-complete-32-degree-8 940/1000
PROGRESS frontier-complete-32-degree-8 950/1000
PROGRESS frontier-complete-32-degree-8 960/1000
PROGRESS frontier-complete-32-degree-8 970/1000
PROGRESS frontier-complete-32-degree-8 980/1000
PROGRESS frontier-complete-32-degree-8 990/1000
PROGRESS frontier-complete-32-degree-8 1000/1000
RESULT frontier-complete-32-degree-8 old-p50-bytes=395536 new-p50-bytes=267712 paired-wins=995/1000
CASE frontier-complete-32-degree-16 samples=1000 repetitions=1
PROGRESS frontier-complete-32-degree-16 10/1000
PROGRESS frontier-complete-32-degree-16 20/1000
PROGRESS frontier-complete-32-degree-16 30/1000
PROGRESS frontier-complete-32-degree-16 40/1000
PROGRESS frontier-complete-32-degree-16 50/1000
PROGRESS frontier-complete-32-degree-16 60/1000
PROGRESS frontier-complete-32-degree-16 70/1000
PROGRESS frontier-complete-32-degree-16 80/1000
PROGRESS frontier-complete-32-degree-16 90/1000
PROGRESS frontier-complete-32-degree-16 100/1000
PROGRESS frontier-complete-32-degree-16 110/1000
PROGRESS frontier-complete-32-degree-16 120/1000
PROGRESS frontier-complete-32-degree-16 130/1000
PROGRESS frontier-complete-32-degree-16 140/1000
PROGRESS frontier-complete-32-degree-16 150/1000
PROGRESS frontier-complete-32-degree-16 160/1000
PROGRESS frontier-complete-32-degree-16 170/1000
PROGRESS frontier-complete-32-degree-16 180/1000
PROGRESS frontier-complete-32-degree-16 190/1000
PROGRESS frontier-complete-32-degree-16 200/1000
PROGRESS frontier-complete-32-degree-16 210/1000
PROGRESS frontier-complete-32-degree-16 220/1000
PROGRESS frontier-complete-32-degree-16 230/1000
PROGRESS frontier-complete-32-degree-16 240/1000
PROGRESS frontier-complete-32-degree-16 250/1000
PROGRESS frontier-complete-32-degree-16 260/1000
PROGRESS frontier-complete-32-degree-16 270/1000
PROGRESS frontier-complete-32-degree-16 280/1000
PROGRESS frontier-complete-32-degree-16 290/1000
PROGRESS frontier-complete-32-degree-16 300/1000
PROGRESS frontier-complete-32-degree-16 310/1000
PROGRESS frontier-complete-32-degree-16 320/1000
PROGRESS frontier-complete-32-degree-16 330/1000
PROGRESS frontier-complete-32-degree-16 340/1000
PROGRESS frontier-complete-32-degree-16 350/1000
PROGRESS frontier-complete-32-degree-16 360/1000
PROGRESS frontier-complete-32-degree-16 370/1000
PROGRESS frontier-complete-32-degree-16 380/1000
PROGRESS frontier-complete-32-degree-16 390/1000
PROGRESS frontier-complete-32-degree-16 400/1000
PROGRESS frontier-complete-32-degree-16 410/1000
PROGRESS frontier-complete-32-degree-16 420/1000
PROGRESS frontier-complete-32-degree-16 430/1000
PROGRESS frontier-complete-32-degree-16 440/1000
PROGRESS frontier-complete-32-degree-16 450/1000
PROGRESS frontier-complete-32-degree-16 460/1000
PROGRESS frontier-complete-32-degree-16 470/1000
PROGRESS frontier-complete-32-degree-16 480/1000
PROGRESS frontier-complete-32-degree-16 490/1000
PROGRESS frontier-complete-32-degree-16 500/1000
PROGRESS frontier-complete-32-degree-16 510/1000
PROGRESS frontier-complete-32-degree-16 520/1000
PROGRESS frontier-complete-32-degree-16 530/1000
PROGRESS frontier-complete-32-degree-16 540/1000
PROGRESS frontier-complete-32-degree-16 550/1000
PROGRESS frontier-complete-32-degree-16 560/1000
PROGRESS frontier-complete-32-degree-16 570/1000
PROGRESS frontier-complete-32-degree-16 580/1000
PROGRESS frontier-complete-32-degree-16 590/1000
PROGRESS frontier-complete-32-degree-16 600/1000
PROGRESS frontier-complete-32-degree-16 610/1000
PROGRESS frontier-complete-32-degree-16 620/1000
PROGRESS frontier-complete-32-degree-16 630/1000
PROGRESS frontier-complete-32-degree-16 640/1000
PROGRESS frontier-complete-32-degree-16 650/1000
PROGRESS frontier-complete-32-degree-16 660/1000
PROGRESS frontier-complete-32-degree-16 670/1000
PROGRESS frontier-complete-32-degree-16 680/1000
PROGRESS frontier-complete-32-degree-16 690/1000
PROGRESS frontier-complete-32-degree-16 700/1000
PROGRESS frontier-complete-32-degree-16 710/1000
PROGRESS frontier-complete-32-degree-16 720/1000
PROGRESS frontier-complete-32-degree-16 730/1000
PROGRESS frontier-complete-32-degree-16 740/1000
PROGRESS frontier-complete-32-degree-16 750/1000
PROGRESS frontier-complete-32-degree-16 760/1000
PROGRESS frontier-complete-32-degree-16 770/1000
PROGRESS frontier-complete-32-degree-16 780/1000
PROGRESS frontier-complete-32-degree-16 790/1000
PROGRESS frontier-complete-32-degree-16 800/1000
PROGRESS frontier-complete-32-degree-16 810/1000
PROGRESS frontier-complete-32-degree-16 820/1000
PROGRESS frontier-complete-32-degree-16 830/1000
PROGRESS frontier-complete-32-degree-16 840/1000
PROGRESS frontier-complete-32-degree-16 850/1000
PROGRESS frontier-complete-32-degree-16 860/1000
PROGRESS frontier-complete-32-degree-16 870/1000
PROGRESS frontier-complete-32-degree-16 880/1000
PROGRESS frontier-complete-32-degree-16 890/1000
PROGRESS frontier-complete-32-degree-16 900/1000
PROGRESS frontier-complete-32-degree-16 910/1000
PROGRESS frontier-complete-32-degree-16 920/1000
PROGRESS frontier-complete-32-degree-16 930/1000
PROGRESS frontier-complete-32-degree-16 940/1000
PROGRESS frontier-complete-32-degree-16 950/1000
PROGRESS frontier-complete-32-degree-16 960/1000
PROGRESS frontier-complete-32-degree-16 970/1000
PROGRESS frontier-complete-32-degree-16 980/1000
PROGRESS frontier-complete-32-degree-16 990/1000
PROGRESS frontier-complete-32-degree-16 1000/1000
RESULT frontier-complete-32-degree-16 old-p50-bytes=432464 new-p50-bytes=288192 paired-wins=995/1000
CASE frontier-complete-32-degree-31 samples=1000 repetitions=1
PROGRESS frontier-complete-32-degree-31 10/1000
PROGRESS frontier-complete-32-degree-31 20/1000
PROGRESS frontier-complete-32-degree-31 30/1000
PROGRESS frontier-complete-32-degree-31 40/1000
PROGRESS frontier-complete-32-degree-31 50/1000
PROGRESS frontier-complete-32-degree-31 60/1000
PROGRESS frontier-complete-32-degree-31 70/1000
PROGRESS frontier-complete-32-degree-31 80/1000
PROGRESS frontier-complete-32-degree-31 90/1000
PROGRESS frontier-complete-32-degree-31 100/1000
PROGRESS frontier-complete-32-degree-31 110/1000
PROGRESS frontier-complete-32-degree-31 120/1000
PROGRESS frontier-complete-32-degree-31 130/1000
PROGRESS frontier-complete-32-degree-31 140/1000
PROGRESS frontier-complete-32-degree-31 150/1000
PROGRESS frontier-complete-32-degree-31 160/1000
PROGRESS frontier-complete-32-degree-31 170/1000
PROGRESS frontier-complete-32-degree-31 180/1000
PROGRESS frontier-complete-32-degree-31 190/1000
PROGRESS frontier-complete-32-degree-31 200/1000
PROGRESS frontier-complete-32-degree-31 210/1000
PROGRESS frontier-complete-32-degree-31 220/1000
PROGRESS frontier-complete-32-degree-31 230/1000
PROGRESS frontier-complete-32-degree-31 240/1000
PROGRESS frontier-complete-32-degree-31 250/1000
PROGRESS frontier-complete-32-degree-31 260/1000
PROGRESS frontier-complete-32-degree-31 270/1000
PROGRESS frontier-complete-32-degree-31 280/1000
PROGRESS frontier-complete-32-degree-31 290/1000
PROGRESS frontier-complete-32-degree-31 300/1000
PROGRESS frontier-complete-32-degree-31 310/1000
PROGRESS frontier-complete-32-degree-31 320/1000
PROGRESS frontier-complete-32-degree-31 330/1000
PROGRESS frontier-complete-32-degree-31 340/1000
PROGRESS frontier-complete-32-degree-31 350/1000
PROGRESS frontier-complete-32-degree-31 360/1000
PROGRESS frontier-complete-32-degree-31 370/1000
PROGRESS frontier-complete-32-degree-31 380/1000
PROGRESS frontier-complete-32-degree-31 390/1000
PROGRESS frontier-complete-32-degree-31 400/1000
PROGRESS frontier-complete-32-degree-31 410/1000
PROGRESS frontier-complete-32-degree-31 420/1000
PROGRESS frontier-complete-32-degree-31 430/1000
PROGRESS frontier-complete-32-degree-31 440/1000
PROGRESS frontier-complete-32-degree-31 450/1000
PROGRESS frontier-complete-32-degree-31 460/1000
PROGRESS frontier-complete-32-degree-31 470/1000
PROGRESS frontier-complete-32-degree-31 480/1000
PROGRESS frontier-complete-32-degree-31 490/1000
PROGRESS frontier-complete-32-degree-31 500/1000
PROGRESS frontier-complete-32-degree-31 510/1000
PROGRESS frontier-complete-32-degree-31 520/1000
PROGRESS frontier-complete-32-degree-31 530/1000
PROGRESS frontier-complete-32-degree-31 540/1000
PROGRESS frontier-complete-32-degree-31 550/1000
PROGRESS frontier-complete-32-degree-31 560/1000
PROGRESS frontier-complete-32-degree-31 570/1000
PROGRESS frontier-complete-32-degree-31 580/1000
PROGRESS frontier-complete-32-degree-31 590/1000
PROGRESS frontier-complete-32-degree-31 600/1000
PROGRESS frontier-complete-32-degree-31 610/1000
PROGRESS frontier-complete-32-degree-31 620/1000
PROGRESS frontier-complete-32-degree-31 630/1000
PROGRESS frontier-complete-32-degree-31 640/1000
PROGRESS frontier-complete-32-degree-31 650/1000
PROGRESS frontier-complete-32-degree-31 660/1000
PROGRESS frontier-complete-32-degree-31 670/1000
PROGRESS frontier-complete-32-degree-31 680/1000
PROGRESS frontier-complete-32-degree-31 690/1000
PROGRESS frontier-complete-32-degree-31 700/1000
PROGRESS frontier-complete-32-degree-31 710/1000
PROGRESS frontier-complete-32-degree-31 720/1000
PROGRESS frontier-complete-32-degree-31 730/1000
PROGRESS frontier-complete-32-degree-31 740/1000
PROGRESS frontier-complete-32-degree-31 750/1000
PROGRESS frontier-complete-32-degree-31 760/1000
PROGRESS frontier-complete-32-degree-31 770/1000
PROGRESS frontier-complete-32-degree-31 780/1000
PROGRESS frontier-complete-32-degree-31 790/1000
PROGRESS frontier-complete-32-degree-31 800/1000
PROGRESS frontier-complete-32-degree-31 810/1000
PROGRESS frontier-complete-32-degree-31 820/1000
PROGRESS frontier-complete-32-degree-31 830/1000
PROGRESS frontier-complete-32-degree-31 840/1000
PROGRESS frontier-complete-32-degree-31 850/1000
PROGRESS frontier-complete-32-degree-31 860/1000
PROGRESS frontier-complete-32-degree-31 870/1000
PROGRESS frontier-complete-32-degree-31 880/1000
PROGRESS frontier-complete-32-degree-31 890/1000
PROGRESS frontier-complete-32-degree-31 900/1000
PROGRESS frontier-complete-32-degree-31 910/1000
PROGRESS frontier-complete-32-degree-31 920/1000
PROGRESS frontier-complete-32-degree-31 930/1000
PROGRESS frontier-complete-32-degree-31 940/1000
PROGRESS frontier-complete-32-degree-31 950/1000
PROGRESS frontier-complete-32-degree-31 960/1000
PROGRESS frontier-complete-32-degree-31 970/1000
PROGRESS frontier-complete-32-degree-31 980/1000
PROGRESS frontier-complete-32-degree-31 990/1000
PROGRESS frontier-complete-32-degree-31 1000/1000
RESULT frontier-complete-32-degree-31 old-p50-bytes=455504 new-p50-bytes=288192 paired-wins=997/1000
CASE frontier-complete-fanout-64 samples=1000 repetitions=1
PROGRESS frontier-complete-fanout-64 10/1000
PROGRESS frontier-complete-fanout-64 20/1000
PROGRESS frontier-complete-fanout-64 30/1000
PROGRESS frontier-complete-fanout-64 40/1000
PROGRESS frontier-complete-fanout-64 50/1000
PROGRESS frontier-complete-fanout-64 60/1000
PROGRESS frontier-complete-fanout-64 70/1000
PROGRESS frontier-complete-fanout-64 80/1000
PROGRESS frontier-complete-fanout-64 90/1000
PROGRESS frontier-complete-fanout-64 100/1000
PROGRESS frontier-complete-fanout-64 110/1000
PROGRESS frontier-complete-fanout-64 120/1000
PROGRESS frontier-complete-fanout-64 130/1000
PROGRESS frontier-complete-fanout-64 140/1000
PROGRESS frontier-complete-fanout-64 150/1000
PROGRESS frontier-complete-fanout-64 160/1000
PROGRESS frontier-complete-fanout-64 170/1000
PROGRESS frontier-complete-fanout-64 180/1000
PROGRESS frontier-complete-fanout-64 190/1000
PROGRESS frontier-complete-fanout-64 200/1000
PROGRESS frontier-complete-fanout-64 210/1000
PROGRESS frontier-complete-fanout-64 220/1000
PROGRESS frontier-complete-fanout-64 230/1000
PROGRESS frontier-complete-fanout-64 240/1000
PROGRESS frontier-complete-fanout-64 250/1000
PROGRESS frontier-complete-fanout-64 260/1000
PROGRESS frontier-complete-fanout-64 270/1000
PROGRESS frontier-complete-fanout-64 280/1000
PROGRESS frontier-complete-fanout-64 290/1000
PROGRESS frontier-complete-fanout-64 300/1000
PROGRESS frontier-complete-fanout-64 310/1000
PROGRESS frontier-complete-fanout-64 320/1000
PROGRESS frontier-complete-fanout-64 330/1000
PROGRESS frontier-complete-fanout-64 340/1000
PROGRESS frontier-complete-fanout-64 350/1000
PROGRESS frontier-complete-fanout-64 360/1000
PROGRESS frontier-complete-fanout-64 370/1000
PROGRESS frontier-complete-fanout-64 380/1000
PROGRESS frontier-complete-fanout-64 390/1000
PROGRESS frontier-complete-fanout-64 400/1000
PROGRESS frontier-complete-fanout-64 410/1000
PROGRESS frontier-complete-fanout-64 420/1000
PROGRESS frontier-complete-fanout-64 430/1000
PROGRESS frontier-complete-fanout-64 440/1000
PROGRESS frontier-complete-fanout-64 450/1000
PROGRESS frontier-complete-fanout-64 460/1000
PROGRESS frontier-complete-fanout-64 470/1000
PROGRESS frontier-complete-fanout-64 480/1000
PROGRESS frontier-complete-fanout-64 490/1000
PROGRESS frontier-complete-fanout-64 500/1000
PROGRESS frontier-complete-fanout-64 510/1000
PROGRESS frontier-complete-fanout-64 520/1000
PROGRESS frontier-complete-fanout-64 530/1000
PROGRESS frontier-complete-fanout-64 540/1000
PROGRESS frontier-complete-fanout-64 550/1000
PROGRESS frontier-complete-fanout-64 560/1000
PROGRESS frontier-complete-fanout-64 570/1000
PROGRESS frontier-complete-fanout-64 580/1000
PROGRESS frontier-complete-fanout-64 590/1000
PROGRESS frontier-complete-fanout-64 600/1000
PROGRESS frontier-complete-fanout-64 610/1000
PROGRESS frontier-complete-fanout-64 620/1000
PROGRESS frontier-complete-fanout-64 630/1000
PROGRESS frontier-complete-fanout-64 640/1000
PROGRESS frontier-complete-fanout-64 650/1000
PROGRESS frontier-complete-fanout-64 660/1000
PROGRESS frontier-complete-fanout-64 670/1000
PROGRESS frontier-complete-fanout-64 680/1000
PROGRESS frontier-complete-fanout-64 690/1000
PROGRESS frontier-complete-fanout-64 700/1000
PROGRESS frontier-complete-fanout-64 710/1000
PROGRESS frontier-complete-fanout-64 720/1000
PROGRESS frontier-complete-fanout-64 730/1000
PROGRESS frontier-complete-fanout-64 740/1000
PROGRESS frontier-complete-fanout-64 750/1000
PROGRESS frontier-complete-fanout-64 760/1000
PROGRESS frontier-complete-fanout-64 770/1000
PROGRESS frontier-complete-fanout-64 780/1000
PROGRESS frontier-complete-fanout-64 790/1000
PROGRESS frontier-complete-fanout-64 800/1000
PROGRESS frontier-complete-fanout-64 810/1000
PROGRESS frontier-complete-fanout-64 820/1000
PROGRESS frontier-complete-fanout-64 830/1000
PROGRESS frontier-complete-fanout-64 840/1000
PROGRESS frontier-complete-fanout-64 850/1000
PROGRESS frontier-complete-fanout-64 860/1000
PROGRESS frontier-complete-fanout-64 870/1000
PROGRESS frontier-complete-fanout-64 880/1000
PROGRESS frontier-complete-fanout-64 890/1000
PROGRESS frontier-complete-fanout-64 900/1000
PROGRESS frontier-complete-fanout-64 910/1000
PROGRESS frontier-complete-fanout-64 920/1000
PROGRESS frontier-complete-fanout-64 930/1000
PROGRESS frontier-complete-fanout-64 940/1000
PROGRESS frontier-complete-fanout-64 950/1000
PROGRESS frontier-complete-fanout-64 960/1000
PROGRESS frontier-complete-fanout-64 970/1000
PROGRESS frontier-complete-fanout-64 980/1000
PROGRESS frontier-complete-fanout-64 990/1000
PROGRESS frontier-complete-fanout-64 1000/1000
RESULT frontier-complete-fanout-64 old-p50-bytes=1571056 new-p50-bytes=1413120 paired-wins=980/1000
CASE frontier-projection-256 samples=1000 repetitions=1
PROGRESS frontier-projection-256 10/1000
PROGRESS frontier-projection-256 20/1000
PROGRESS frontier-projection-256 30/1000
PROGRESS frontier-projection-256 40/1000
PROGRESS frontier-projection-256 50/1000
PROGRESS frontier-projection-256 60/1000
PROGRESS frontier-projection-256 70/1000
PROGRESS frontier-projection-256 80/1000
PROGRESS frontier-projection-256 90/1000
PROGRESS frontier-projection-256 100/1000
PROGRESS frontier-projection-256 110/1000
PROGRESS frontier-projection-256 120/1000
PROGRESS frontier-projection-256 130/1000
PROGRESS frontier-projection-256 140/1000
PROGRESS frontier-projection-256 150/1000
PROGRESS frontier-projection-256 160/1000
PROGRESS frontier-projection-256 170/1000
PROGRESS frontier-projection-256 180/1000
PROGRESS frontier-projection-256 190/1000
PROGRESS frontier-projection-256 200/1000
PROGRESS frontier-projection-256 210/1000
PROGRESS frontier-projection-256 220/1000
PROGRESS frontier-projection-256 230/1000
PROGRESS frontier-projection-256 240/1000
PROGRESS frontier-projection-256 250/1000
PROGRESS frontier-projection-256 260/1000
PROGRESS frontier-projection-256 270/1000
PROGRESS frontier-projection-256 280/1000
PROGRESS frontier-projection-256 290/1000
PROGRESS frontier-projection-256 300/1000
PROGRESS frontier-projection-256 310/1000
PROGRESS frontier-projection-256 320/1000
PROGRESS frontier-projection-256 330/1000
PROGRESS frontier-projection-256 340/1000
PROGRESS frontier-projection-256 350/1000
PROGRESS frontier-projection-256 360/1000
PROGRESS frontier-projection-256 370/1000
PROGRESS frontier-projection-256 380/1000
PROGRESS frontier-projection-256 390/1000
PROGRESS frontier-projection-256 400/1000
PROGRESS frontier-projection-256 410/1000
PROGRESS frontier-projection-256 420/1000
PROGRESS frontier-projection-256 430/1000
PROGRESS frontier-projection-256 440/1000
PROGRESS frontier-projection-256 450/1000
PROGRESS frontier-projection-256 460/1000
PROGRESS frontier-projection-256 470/1000
PROGRESS frontier-projection-256 480/1000
PROGRESS frontier-projection-256 490/1000
PROGRESS frontier-projection-256 500/1000
PROGRESS frontier-projection-256 510/1000
PROGRESS frontier-projection-256 520/1000
PROGRESS frontier-projection-256 530/1000
PROGRESS frontier-projection-256 540/1000
PROGRESS frontier-projection-256 550/1000
PROGRESS frontier-projection-256 560/1000
PROGRESS frontier-projection-256 570/1000
PROGRESS frontier-projection-256 580/1000
PROGRESS frontier-projection-256 590/1000
PROGRESS frontier-projection-256 600/1000
PROGRESS frontier-projection-256 610/1000
PROGRESS frontier-projection-256 620/1000
PROGRESS frontier-projection-256 630/1000
PROGRESS frontier-projection-256 640/1000
PROGRESS frontier-projection-256 650/1000
PROGRESS frontier-projection-256 660/1000
PROGRESS frontier-projection-256 670/1000
PROGRESS frontier-projection-256 680/1000
PROGRESS frontier-projection-256 690/1000
PROGRESS frontier-projection-256 700/1000
PROGRESS frontier-projection-256 710/1000
PROGRESS frontier-projection-256 720/1000
PROGRESS frontier-projection-256 730/1000
PROGRESS frontier-projection-256 740/1000
PROGRESS frontier-projection-256 750/1000
PROGRESS frontier-projection-256 760/1000
PROGRESS frontier-projection-256 770/1000
PROGRESS frontier-projection-256 780/1000
PROGRESS frontier-projection-256 790/1000
PROGRESS frontier-projection-256 800/1000
PROGRESS frontier-projection-256 810/1000
PROGRESS frontier-projection-256 820/1000
PROGRESS frontier-projection-256 830/1000
PROGRESS frontier-projection-256 840/1000
PROGRESS frontier-projection-256 850/1000
PROGRESS frontier-projection-256 860/1000
PROGRESS frontier-projection-256 870/1000
PROGRESS frontier-projection-256 880/1000
PROGRESS frontier-projection-256 890/1000
PROGRESS frontier-projection-256 900/1000
PROGRESS frontier-projection-256 910/1000
PROGRESS frontier-projection-256 920/1000
PROGRESS frontier-projection-256 930/1000
PROGRESS frontier-projection-256 940/1000
PROGRESS frontier-projection-256 950/1000
PROGRESS frontier-projection-256 960/1000
PROGRESS frontier-projection-256 970/1000
PROGRESS frontier-projection-256 980/1000
PROGRESS frontier-projection-256 990/1000
PROGRESS frontier-projection-256 1000/1000
RESULT frontier-projection-256 old-p50-bytes=165696 new-p50-bytes=570960 paired-wins=6/1000
CASE frontier-closure-chain-32 samples=1000 repetitions=1
PROGRESS frontier-closure-chain-32 10/1000
PROGRESS frontier-closure-chain-32 20/1000
PROGRESS frontier-closure-chain-32 30/1000
PROGRESS frontier-closure-chain-32 40/1000
PROGRESS frontier-closure-chain-32 50/1000
PROGRESS frontier-closure-chain-32 60/1000
PROGRESS frontier-closure-chain-32 70/1000
PROGRESS frontier-closure-chain-32 80/1000
PROGRESS frontier-closure-chain-32 90/1000
PROGRESS frontier-closure-chain-32 100/1000
PROGRESS frontier-closure-chain-32 110/1000
PROGRESS frontier-closure-chain-32 120/1000
PROGRESS frontier-closure-chain-32 130/1000
PROGRESS frontier-closure-chain-32 140/1000
PROGRESS frontier-closure-chain-32 150/1000
PROGRESS frontier-closure-chain-32 160/1000
PROGRESS frontier-closure-chain-32 170/1000
PROGRESS frontier-closure-chain-32 180/1000
PROGRESS frontier-closure-chain-32 190/1000
PROGRESS frontier-closure-chain-32 200/1000
PROGRESS frontier-closure-chain-32 210/1000
PROGRESS frontier-closure-chain-32 220/1000
PROGRESS frontier-closure-chain-32 230/1000
PROGRESS frontier-closure-chain-32 240/1000
PROGRESS frontier-closure-chain-32 250/1000
PROGRESS frontier-closure-chain-32 260/1000
PROGRESS frontier-closure-chain-32 270/1000
PROGRESS frontier-closure-chain-32 280/1000
PROGRESS frontier-closure-chain-32 290/1000
PROGRESS frontier-closure-chain-32 300/1000
PROGRESS frontier-closure-chain-32 310/1000
PROGRESS frontier-closure-chain-32 320/1000
PROGRESS frontier-closure-chain-32 330/1000
PROGRESS frontier-closure-chain-32 340/1000
PROGRESS frontier-closure-chain-32 350/1000
PROGRESS frontier-closure-chain-32 360/1000
PROGRESS frontier-closure-chain-32 370/1000
PROGRESS frontier-closure-chain-32 380/1000
PROGRESS frontier-closure-chain-32 390/1000
PROGRESS frontier-closure-chain-32 400/1000
PROGRESS frontier-closure-chain-32 410/1000
PROGRESS frontier-closure-chain-32 420/1000
PROGRESS frontier-closure-chain-32 430/1000
PROGRESS frontier-closure-chain-32 440/1000
PROGRESS frontier-closure-chain-32 450/1000
PROGRESS frontier-closure-chain-32 460/1000
PROGRESS frontier-closure-chain-32 470/1000
PROGRESS frontier-closure-chain-32 480/1000
PROGRESS frontier-closure-chain-32 490/1000
PROGRESS frontier-closure-chain-32 500/1000
PROGRESS frontier-closure-chain-32 510/1000
PROGRESS frontier-closure-chain-32 520/1000
PROGRESS frontier-closure-chain-32 530/1000
PROGRESS frontier-closure-chain-32 540/1000
PROGRESS frontier-closure-chain-32 550/1000
PROGRESS frontier-closure-chain-32 560/1000
PROGRESS frontier-closure-chain-32 570/1000
PROGRESS frontier-closure-chain-32 580/1000
PROGRESS frontier-closure-chain-32 590/1000
PROGRESS frontier-closure-chain-32 600/1000
PROGRESS frontier-closure-chain-32 610/1000
PROGRESS frontier-closure-chain-32 620/1000
PROGRESS frontier-closure-chain-32 630/1000
PROGRESS frontier-closure-chain-32 640/1000
PROGRESS frontier-closure-chain-32 650/1000
PROGRESS frontier-closure-chain-32 660/1000
PROGRESS frontier-closure-chain-32 670/1000
PROGRESS frontier-closure-chain-32 680/1000
PROGRESS frontier-closure-chain-32 690/1000
PROGRESS frontier-closure-chain-32 700/1000
PROGRESS frontier-closure-chain-32 710/1000
PROGRESS frontier-closure-chain-32 720/1000
PROGRESS frontier-closure-chain-32 730/1000
PROGRESS frontier-closure-chain-32 740/1000
PROGRESS frontier-closure-chain-32 750/1000
PROGRESS frontier-closure-chain-32 760/1000
PROGRESS frontier-closure-chain-32 770/1000
PROGRESS frontier-closure-chain-32 780/1000
PROGRESS frontier-closure-chain-32 790/1000
PROGRESS frontier-closure-chain-32 800/1000
PROGRESS frontier-closure-chain-32 810/1000
PROGRESS frontier-closure-chain-32 820/1000
PROGRESS frontier-closure-chain-32 830/1000
PROGRESS frontier-closure-chain-32 840/1000
PROGRESS frontier-closure-chain-32 850/1000
PROGRESS frontier-closure-chain-32 860/1000
PROGRESS frontier-closure-chain-32 870/1000
PROGRESS frontier-closure-chain-32 880/1000
PROGRESS frontier-closure-chain-32 890/1000
PROGRESS frontier-closure-chain-32 900/1000
PROGRESS frontier-closure-chain-32 910/1000
PROGRESS frontier-closure-chain-32 920/1000
PROGRESS frontier-closure-chain-32 930/1000
PROGRESS frontier-closure-chain-32 940/1000
PROGRESS frontier-closure-chain-32 950/1000
PROGRESS frontier-closure-chain-32 960/1000
PROGRESS frontier-closure-chain-32 970/1000
PROGRESS frontier-closure-chain-32 980/1000
PROGRESS frontier-closure-chain-32 990/1000
PROGRESS frontier-closure-chain-32 1000/1000
RESULT frontier-closure-chain-32 old-p50-bytes=107808 new-p50-bytes=111216 paired-wins=2/1000
CASE frontier-distance-chain-32 samples=1000 repetitions=1
PROGRESS frontier-distance-chain-32 10/1000
PROGRESS frontier-distance-chain-32 20/1000
PROGRESS frontier-distance-chain-32 30/1000
PROGRESS frontier-distance-chain-32 40/1000
PROGRESS frontier-distance-chain-32 50/1000
PROGRESS frontier-distance-chain-32 60/1000
PROGRESS frontier-distance-chain-32 70/1000
PROGRESS frontier-distance-chain-32 80/1000
PROGRESS frontier-distance-chain-32 90/1000
PROGRESS frontier-distance-chain-32 100/1000
PROGRESS frontier-distance-chain-32 110/1000
PROGRESS frontier-distance-chain-32 120/1000
PROGRESS frontier-distance-chain-32 130/1000
PROGRESS frontier-distance-chain-32 140/1000
PROGRESS frontier-distance-chain-32 150/1000
PROGRESS frontier-distance-chain-32 160/1000
PROGRESS frontier-distance-chain-32 170/1000
PROGRESS frontier-distance-chain-32 180/1000
PROGRESS frontier-distance-chain-32 190/1000
PROGRESS frontier-distance-chain-32 200/1000
PROGRESS frontier-distance-chain-32 210/1000
PROGRESS frontier-distance-chain-32 220/1000
PROGRESS frontier-distance-chain-32 230/1000
PROGRESS frontier-distance-chain-32 240/1000
PROGRESS frontier-distance-chain-32 250/1000
PROGRESS frontier-distance-chain-32 260/1000
PROGRESS frontier-distance-chain-32 270/1000
PROGRESS frontier-distance-chain-32 280/1000
PROGRESS frontier-distance-chain-32 290/1000
PROGRESS frontier-distance-chain-32 300/1000
PROGRESS frontier-distance-chain-32 310/1000
PROGRESS frontier-distance-chain-32 320/1000
PROGRESS frontier-distance-chain-32 330/1000
PROGRESS frontier-distance-chain-32 340/1000
PROGRESS frontier-distance-chain-32 350/1000
PROGRESS frontier-distance-chain-32 360/1000
PROGRESS frontier-distance-chain-32 370/1000
PROGRESS frontier-distance-chain-32 380/1000
PROGRESS frontier-distance-chain-32 390/1000
PROGRESS frontier-distance-chain-32 400/1000
PROGRESS frontier-distance-chain-32 410/1000
PROGRESS frontier-distance-chain-32 420/1000
PROGRESS frontier-distance-chain-32 430/1000
PROGRESS frontier-distance-chain-32 440/1000
PROGRESS frontier-distance-chain-32 450/1000
PROGRESS frontier-distance-chain-32 460/1000
PROGRESS frontier-distance-chain-32 470/1000
PROGRESS frontier-distance-chain-32 480/1000
PROGRESS frontier-distance-chain-32 490/1000
PROGRESS frontier-distance-chain-32 500/1000
PROGRESS frontier-distance-chain-32 510/1000
PROGRESS frontier-distance-chain-32 520/1000
PROGRESS frontier-distance-chain-32 530/1000
PROGRESS frontier-distance-chain-32 540/1000
PROGRESS frontier-distance-chain-32 550/1000
PROGRESS frontier-distance-chain-32 560/1000
PROGRESS frontier-distance-chain-32 570/1000
PROGRESS frontier-distance-chain-32 580/1000
PROGRESS frontier-distance-chain-32 590/1000
PROGRESS frontier-distance-chain-32 600/1000
PROGRESS frontier-distance-chain-32 610/1000
PROGRESS frontier-distance-chain-32 620/1000
PROGRESS frontier-distance-chain-32 630/1000
PROGRESS frontier-distance-chain-32 640/1000
PROGRESS frontier-distance-chain-32 650/1000
PROGRESS frontier-distance-chain-32 660/1000
PROGRESS frontier-distance-chain-32 670/1000
PROGRESS frontier-distance-chain-32 680/1000
PROGRESS frontier-distance-chain-32 690/1000
PROGRESS frontier-distance-chain-32 700/1000
PROGRESS frontier-distance-chain-32 710/1000
PROGRESS frontier-distance-chain-32 720/1000
PROGRESS frontier-distance-chain-32 730/1000
PROGRESS frontier-distance-chain-32 740/1000
PROGRESS frontier-distance-chain-32 750/1000
PROGRESS frontier-distance-chain-32 760/1000
PROGRESS frontier-distance-chain-32 770/1000
PROGRESS frontier-distance-chain-32 780/1000
PROGRESS frontier-distance-chain-32 790/1000
PROGRESS frontier-distance-chain-32 800/1000
PROGRESS frontier-distance-chain-32 810/1000
PROGRESS frontier-distance-chain-32 820/1000
PROGRESS frontier-distance-chain-32 830/1000
PROGRESS frontier-distance-chain-32 840/1000
PROGRESS frontier-distance-chain-32 850/1000
PROGRESS frontier-distance-chain-32 860/1000
PROGRESS frontier-distance-chain-32 870/1000
PROGRESS frontier-distance-chain-32 880/1000
PROGRESS frontier-distance-chain-32 890/1000
PROGRESS frontier-distance-chain-32 900/1000
PROGRESS frontier-distance-chain-32 910/1000
PROGRESS frontier-distance-chain-32 920/1000
PROGRESS frontier-distance-chain-32 930/1000
PROGRESS frontier-distance-chain-32 940/1000
PROGRESS frontier-distance-chain-32 950/1000
PROGRESS frontier-distance-chain-32 960/1000
PROGRESS frontier-distance-chain-32 970/1000
PROGRESS frontier-distance-chain-32 980/1000
PROGRESS frontier-distance-chain-32 990/1000
PROGRESS frontier-distance-chain-32 1000/1000
RESULT frontier-distance-chain-32 old-p50-bytes=141184 new-p50-bytes=135504 paired-wins=999/1000
CASE frontier-empty-distances-512 samples=1000 repetitions=1
PROGRESS frontier-empty-distances-512 10/1000
PROGRESS frontier-empty-distances-512 20/1000
PROGRESS frontier-empty-distances-512 30/1000
PROGRESS frontier-empty-distances-512 40/1000
PROGRESS frontier-empty-distances-512 50/1000
PROGRESS frontier-empty-distances-512 60/1000
PROGRESS frontier-empty-distances-512 70/1000
PROGRESS frontier-empty-distances-512 80/1000
PROGRESS frontier-empty-distances-512 90/1000
PROGRESS frontier-empty-distances-512 100/1000
PROGRESS frontier-empty-distances-512 110/1000
PROGRESS frontier-empty-distances-512 120/1000
PROGRESS frontier-empty-distances-512 130/1000
PROGRESS frontier-empty-distances-512 140/1000
PROGRESS frontier-empty-distances-512 150/1000
PROGRESS frontier-empty-distances-512 160/1000
PROGRESS frontier-empty-distances-512 170/1000
PROGRESS frontier-empty-distances-512 180/1000
PROGRESS frontier-empty-distances-512 190/1000
PROGRESS frontier-empty-distances-512 200/1000
PROGRESS frontier-empty-distances-512 210/1000
PROGRESS frontier-empty-distances-512 220/1000
PROGRESS frontier-empty-distances-512 230/1000
PROGRESS frontier-empty-distances-512 240/1000
PROGRESS frontier-empty-distances-512 250/1000
PROGRESS frontier-empty-distances-512 260/1000
PROGRESS frontier-empty-distances-512 270/1000
PROGRESS frontier-empty-distances-512 280/1000
PROGRESS frontier-empty-distances-512 290/1000
PROGRESS frontier-empty-distances-512 300/1000
PROGRESS frontier-empty-distances-512 310/1000
PROGRESS frontier-empty-distances-512 320/1000
PROGRESS frontier-empty-distances-512 330/1000
PROGRESS frontier-empty-distances-512 340/1000
PROGRESS frontier-empty-distances-512 350/1000
PROGRESS frontier-empty-distances-512 360/1000
PROGRESS frontier-empty-distances-512 370/1000
PROGRESS frontier-empty-distances-512 380/1000
PROGRESS frontier-empty-distances-512 390/1000
PROGRESS frontier-empty-distances-512 400/1000
PROGRESS frontier-empty-distances-512 410/1000
PROGRESS frontier-empty-distances-512 420/1000
PROGRESS frontier-empty-distances-512 430/1000
PROGRESS frontier-empty-distances-512 440/1000
PROGRESS frontier-empty-distances-512 450/1000
PROGRESS frontier-empty-distances-512 460/1000
PROGRESS frontier-empty-distances-512 470/1000
PROGRESS frontier-empty-distances-512 480/1000
PROGRESS frontier-empty-distances-512 490/1000
PROGRESS frontier-empty-distances-512 500/1000
PROGRESS frontier-empty-distances-512 510/1000
PROGRESS frontier-empty-distances-512 520/1000
PROGRESS frontier-empty-distances-512 530/1000
PROGRESS frontier-empty-distances-512 540/1000
PROGRESS frontier-empty-distances-512 550/1000
PROGRESS frontier-empty-distances-512 560/1000
PROGRESS frontier-empty-distances-512 570/1000
PROGRESS frontier-empty-distances-512 580/1000
PROGRESS frontier-empty-distances-512 590/1000
PROGRESS frontier-empty-distances-512 600/1000
PROGRESS frontier-empty-distances-512 610/1000
PROGRESS frontier-empty-distances-512 620/1000
PROGRESS frontier-empty-distances-512 630/1000
PROGRESS frontier-empty-distances-512 640/1000
PROGRESS frontier-empty-distances-512 650/1000
PROGRESS frontier-empty-distances-512 660/1000
PROGRESS frontier-empty-distances-512 670/1000
PROGRESS frontier-empty-distances-512 680/1000
PROGRESS frontier-empty-distances-512 690/1000
PROGRESS frontier-empty-distances-512 700/1000
PROGRESS frontier-empty-distances-512 710/1000
PROGRESS frontier-empty-distances-512 720/1000
PROGRESS frontier-empty-distances-512 730/1000
PROGRESS frontier-empty-distances-512 740/1000
PROGRESS frontier-empty-distances-512 750/1000
PROGRESS frontier-empty-distances-512 760/1000
PROGRESS frontier-empty-distances-512 770/1000
PROGRESS frontier-empty-distances-512 780/1000
PROGRESS frontier-empty-distances-512 790/1000
PROGRESS frontier-empty-distances-512 800/1000
PROGRESS frontier-empty-distances-512 810/1000
PROGRESS frontier-empty-distances-512 820/1000
PROGRESS frontier-empty-distances-512 830/1000
PROGRESS frontier-empty-distances-512 840/1000
PROGRESS frontier-empty-distances-512 850/1000
PROGRESS frontier-empty-distances-512 860/1000
PROGRESS frontier-empty-distances-512 870/1000
PROGRESS frontier-empty-distances-512 880/1000
PROGRESS frontier-empty-distances-512 890/1000
PROGRESS frontier-empty-distances-512 900/1000
PROGRESS frontier-empty-distances-512 910/1000
PROGRESS frontier-empty-distances-512 920/1000
PROGRESS frontier-empty-distances-512 930/1000
PROGRESS frontier-empty-distances-512 940/1000
PROGRESS frontier-empty-distances-512 950/1000
PROGRESS frontier-empty-distances-512 960/1000
PROGRESS frontier-empty-distances-512 970/1000
PROGRESS frontier-empty-distances-512 980/1000
PROGRESS frontier-empty-distances-512 990/1000
PROGRESS frontier-empty-distances-512 1000/1000
RESULT frontier-empty-distances-512 old-p50-bytes=2153824 new-p50-bytes=61568 paired-wins=983/1000
CASE frontier-sparse-distances-512 samples=1000 repetitions=1
PROGRESS frontier-sparse-distances-512 10/1000
PROGRESS frontier-sparse-distances-512 20/1000
PROGRESS frontier-sparse-distances-512 30/1000
PROGRESS frontier-sparse-distances-512 40/1000
PROGRESS frontier-sparse-distances-512 50/1000
PROGRESS frontier-sparse-distances-512 60/1000
PROGRESS frontier-sparse-distances-512 70/1000
PROGRESS frontier-sparse-distances-512 80/1000
PROGRESS frontier-sparse-distances-512 90/1000
PROGRESS frontier-sparse-distances-512 100/1000
PROGRESS frontier-sparse-distances-512 110/1000
PROGRESS frontier-sparse-distances-512 120/1000
PROGRESS frontier-sparse-distances-512 130/1000
PROGRESS frontier-sparse-distances-512 140/1000
PROGRESS frontier-sparse-distances-512 150/1000
PROGRESS frontier-sparse-distances-512 160/1000
PROGRESS frontier-sparse-distances-512 170/1000
PROGRESS frontier-sparse-distances-512 180/1000
PROGRESS frontier-sparse-distances-512 190/1000
PROGRESS frontier-sparse-distances-512 200/1000
PROGRESS frontier-sparse-distances-512 210/1000
PROGRESS frontier-sparse-distances-512 220/1000
PROGRESS frontier-sparse-distances-512 230/1000
PROGRESS frontier-sparse-distances-512 240/1000
PROGRESS frontier-sparse-distances-512 250/1000
PROGRESS frontier-sparse-distances-512 260/1000
PROGRESS frontier-sparse-distances-512 270/1000
PROGRESS frontier-sparse-distances-512 280/1000
PROGRESS frontier-sparse-distances-512 290/1000
PROGRESS frontier-sparse-distances-512 300/1000
PROGRESS frontier-sparse-distances-512 310/1000
PROGRESS frontier-sparse-distances-512 320/1000
PROGRESS frontier-sparse-distances-512 330/1000
PROGRESS frontier-sparse-distances-512 340/1000
PROGRESS frontier-sparse-distances-512 350/1000
PROGRESS frontier-sparse-distances-512 360/1000
PROGRESS frontier-sparse-distances-512 370/1000
PROGRESS frontier-sparse-distances-512 380/1000
PROGRESS frontier-sparse-distances-512 390/1000
PROGRESS frontier-sparse-distances-512 400/1000
PROGRESS frontier-sparse-distances-512 410/1000
PROGRESS frontier-sparse-distances-512 420/1000
PROGRESS frontier-sparse-distances-512 430/1000
PROGRESS frontier-sparse-distances-512 440/1000
PROGRESS frontier-sparse-distances-512 450/1000
PROGRESS frontier-sparse-distances-512 460/1000
PROGRESS frontier-sparse-distances-512 470/1000
PROGRESS frontier-sparse-distances-512 480/1000
PROGRESS frontier-sparse-distances-512 490/1000
PROGRESS frontier-sparse-distances-512 500/1000
PROGRESS frontier-sparse-distances-512 510/1000
PROGRESS frontier-sparse-distances-512 520/1000
PROGRESS frontier-sparse-distances-512 530/1000
PROGRESS frontier-sparse-distances-512 540/1000
PROGRESS frontier-sparse-distances-512 550/1000
PROGRESS frontier-sparse-distances-512 560/1000
PROGRESS frontier-sparse-distances-512 570/1000
PROGRESS frontier-sparse-distances-512 580/1000
PROGRESS frontier-sparse-distances-512 590/1000
PROGRESS frontier-sparse-distances-512 600/1000
PROGRESS frontier-sparse-distances-512 610/1000
PROGRESS frontier-sparse-distances-512 620/1000
PROGRESS frontier-sparse-distances-512 630/1000
PROGRESS frontier-sparse-distances-512 640/1000
PROGRESS frontier-sparse-distances-512 650/1000
PROGRESS frontier-sparse-distances-512 660/1000
PROGRESS frontier-sparse-distances-512 670/1000
PROGRESS frontier-sparse-distances-512 680/1000
PROGRESS frontier-sparse-distances-512 690/1000
PROGRESS frontier-sparse-distances-512 700/1000
PROGRESS frontier-sparse-distances-512 710/1000
PROGRESS frontier-sparse-distances-512 720/1000
PROGRESS frontier-sparse-distances-512 730/1000
PROGRESS frontier-sparse-distances-512 740/1000
PROGRESS frontier-sparse-distances-512 750/1000
PROGRESS frontier-sparse-distances-512 760/1000
PROGRESS frontier-sparse-distances-512 770/1000
PROGRESS frontier-sparse-distances-512 780/1000
PROGRESS frontier-sparse-distances-512 790/1000
PROGRESS frontier-sparse-distances-512 800/1000
PROGRESS frontier-sparse-distances-512 810/1000
PROGRESS frontier-sparse-distances-512 820/1000
PROGRESS frontier-sparse-distances-512 830/1000
PROGRESS frontier-sparse-distances-512 840/1000
PROGRESS frontier-sparse-distances-512 850/1000
PROGRESS frontier-sparse-distances-512 860/1000
PROGRESS frontier-sparse-distances-512 870/1000
PROGRESS frontier-sparse-distances-512 880/1000
PROGRESS frontier-sparse-distances-512 890/1000
PROGRESS frontier-sparse-distances-512 900/1000
PROGRESS frontier-sparse-distances-512 910/1000
PROGRESS frontier-sparse-distances-512 920/1000
PROGRESS frontier-sparse-distances-512 930/1000
PROGRESS frontier-sparse-distances-512 940/1000
PROGRESS frontier-sparse-distances-512 950/1000
PROGRESS frontier-sparse-distances-512 960/1000
PROGRESS frontier-sparse-distances-512 970/1000
PROGRESS frontier-sparse-distances-512 980/1000
PROGRESS frontier-sparse-distances-512 990/1000
PROGRESS frontier-sparse-distances-512 1000/1000
RESULT frontier-sparse-distances-512 old-p50-bytes=2155040 new-p50-bytes=66656 paired-wins=984/1000
CASE warshall-complete-32-degree-1 samples=1000 repetitions=1
PROGRESS warshall-complete-32-degree-1 10/1000
PROGRESS warshall-complete-32-degree-1 20/1000
PROGRESS warshall-complete-32-degree-1 30/1000
PROGRESS warshall-complete-32-degree-1 40/1000
PROGRESS warshall-complete-32-degree-1 50/1000
PROGRESS warshall-complete-32-degree-1 60/1000
PROGRESS warshall-complete-32-degree-1 70/1000
PROGRESS warshall-complete-32-degree-1 80/1000
PROGRESS warshall-complete-32-degree-1 90/1000
PROGRESS warshall-complete-32-degree-1 100/1000
PROGRESS warshall-complete-32-degree-1 110/1000
PROGRESS warshall-complete-32-degree-1 120/1000
PROGRESS warshall-complete-32-degree-1 130/1000
PROGRESS warshall-complete-32-degree-1 140/1000
PROGRESS warshall-complete-32-degree-1 150/1000
PROGRESS warshall-complete-32-degree-1 160/1000
PROGRESS warshall-complete-32-degree-1 170/1000
PROGRESS warshall-complete-32-degree-1 180/1000
PROGRESS warshall-complete-32-degree-1 190/1000
PROGRESS warshall-complete-32-degree-1 200/1000
PROGRESS warshall-complete-32-degree-1 210/1000
PROGRESS warshall-complete-32-degree-1 220/1000
PROGRESS warshall-complete-32-degree-1 230/1000
PROGRESS warshall-complete-32-degree-1 240/1000
PROGRESS warshall-complete-32-degree-1 250/1000
PROGRESS warshall-complete-32-degree-1 260/1000
PROGRESS warshall-complete-32-degree-1 270/1000
PROGRESS warshall-complete-32-degree-1 280/1000
PROGRESS warshall-complete-32-degree-1 290/1000
PROGRESS warshall-complete-32-degree-1 300/1000
PROGRESS warshall-complete-32-degree-1 310/1000
PROGRESS warshall-complete-32-degree-1 320/1000
PROGRESS warshall-complete-32-degree-1 330/1000
PROGRESS warshall-complete-32-degree-1 340/1000
PROGRESS warshall-complete-32-degree-1 350/1000
PROGRESS warshall-complete-32-degree-1 360/1000
PROGRESS warshall-complete-32-degree-1 370/1000
PROGRESS warshall-complete-32-degree-1 380/1000
PROGRESS warshall-complete-32-degree-1 390/1000
PROGRESS warshall-complete-32-degree-1 400/1000
PROGRESS warshall-complete-32-degree-1 410/1000
PROGRESS warshall-complete-32-degree-1 420/1000
PROGRESS warshall-complete-32-degree-1 430/1000
PROGRESS warshall-complete-32-degree-1 440/1000
PROGRESS warshall-complete-32-degree-1 450/1000
PROGRESS warshall-complete-32-degree-1 460/1000
PROGRESS warshall-complete-32-degree-1 470/1000
PROGRESS warshall-complete-32-degree-1 480/1000
PROGRESS warshall-complete-32-degree-1 490/1000
PROGRESS warshall-complete-32-degree-1 500/1000
PROGRESS warshall-complete-32-degree-1 510/1000
PROGRESS warshall-complete-32-degree-1 520/1000
PROGRESS warshall-complete-32-degree-1 530/1000
PROGRESS warshall-complete-32-degree-1 540/1000
PROGRESS warshall-complete-32-degree-1 550/1000
PROGRESS warshall-complete-32-degree-1 560/1000
PROGRESS warshall-complete-32-degree-1 570/1000
PROGRESS warshall-complete-32-degree-1 580/1000
PROGRESS warshall-complete-32-degree-1 590/1000
PROGRESS warshall-complete-32-degree-1 600/1000
PROGRESS warshall-complete-32-degree-1 610/1000
PROGRESS warshall-complete-32-degree-1 620/1000
PROGRESS warshall-complete-32-degree-1 630/1000
PROGRESS warshall-complete-32-degree-1 640/1000
PROGRESS warshall-complete-32-degree-1 650/1000
PROGRESS warshall-complete-32-degree-1 660/1000
PROGRESS warshall-complete-32-degree-1 670/1000
PROGRESS warshall-complete-32-degree-1 680/1000
PROGRESS warshall-complete-32-degree-1 690/1000
PROGRESS warshall-complete-32-degree-1 700/1000
PROGRESS warshall-complete-32-degree-1 710/1000
PROGRESS warshall-complete-32-degree-1 720/1000
PROGRESS warshall-complete-32-degree-1 730/1000
PROGRESS warshall-complete-32-degree-1 740/1000
PROGRESS warshall-complete-32-degree-1 750/1000
PROGRESS warshall-complete-32-degree-1 760/1000
PROGRESS warshall-complete-32-degree-1 770/1000
PROGRESS warshall-complete-32-degree-1 780/1000
PROGRESS warshall-complete-32-degree-1 790/1000
PROGRESS warshall-complete-32-degree-1 800/1000
PROGRESS warshall-complete-32-degree-1 810/1000
PROGRESS warshall-complete-32-degree-1 820/1000
PROGRESS warshall-complete-32-degree-1 830/1000
PROGRESS warshall-complete-32-degree-1 840/1000
PROGRESS warshall-complete-32-degree-1 850/1000
PROGRESS warshall-complete-32-degree-1 860/1000
PROGRESS warshall-complete-32-degree-1 870/1000
PROGRESS warshall-complete-32-degree-1 880/1000
PROGRESS warshall-complete-32-degree-1 890/1000
PROGRESS warshall-complete-32-degree-1 900/1000
PROGRESS warshall-complete-32-degree-1 910/1000
PROGRESS warshall-complete-32-degree-1 920/1000
PROGRESS warshall-complete-32-degree-1 930/1000
PROGRESS warshall-complete-32-degree-1 940/1000
PROGRESS warshall-complete-32-degree-1 950/1000
PROGRESS warshall-complete-32-degree-1 960/1000
PROGRESS warshall-complete-32-degree-1 970/1000
PROGRESS warshall-complete-32-degree-1 980/1000
PROGRESS warshall-complete-32-degree-1 990/1000
PROGRESS warshall-complete-32-degree-1 1000/1000
RESULT warshall-complete-32-degree-1 old-p50-bytes=362320 new-p50-bytes=304016 paired-wins=996/1000
CASE warshall-complete-32-degree-2 samples=1000 repetitions=1
PROGRESS warshall-complete-32-degree-2 10/1000
PROGRESS warshall-complete-32-degree-2 20/1000
PROGRESS warshall-complete-32-degree-2 30/1000
PROGRESS warshall-complete-32-degree-2 40/1000
PROGRESS warshall-complete-32-degree-2 50/1000
PROGRESS warshall-complete-32-degree-2 60/1000
PROGRESS warshall-complete-32-degree-2 70/1000
PROGRESS warshall-complete-32-degree-2 80/1000
PROGRESS warshall-complete-32-degree-2 90/1000
PROGRESS warshall-complete-32-degree-2 100/1000
PROGRESS warshall-complete-32-degree-2 110/1000
PROGRESS warshall-complete-32-degree-2 120/1000
PROGRESS warshall-complete-32-degree-2 130/1000
PROGRESS warshall-complete-32-degree-2 140/1000
PROGRESS warshall-complete-32-degree-2 150/1000
PROGRESS warshall-complete-32-degree-2 160/1000
PROGRESS warshall-complete-32-degree-2 170/1000
PROGRESS warshall-complete-32-degree-2 180/1000
PROGRESS warshall-complete-32-degree-2 190/1000
PROGRESS warshall-complete-32-degree-2 200/1000
PROGRESS warshall-complete-32-degree-2 210/1000
PROGRESS warshall-complete-32-degree-2 220/1000
PROGRESS warshall-complete-32-degree-2 230/1000
PROGRESS warshall-complete-32-degree-2 240/1000
PROGRESS warshall-complete-32-degree-2 250/1000
PROGRESS warshall-complete-32-degree-2 260/1000
PROGRESS warshall-complete-32-degree-2 270/1000
PROGRESS warshall-complete-32-degree-2 280/1000
PROGRESS warshall-complete-32-degree-2 290/1000
PROGRESS warshall-complete-32-degree-2 300/1000
PROGRESS warshall-complete-32-degree-2 310/1000
PROGRESS warshall-complete-32-degree-2 320/1000
PROGRESS warshall-complete-32-degree-2 330/1000
PROGRESS warshall-complete-32-degree-2 340/1000
PROGRESS warshall-complete-32-degree-2 350/1000
PROGRESS warshall-complete-32-degree-2 360/1000
PROGRESS warshall-complete-32-degree-2 370/1000
PROGRESS warshall-complete-32-degree-2 380/1000
PROGRESS warshall-complete-32-degree-2 390/1000
PROGRESS warshall-complete-32-degree-2 400/1000
PROGRESS warshall-complete-32-degree-2 410/1000
PROGRESS warshall-complete-32-degree-2 420/1000
PROGRESS warshall-complete-32-degree-2 430/1000
PROGRESS warshall-complete-32-degree-2 440/1000
PROGRESS warshall-complete-32-degree-2 450/1000
PROGRESS warshall-complete-32-degree-2 460/1000
PROGRESS warshall-complete-32-degree-2 470/1000
PROGRESS warshall-complete-32-degree-2 480/1000
PROGRESS warshall-complete-32-degree-2 490/1000
PROGRESS warshall-complete-32-degree-2 500/1000
PROGRESS warshall-complete-32-degree-2 510/1000
PROGRESS warshall-complete-32-degree-2 520/1000
PROGRESS warshall-complete-32-degree-2 530/1000
PROGRESS warshall-complete-32-degree-2 540/1000
PROGRESS warshall-complete-32-degree-2 550/1000
PROGRESS warshall-complete-32-degree-2 560/1000
PROGRESS warshall-complete-32-degree-2 570/1000
PROGRESS warshall-complete-32-degree-2 580/1000
PROGRESS warshall-complete-32-degree-2 590/1000
PROGRESS warshall-complete-32-degree-2 600/1000
PROGRESS warshall-complete-32-degree-2 610/1000
PROGRESS warshall-complete-32-degree-2 620/1000
PROGRESS warshall-complete-32-degree-2 630/1000
PROGRESS warshall-complete-32-degree-2 640/1000
PROGRESS warshall-complete-32-degree-2 650/1000
PROGRESS warshall-complete-32-degree-2 660/1000
PROGRESS warshall-complete-32-degree-2 670/1000
PROGRESS warshall-complete-32-degree-2 680/1000
PROGRESS warshall-complete-32-degree-2 690/1000
PROGRESS warshall-complete-32-degree-2 700/1000
PROGRESS warshall-complete-32-degree-2 710/1000
PROGRESS warshall-complete-32-degree-2 720/1000
PROGRESS warshall-complete-32-degree-2 730/1000
PROGRESS warshall-complete-32-degree-2 740/1000
PROGRESS warshall-complete-32-degree-2 750/1000
PROGRESS warshall-complete-32-degree-2 760/1000
PROGRESS warshall-complete-32-degree-2 770/1000
PROGRESS warshall-complete-32-degree-2 780/1000
PROGRESS warshall-complete-32-degree-2 790/1000
PROGRESS warshall-complete-32-degree-2 800/1000
PROGRESS warshall-complete-32-degree-2 810/1000
PROGRESS warshall-complete-32-degree-2 820/1000
PROGRESS warshall-complete-32-degree-2 830/1000
PROGRESS warshall-complete-32-degree-2 840/1000
PROGRESS warshall-complete-32-degree-2 850/1000
PROGRESS warshall-complete-32-degree-2 860/1000
PROGRESS warshall-complete-32-degree-2 870/1000
PROGRESS warshall-complete-32-degree-2 880/1000
PROGRESS warshall-complete-32-degree-2 890/1000
PROGRESS warshall-complete-32-degree-2 900/1000
PROGRESS warshall-complete-32-degree-2 910/1000
PROGRESS warshall-complete-32-degree-2 920/1000
PROGRESS warshall-complete-32-degree-2 930/1000
PROGRESS warshall-complete-32-degree-2 940/1000
PROGRESS warshall-complete-32-degree-2 950/1000
PROGRESS warshall-complete-32-degree-2 960/1000
PROGRESS warshall-complete-32-degree-2 970/1000
PROGRESS warshall-complete-32-degree-2 980/1000
PROGRESS warshall-complete-32-degree-2 990/1000
PROGRESS warshall-complete-32-degree-2 1000/1000
RESULT warshall-complete-32-degree-2 old-p50-bytes=366288 new-p50-bytes=274320 paired-wins=997/1000
CASE warshall-complete-32-degree-4 samples=1000 repetitions=1
PROGRESS warshall-complete-32-degree-4 10/1000
PROGRESS warshall-complete-32-degree-4 20/1000
PROGRESS warshall-complete-32-degree-4 30/1000
PROGRESS warshall-complete-32-degree-4 40/1000
PROGRESS warshall-complete-32-degree-4 50/1000
PROGRESS warshall-complete-32-degree-4 60/1000
PROGRESS warshall-complete-32-degree-4 70/1000
PROGRESS warshall-complete-32-degree-4 80/1000
PROGRESS warshall-complete-32-degree-4 90/1000
PROGRESS warshall-complete-32-degree-4 100/1000
PROGRESS warshall-complete-32-degree-4 110/1000
PROGRESS warshall-complete-32-degree-4 120/1000
PROGRESS warshall-complete-32-degree-4 130/1000
PROGRESS warshall-complete-32-degree-4 140/1000
PROGRESS warshall-complete-32-degree-4 150/1000
PROGRESS warshall-complete-32-degree-4 160/1000
PROGRESS warshall-complete-32-degree-4 170/1000
PROGRESS warshall-complete-32-degree-4 180/1000
PROGRESS warshall-complete-32-degree-4 190/1000
PROGRESS warshall-complete-32-degree-4 200/1000
PROGRESS warshall-complete-32-degree-4 210/1000
PROGRESS warshall-complete-32-degree-4 220/1000
PROGRESS warshall-complete-32-degree-4 230/1000
PROGRESS warshall-complete-32-degree-4 240/1000
PROGRESS warshall-complete-32-degree-4 250/1000
PROGRESS warshall-complete-32-degree-4 260/1000
PROGRESS warshall-complete-32-degree-4 270/1000
PROGRESS warshall-complete-32-degree-4 280/1000
PROGRESS warshall-complete-32-degree-4 290/1000
PROGRESS warshall-complete-32-degree-4 300/1000
PROGRESS warshall-complete-32-degree-4 310/1000
PROGRESS warshall-complete-32-degree-4 320/1000
PROGRESS warshall-complete-32-degree-4 330/1000
PROGRESS warshall-complete-32-degree-4 340/1000
PROGRESS warshall-complete-32-degree-4 350/1000
PROGRESS warshall-complete-32-degree-4 360/1000
PROGRESS warshall-complete-32-degree-4 370/1000
PROGRESS warshall-complete-32-degree-4 380/1000
PROGRESS warshall-complete-32-degree-4 390/1000
PROGRESS warshall-complete-32-degree-4 400/1000
PROGRESS warshall-complete-32-degree-4 410/1000
PROGRESS warshall-complete-32-degree-4 420/1000
PROGRESS warshall-complete-32-degree-4 430/1000
PROGRESS warshall-complete-32-degree-4 440/1000
PROGRESS warshall-complete-32-degree-4 450/1000
PROGRESS warshall-complete-32-degree-4 460/1000
PROGRESS warshall-complete-32-degree-4 470/1000
PROGRESS warshall-complete-32-degree-4 480/1000
PROGRESS warshall-complete-32-degree-4 490/1000
PROGRESS warshall-complete-32-degree-4 500/1000
PROGRESS warshall-complete-32-degree-4 510/1000
PROGRESS warshall-complete-32-degree-4 520/1000
PROGRESS warshall-complete-32-degree-4 530/1000
PROGRESS warshall-complete-32-degree-4 540/1000
PROGRESS warshall-complete-32-degree-4 550/1000
PROGRESS warshall-complete-32-degree-4 560/1000
PROGRESS warshall-complete-32-degree-4 570/1000
PROGRESS warshall-complete-32-degree-4 580/1000
PROGRESS warshall-complete-32-degree-4 590/1000
PROGRESS warshall-complete-32-degree-4 600/1000
PROGRESS warshall-complete-32-degree-4 610/1000
PROGRESS warshall-complete-32-degree-4 620/1000
PROGRESS warshall-complete-32-degree-4 630/1000
PROGRESS warshall-complete-32-degree-4 640/1000
PROGRESS warshall-complete-32-degree-4 650/1000
PROGRESS warshall-complete-32-degree-4 660/1000
PROGRESS warshall-complete-32-degree-4 670/1000
PROGRESS warshall-complete-32-degree-4 680/1000
PROGRESS warshall-complete-32-degree-4 690/1000
PROGRESS warshall-complete-32-degree-4 700/1000
PROGRESS warshall-complete-32-degree-4 710/1000
PROGRESS warshall-complete-32-degree-4 720/1000
PROGRESS warshall-complete-32-degree-4 730/1000
PROGRESS warshall-complete-32-degree-4 740/1000
PROGRESS warshall-complete-32-degree-4 750/1000
PROGRESS warshall-complete-32-degree-4 760/1000
PROGRESS warshall-complete-32-degree-4 770/1000
PROGRESS warshall-complete-32-degree-4 780/1000
PROGRESS warshall-complete-32-degree-4 790/1000
PROGRESS warshall-complete-32-degree-4 800/1000
PROGRESS warshall-complete-32-degree-4 810/1000
PROGRESS warshall-complete-32-degree-4 820/1000
PROGRESS warshall-complete-32-degree-4 830/1000
PROGRESS warshall-complete-32-degree-4 840/1000
PROGRESS warshall-complete-32-degree-4 850/1000
PROGRESS warshall-complete-32-degree-4 860/1000
PROGRESS warshall-complete-32-degree-4 870/1000
PROGRESS warshall-complete-32-degree-4 880/1000
PROGRESS warshall-complete-32-degree-4 890/1000
PROGRESS warshall-complete-32-degree-4 900/1000
PROGRESS warshall-complete-32-degree-4 910/1000
PROGRESS warshall-complete-32-degree-4 920/1000
PROGRESS warshall-complete-32-degree-4 930/1000
PROGRESS warshall-complete-32-degree-4 940/1000
PROGRESS warshall-complete-32-degree-4 950/1000
PROGRESS warshall-complete-32-degree-4 960/1000
PROGRESS warshall-complete-32-degree-4 970/1000
PROGRESS warshall-complete-32-degree-4 980/1000
PROGRESS warshall-complete-32-degree-4 990/1000
PROGRESS warshall-complete-32-degree-4 1000/1000
RESULT warshall-complete-32-degree-4 old-p50-bytes=375760 new-p50-bytes=264080 paired-wins=997/1000
CASE warshall-complete-32-degree-8 samples=1000 repetitions=1
PROGRESS warshall-complete-32-degree-8 10/1000
PROGRESS warshall-complete-32-degree-8 20/1000
PROGRESS warshall-complete-32-degree-8 30/1000
PROGRESS warshall-complete-32-degree-8 40/1000
PROGRESS warshall-complete-32-degree-8 50/1000
PROGRESS warshall-complete-32-degree-8 60/1000
PROGRESS warshall-complete-32-degree-8 70/1000
PROGRESS warshall-complete-32-degree-8 80/1000
PROGRESS warshall-complete-32-degree-8 90/1000
PROGRESS warshall-complete-32-degree-8 100/1000
PROGRESS warshall-complete-32-degree-8 110/1000
PROGRESS warshall-complete-32-degree-8 120/1000
PROGRESS warshall-complete-32-degree-8 130/1000
PROGRESS warshall-complete-32-degree-8 140/1000
PROGRESS warshall-complete-32-degree-8 150/1000
PROGRESS warshall-complete-32-degree-8 160/1000
PROGRESS warshall-complete-32-degree-8 170/1000
PROGRESS warshall-complete-32-degree-8 180/1000
PROGRESS warshall-complete-32-degree-8 190/1000
PROGRESS warshall-complete-32-degree-8 200/1000
PROGRESS warshall-complete-32-degree-8 210/1000
PROGRESS warshall-complete-32-degree-8 220/1000
PROGRESS warshall-complete-32-degree-8 230/1000
PROGRESS warshall-complete-32-degree-8 240/1000
PROGRESS warshall-complete-32-degree-8 250/1000
PROGRESS warshall-complete-32-degree-8 260/1000
PROGRESS warshall-complete-32-degree-8 270/1000
PROGRESS warshall-complete-32-degree-8 280/1000
PROGRESS warshall-complete-32-degree-8 290/1000
PROGRESS warshall-complete-32-degree-8 300/1000
PROGRESS warshall-complete-32-degree-8 310/1000
PROGRESS warshall-complete-32-degree-8 320/1000
PROGRESS warshall-complete-32-degree-8 330/1000
PROGRESS warshall-complete-32-degree-8 340/1000
PROGRESS warshall-complete-32-degree-8 350/1000
PROGRESS warshall-complete-32-degree-8 360/1000
PROGRESS warshall-complete-32-degree-8 370/1000
PROGRESS warshall-complete-32-degree-8 380/1000
PROGRESS warshall-complete-32-degree-8 390/1000
PROGRESS warshall-complete-32-degree-8 400/1000
PROGRESS warshall-complete-32-degree-8 410/1000
PROGRESS warshall-complete-32-degree-8 420/1000
PROGRESS warshall-complete-32-degree-8 430/1000
PROGRESS warshall-complete-32-degree-8 440/1000
PROGRESS warshall-complete-32-degree-8 450/1000
PROGRESS warshall-complete-32-degree-8 460/1000
PROGRESS warshall-complete-32-degree-8 470/1000
PROGRESS warshall-complete-32-degree-8 480/1000
PROGRESS warshall-complete-32-degree-8 490/1000
PROGRESS warshall-complete-32-degree-8 500/1000
PROGRESS warshall-complete-32-degree-8 510/1000
PROGRESS warshall-complete-32-degree-8 520/1000
PROGRESS warshall-complete-32-degree-8 530/1000
PROGRESS warshall-complete-32-degree-8 540/1000
PROGRESS warshall-complete-32-degree-8 550/1000
PROGRESS warshall-complete-32-degree-8 560/1000
PROGRESS warshall-complete-32-degree-8 570/1000
PROGRESS warshall-complete-32-degree-8 580/1000
PROGRESS warshall-complete-32-degree-8 590/1000
PROGRESS warshall-complete-32-degree-8 600/1000
PROGRESS warshall-complete-32-degree-8 610/1000
PROGRESS warshall-complete-32-degree-8 620/1000
PROGRESS warshall-complete-32-degree-8 630/1000
PROGRESS warshall-complete-32-degree-8 640/1000
PROGRESS warshall-complete-32-degree-8 650/1000
PROGRESS warshall-complete-32-degree-8 660/1000
PROGRESS warshall-complete-32-degree-8 670/1000
PROGRESS warshall-complete-32-degree-8 680/1000
PROGRESS warshall-complete-32-degree-8 690/1000
PROGRESS warshall-complete-32-degree-8 700/1000
PROGRESS warshall-complete-32-degree-8 710/1000
PROGRESS warshall-complete-32-degree-8 720/1000
PROGRESS warshall-complete-32-degree-8 730/1000
PROGRESS warshall-complete-32-degree-8 740/1000
PROGRESS warshall-complete-32-degree-8 750/1000
PROGRESS warshall-complete-32-degree-8 760/1000
PROGRESS warshall-complete-32-degree-8 770/1000
PROGRESS warshall-complete-32-degree-8 780/1000
PROGRESS warshall-complete-32-degree-8 790/1000
PROGRESS warshall-complete-32-degree-8 800/1000
PROGRESS warshall-complete-32-degree-8 810/1000
PROGRESS warshall-complete-32-degree-8 820/1000
PROGRESS warshall-complete-32-degree-8 830/1000
PROGRESS warshall-complete-32-degree-8 840/1000
PROGRESS warshall-complete-32-degree-8 850/1000
PROGRESS warshall-complete-32-degree-8 860/1000
PROGRESS warshall-complete-32-degree-8 870/1000
PROGRESS warshall-complete-32-degree-8 880/1000
PROGRESS warshall-complete-32-degree-8 890/1000
PROGRESS warshall-complete-32-degree-8 900/1000
PROGRESS warshall-complete-32-degree-8 910/1000
PROGRESS warshall-complete-32-degree-8 920/1000
PROGRESS warshall-complete-32-degree-8 930/1000
PROGRESS warshall-complete-32-degree-8 940/1000
PROGRESS warshall-complete-32-degree-8 950/1000
PROGRESS warshall-complete-32-degree-8 960/1000
PROGRESS warshall-complete-32-degree-8 970/1000
PROGRESS warshall-complete-32-degree-8 980/1000
PROGRESS warshall-complete-32-degree-8 990/1000
PROGRESS warshall-complete-32-degree-8 1000/1000
RESULT warshall-complete-32-degree-8 old-p50-bytes=395472 new-p50-bytes=268176 paired-wins=995/1000
CASE warshall-complete-32-degree-16 samples=1000 repetitions=1
PROGRESS warshall-complete-32-degree-16 10/1000
PROGRESS warshall-complete-32-degree-16 20/1000
PROGRESS warshall-complete-32-degree-16 30/1000
PROGRESS warshall-complete-32-degree-16 40/1000
PROGRESS warshall-complete-32-degree-16 50/1000
PROGRESS warshall-complete-32-degree-16 60/1000
PROGRESS warshall-complete-32-degree-16 70/1000
PROGRESS warshall-complete-32-degree-16 80/1000
PROGRESS warshall-complete-32-degree-16 90/1000
PROGRESS warshall-complete-32-degree-16 100/1000
PROGRESS warshall-complete-32-degree-16 110/1000
PROGRESS warshall-complete-32-degree-16 120/1000
PROGRESS warshall-complete-32-degree-16 130/1000
PROGRESS warshall-complete-32-degree-16 140/1000
PROGRESS warshall-complete-32-degree-16 150/1000
PROGRESS warshall-complete-32-degree-16 160/1000
PROGRESS warshall-complete-32-degree-16 170/1000
PROGRESS warshall-complete-32-degree-16 180/1000
PROGRESS warshall-complete-32-degree-16 190/1000
PROGRESS warshall-complete-32-degree-16 200/1000
PROGRESS warshall-complete-32-degree-16 210/1000
PROGRESS warshall-complete-32-degree-16 220/1000
PROGRESS warshall-complete-32-degree-16 230/1000
PROGRESS warshall-complete-32-degree-16 240/1000
PROGRESS warshall-complete-32-degree-16 250/1000
PROGRESS warshall-complete-32-degree-16 260/1000
PROGRESS warshall-complete-32-degree-16 270/1000
PROGRESS warshall-complete-32-degree-16 280/1000
PROGRESS warshall-complete-32-degree-16 290/1000
PROGRESS warshall-complete-32-degree-16 300/1000
PROGRESS warshall-complete-32-degree-16 310/1000
PROGRESS warshall-complete-32-degree-16 320/1000
PROGRESS warshall-complete-32-degree-16 330/1000
PROGRESS warshall-complete-32-degree-16 340/1000
PROGRESS warshall-complete-32-degree-16 350/1000
PROGRESS warshall-complete-32-degree-16 360/1000
PROGRESS warshall-complete-32-degree-16 370/1000
PROGRESS warshall-complete-32-degree-16 380/1000
PROGRESS warshall-complete-32-degree-16 390/1000
PROGRESS warshall-complete-32-degree-16 400/1000
PROGRESS warshall-complete-32-degree-16 410/1000
PROGRESS warshall-complete-32-degree-16 420/1000
PROGRESS warshall-complete-32-degree-16 430/1000
PROGRESS warshall-complete-32-degree-16 440/1000
PROGRESS warshall-complete-32-degree-16 450/1000
PROGRESS warshall-complete-32-degree-16 460/1000
PROGRESS warshall-complete-32-degree-16 470/1000
PROGRESS warshall-complete-32-degree-16 480/1000
PROGRESS warshall-complete-32-degree-16 490/1000
PROGRESS warshall-complete-32-degree-16 500/1000
PROGRESS warshall-complete-32-degree-16 510/1000
PROGRESS warshall-complete-32-degree-16 520/1000
PROGRESS warshall-complete-32-degree-16 530/1000
PROGRESS warshall-complete-32-degree-16 540/1000
PROGRESS warshall-complete-32-degree-16 550/1000
PROGRESS warshall-complete-32-degree-16 560/1000
PROGRESS warshall-complete-32-degree-16 570/1000
PROGRESS warshall-complete-32-degree-16 580/1000
PROGRESS warshall-complete-32-degree-16 590/1000
PROGRESS warshall-complete-32-degree-16 600/1000
PROGRESS warshall-complete-32-degree-16 610/1000
PROGRESS warshall-complete-32-degree-16 620/1000
PROGRESS warshall-complete-32-degree-16 630/1000
PROGRESS warshall-complete-32-degree-16 640/1000
PROGRESS warshall-complete-32-degree-16 650/1000
PROGRESS warshall-complete-32-degree-16 660/1000
PROGRESS warshall-complete-32-degree-16 670/1000
PROGRESS warshall-complete-32-degree-16 680/1000
PROGRESS warshall-complete-32-degree-16 690/1000
PROGRESS warshall-complete-32-degree-16 700/1000
PROGRESS warshall-complete-32-degree-16 710/1000
PROGRESS warshall-complete-32-degree-16 720/1000
PROGRESS warshall-complete-32-degree-16 730/1000
PROGRESS warshall-complete-32-degree-16 740/1000
PROGRESS warshall-complete-32-degree-16 750/1000
PROGRESS warshall-complete-32-degree-16 760/1000
PROGRESS warshall-complete-32-degree-16 770/1000
PROGRESS warshall-complete-32-degree-16 780/1000
PROGRESS warshall-complete-32-degree-16 790/1000
PROGRESS warshall-complete-32-degree-16 800/1000
PROGRESS warshall-complete-32-degree-16 810/1000
PROGRESS warshall-complete-32-degree-16 820/1000
PROGRESS warshall-complete-32-degree-16 830/1000
PROGRESS warshall-complete-32-degree-16 840/1000
PROGRESS warshall-complete-32-degree-16 850/1000
PROGRESS warshall-complete-32-degree-16 860/1000
PROGRESS warshall-complete-32-degree-16 870/1000
PROGRESS warshall-complete-32-degree-16 880/1000
PROGRESS warshall-complete-32-degree-16 890/1000
PROGRESS warshall-complete-32-degree-16 900/1000
PROGRESS warshall-complete-32-degree-16 910/1000
PROGRESS warshall-complete-32-degree-16 920/1000
PROGRESS warshall-complete-32-degree-16 930/1000
PROGRESS warshall-complete-32-degree-16 940/1000
PROGRESS warshall-complete-32-degree-16 950/1000
PROGRESS warshall-complete-32-degree-16 960/1000
PROGRESS warshall-complete-32-degree-16 970/1000
PROGRESS warshall-complete-32-degree-16 980/1000
PROGRESS warshall-complete-32-degree-16 990/1000
PROGRESS warshall-complete-32-degree-16 1000/1000
RESULT warshall-complete-32-degree-16 old-p50-bytes=432400 new-p50-bytes=288656 paired-wins=996/1000
CASE warshall-complete-32-degree-31 samples=1000 repetitions=1
PROGRESS warshall-complete-32-degree-31 10/1000
PROGRESS warshall-complete-32-degree-31 20/1000
PROGRESS warshall-complete-32-degree-31 30/1000
PROGRESS warshall-complete-32-degree-31 40/1000
PROGRESS warshall-complete-32-degree-31 50/1000
PROGRESS warshall-complete-32-degree-31 60/1000
PROGRESS warshall-complete-32-degree-31 70/1000
PROGRESS warshall-complete-32-degree-31 80/1000
PROGRESS warshall-complete-32-degree-31 90/1000
PROGRESS warshall-complete-32-degree-31 100/1000
PROGRESS warshall-complete-32-degree-31 110/1000
PROGRESS warshall-complete-32-degree-31 120/1000
PROGRESS warshall-complete-32-degree-31 130/1000
PROGRESS warshall-complete-32-degree-31 140/1000
PROGRESS warshall-complete-32-degree-31 150/1000
PROGRESS warshall-complete-32-degree-31 160/1000
PROGRESS warshall-complete-32-degree-31 170/1000
PROGRESS warshall-complete-32-degree-31 180/1000
PROGRESS warshall-complete-32-degree-31 190/1000
PROGRESS warshall-complete-32-degree-31 200/1000
PROGRESS warshall-complete-32-degree-31 210/1000
PROGRESS warshall-complete-32-degree-31 220/1000
PROGRESS warshall-complete-32-degree-31 230/1000
PROGRESS warshall-complete-32-degree-31 240/1000
PROGRESS warshall-complete-32-degree-31 250/1000
PROGRESS warshall-complete-32-degree-31 260/1000
PROGRESS warshall-complete-32-degree-31 270/1000
PROGRESS warshall-complete-32-degree-31 280/1000
PROGRESS warshall-complete-32-degree-31 290/1000
PROGRESS warshall-complete-32-degree-31 300/1000
PROGRESS warshall-complete-32-degree-31 310/1000
PROGRESS warshall-complete-32-degree-31 320/1000
PROGRESS warshall-complete-32-degree-31 330/1000
PROGRESS warshall-complete-32-degree-31 340/1000
PROGRESS warshall-complete-32-degree-31 350/1000
PROGRESS warshall-complete-32-degree-31 360/1000
PROGRESS warshall-complete-32-degree-31 370/1000
PROGRESS warshall-complete-32-degree-31 380/1000
PROGRESS warshall-complete-32-degree-31 390/1000
PROGRESS warshall-complete-32-degree-31 400/1000
PROGRESS warshall-complete-32-degree-31 410/1000
PROGRESS warshall-complete-32-degree-31 420/1000
PROGRESS warshall-complete-32-degree-31 430/1000
PROGRESS warshall-complete-32-degree-31 440/1000
PROGRESS warshall-complete-32-degree-31 450/1000
PROGRESS warshall-complete-32-degree-31 460/1000
PROGRESS warshall-complete-32-degree-31 470/1000
PROGRESS warshall-complete-32-degree-31 480/1000
PROGRESS warshall-complete-32-degree-31 490/1000
PROGRESS warshall-complete-32-degree-31 500/1000
PROGRESS warshall-complete-32-degree-31 510/1000
PROGRESS warshall-complete-32-degree-31 520/1000
PROGRESS warshall-complete-32-degree-31 530/1000
PROGRESS warshall-complete-32-degree-31 540/1000
PROGRESS warshall-complete-32-degree-31 550/1000
PROGRESS warshall-complete-32-degree-31 560/1000
PROGRESS warshall-complete-32-degree-31 570/1000
PROGRESS warshall-complete-32-degree-31 580/1000
PROGRESS warshall-complete-32-degree-31 590/1000
PROGRESS warshall-complete-32-degree-31 600/1000
PROGRESS warshall-complete-32-degree-31 610/1000
PROGRESS warshall-complete-32-degree-31 620/1000
PROGRESS warshall-complete-32-degree-31 630/1000
PROGRESS warshall-complete-32-degree-31 640/1000
PROGRESS warshall-complete-32-degree-31 650/1000
PROGRESS warshall-complete-32-degree-31 660/1000
PROGRESS warshall-complete-32-degree-31 670/1000
PROGRESS warshall-complete-32-degree-31 680/1000
PROGRESS warshall-complete-32-degree-31 690/1000
PROGRESS warshall-complete-32-degree-31 700/1000
PROGRESS warshall-complete-32-degree-31 710/1000
PROGRESS warshall-complete-32-degree-31 720/1000
PROGRESS warshall-complete-32-degree-31 730/1000
PROGRESS warshall-complete-32-degree-31 740/1000
PROGRESS warshall-complete-32-degree-31 750/1000
PROGRESS warshall-complete-32-degree-31 760/1000
PROGRESS warshall-complete-32-degree-31 770/1000
PROGRESS warshall-complete-32-degree-31 780/1000
PROGRESS warshall-complete-32-degree-31 790/1000
PROGRESS warshall-complete-32-degree-31 800/1000
PROGRESS warshall-complete-32-degree-31 810/1000
PROGRESS warshall-complete-32-degree-31 820/1000
PROGRESS warshall-complete-32-degree-31 830/1000
PROGRESS warshall-complete-32-degree-31 840/1000
PROGRESS warshall-complete-32-degree-31 850/1000
PROGRESS warshall-complete-32-degree-31 860/1000
PROGRESS warshall-complete-32-degree-31 870/1000
PROGRESS warshall-complete-32-degree-31 880/1000
PROGRESS warshall-complete-32-degree-31 890/1000
PROGRESS warshall-complete-32-degree-31 900/1000
PROGRESS warshall-complete-32-degree-31 910/1000
PROGRESS warshall-complete-32-degree-31 920/1000
PROGRESS warshall-complete-32-degree-31 930/1000
PROGRESS warshall-complete-32-degree-31 940/1000
PROGRESS warshall-complete-32-degree-31 950/1000
PROGRESS warshall-complete-32-degree-31 960/1000
PROGRESS warshall-complete-32-degree-31 970/1000
PROGRESS warshall-complete-32-degree-31 980/1000
PROGRESS warshall-complete-32-degree-31 990/1000
PROGRESS warshall-complete-32-degree-31 1000/1000
RESULT warshall-complete-32-degree-31 old-p50-bytes=455440 new-p50-bytes=288656 paired-wins=994/1000
CASE warshall-complete-fanout-64 samples=1000 repetitions=1
PROGRESS warshall-complete-fanout-64 10/1000
PROGRESS warshall-complete-fanout-64 20/1000
PROGRESS warshall-complete-fanout-64 30/1000
PROGRESS warshall-complete-fanout-64 40/1000
PROGRESS warshall-complete-fanout-64 50/1000
PROGRESS warshall-complete-fanout-64 60/1000
PROGRESS warshall-complete-fanout-64 70/1000
PROGRESS warshall-complete-fanout-64 80/1000
PROGRESS warshall-complete-fanout-64 90/1000
PROGRESS warshall-complete-fanout-64 100/1000
PROGRESS warshall-complete-fanout-64 110/1000
PROGRESS warshall-complete-fanout-64 120/1000
PROGRESS warshall-complete-fanout-64 130/1000
PROGRESS warshall-complete-fanout-64 140/1000
PROGRESS warshall-complete-fanout-64 150/1000
PROGRESS warshall-complete-fanout-64 160/1000
PROGRESS warshall-complete-fanout-64 170/1000
PROGRESS warshall-complete-fanout-64 180/1000
PROGRESS warshall-complete-fanout-64 190/1000
PROGRESS warshall-complete-fanout-64 200/1000
PROGRESS warshall-complete-fanout-64 210/1000
PROGRESS warshall-complete-fanout-64 220/1000
PROGRESS warshall-complete-fanout-64 230/1000
PROGRESS warshall-complete-fanout-64 240/1000
PROGRESS warshall-complete-fanout-64 250/1000
PROGRESS warshall-complete-fanout-64 260/1000
PROGRESS warshall-complete-fanout-64 270/1000
PROGRESS warshall-complete-fanout-64 280/1000
PROGRESS warshall-complete-fanout-64 290/1000
PROGRESS warshall-complete-fanout-64 300/1000
PROGRESS warshall-complete-fanout-64 310/1000
PROGRESS warshall-complete-fanout-64 320/1000
PROGRESS warshall-complete-fanout-64 330/1000
PROGRESS warshall-complete-fanout-64 340/1000
PROGRESS warshall-complete-fanout-64 350/1000
PROGRESS warshall-complete-fanout-64 360/1000
PROGRESS warshall-complete-fanout-64 370/1000
PROGRESS warshall-complete-fanout-64 380/1000
PROGRESS warshall-complete-fanout-64 390/1000
PROGRESS warshall-complete-fanout-64 400/1000
PROGRESS warshall-complete-fanout-64 410/1000
PROGRESS warshall-complete-fanout-64 420/1000
PROGRESS warshall-complete-fanout-64 430/1000
PROGRESS warshall-complete-fanout-64 440/1000
PROGRESS warshall-complete-fanout-64 450/1000
PROGRESS warshall-complete-fanout-64 460/1000
PROGRESS warshall-complete-fanout-64 470/1000
PROGRESS warshall-complete-fanout-64 480/1000
PROGRESS warshall-complete-fanout-64 490/1000
PROGRESS warshall-complete-fanout-64 500/1000
PROGRESS warshall-complete-fanout-64 510/1000
PROGRESS warshall-complete-fanout-64 520/1000
PROGRESS warshall-complete-fanout-64 530/1000
PROGRESS warshall-complete-fanout-64 540/1000
PROGRESS warshall-complete-fanout-64 550/1000
PROGRESS warshall-complete-fanout-64 560/1000
PROGRESS warshall-complete-fanout-64 570/1000
PROGRESS warshall-complete-fanout-64 580/1000
PROGRESS warshall-complete-fanout-64 590/1000
PROGRESS warshall-complete-fanout-64 600/1000
PROGRESS warshall-complete-fanout-64 610/1000
PROGRESS warshall-complete-fanout-64 620/1000
PROGRESS warshall-complete-fanout-64 630/1000
PROGRESS warshall-complete-fanout-64 640/1000
PROGRESS warshall-complete-fanout-64 650/1000
PROGRESS warshall-complete-fanout-64 660/1000
PROGRESS warshall-complete-fanout-64 670/1000
PROGRESS warshall-complete-fanout-64 680/1000
PROGRESS warshall-complete-fanout-64 690/1000
PROGRESS warshall-complete-fanout-64 700/1000
PROGRESS warshall-complete-fanout-64 710/1000
PROGRESS warshall-complete-fanout-64 720/1000
PROGRESS warshall-complete-fanout-64 730/1000
PROGRESS warshall-complete-fanout-64 740/1000
PROGRESS warshall-complete-fanout-64 750/1000
PROGRESS warshall-complete-fanout-64 760/1000
PROGRESS warshall-complete-fanout-64 770/1000
PROGRESS warshall-complete-fanout-64 780/1000
PROGRESS warshall-complete-fanout-64 790/1000
PROGRESS warshall-complete-fanout-64 800/1000
PROGRESS warshall-complete-fanout-64 810/1000
PROGRESS warshall-complete-fanout-64 820/1000
PROGRESS warshall-complete-fanout-64 830/1000
PROGRESS warshall-complete-fanout-64 840/1000
PROGRESS warshall-complete-fanout-64 850/1000
PROGRESS warshall-complete-fanout-64 860/1000
PROGRESS warshall-complete-fanout-64 870/1000
PROGRESS warshall-complete-fanout-64 880/1000
PROGRESS warshall-complete-fanout-64 890/1000
PROGRESS warshall-complete-fanout-64 900/1000
PROGRESS warshall-complete-fanout-64 910/1000
PROGRESS warshall-complete-fanout-64 920/1000
PROGRESS warshall-complete-fanout-64 930/1000
PROGRESS warshall-complete-fanout-64 940/1000
PROGRESS warshall-complete-fanout-64 950/1000
PROGRESS warshall-complete-fanout-64 960/1000
PROGRESS warshall-complete-fanout-64 970/1000
PROGRESS warshall-complete-fanout-64 980/1000
PROGRESS warshall-complete-fanout-64 990/1000
PROGRESS warshall-complete-fanout-64 1000/1000
RESULT warshall-complete-fanout-64 old-p50-bytes=1571088 new-p50-bytes=1610752 paired-wins=1/1000
CASE warshall-projection-256 samples=1000 repetitions=1
PROGRESS warshall-projection-256 10/1000
PROGRESS warshall-projection-256 20/1000
PROGRESS warshall-projection-256 30/1000
PROGRESS warshall-projection-256 40/1000
PROGRESS warshall-projection-256 50/1000
PROGRESS warshall-projection-256 60/1000
PROGRESS warshall-projection-256 70/1000
PROGRESS warshall-projection-256 80/1000
PROGRESS warshall-projection-256 90/1000
PROGRESS warshall-projection-256 100/1000
PROGRESS warshall-projection-256 110/1000
PROGRESS warshall-projection-256 120/1000
PROGRESS warshall-projection-256 130/1000
PROGRESS warshall-projection-256 140/1000
PROGRESS warshall-projection-256 150/1000
PROGRESS warshall-projection-256 160/1000
PROGRESS warshall-projection-256 170/1000
PROGRESS warshall-projection-256 180/1000
PROGRESS warshall-projection-256 190/1000
PROGRESS warshall-projection-256 200/1000
PROGRESS warshall-projection-256 210/1000
PROGRESS warshall-projection-256 220/1000
PROGRESS warshall-projection-256 230/1000
PROGRESS warshall-projection-256 240/1000
PROGRESS warshall-projection-256 250/1000
PROGRESS warshall-projection-256 260/1000
PROGRESS warshall-projection-256 270/1000
PROGRESS warshall-projection-256 280/1000
PROGRESS warshall-projection-256 290/1000
PROGRESS warshall-projection-256 300/1000
PROGRESS warshall-projection-256 310/1000
PROGRESS warshall-projection-256 320/1000
PROGRESS warshall-projection-256 330/1000
PROGRESS warshall-projection-256 340/1000
PROGRESS warshall-projection-256 350/1000
PROGRESS warshall-projection-256 360/1000
PROGRESS warshall-projection-256 370/1000
PROGRESS warshall-projection-256 380/1000
PROGRESS warshall-projection-256 390/1000
PROGRESS warshall-projection-256 400/1000
PROGRESS warshall-projection-256 410/1000
PROGRESS warshall-projection-256 420/1000
PROGRESS warshall-projection-256 430/1000
PROGRESS warshall-projection-256 440/1000
PROGRESS warshall-projection-256 450/1000
PROGRESS warshall-projection-256 460/1000
PROGRESS warshall-projection-256 470/1000
PROGRESS warshall-projection-256 480/1000
PROGRESS warshall-projection-256 490/1000
PROGRESS warshall-projection-256 500/1000
PROGRESS warshall-projection-256 510/1000
PROGRESS warshall-projection-256 520/1000
PROGRESS warshall-projection-256 530/1000
PROGRESS warshall-projection-256 540/1000
PROGRESS warshall-projection-256 550/1000
PROGRESS warshall-projection-256 560/1000
PROGRESS warshall-projection-256 570/1000
PROGRESS warshall-projection-256 580/1000
PROGRESS warshall-projection-256 590/1000
PROGRESS warshall-projection-256 600/1000
PROGRESS warshall-projection-256 610/1000
PROGRESS warshall-projection-256 620/1000
PROGRESS warshall-projection-256 630/1000
PROGRESS warshall-projection-256 640/1000
PROGRESS warshall-projection-256 650/1000
PROGRESS warshall-projection-256 660/1000
PROGRESS warshall-projection-256 670/1000
PROGRESS warshall-projection-256 680/1000
PROGRESS warshall-projection-256 690/1000
PROGRESS warshall-projection-256 700/1000
PROGRESS warshall-projection-256 710/1000
PROGRESS warshall-projection-256 720/1000
PROGRESS warshall-projection-256 730/1000
PROGRESS warshall-projection-256 740/1000
PROGRESS warshall-projection-256 750/1000
PROGRESS warshall-projection-256 760/1000
PROGRESS warshall-projection-256 770/1000
PROGRESS warshall-projection-256 780/1000
PROGRESS warshall-projection-256 790/1000
PROGRESS warshall-projection-256 800/1000
PROGRESS warshall-projection-256 810/1000
PROGRESS warshall-projection-256 820/1000
PROGRESS warshall-projection-256 830/1000
PROGRESS warshall-projection-256 840/1000
PROGRESS warshall-projection-256 850/1000
PROGRESS warshall-projection-256 860/1000
PROGRESS warshall-projection-256 870/1000
PROGRESS warshall-projection-256 880/1000
PROGRESS warshall-projection-256 890/1000
PROGRESS warshall-projection-256 900/1000
PROGRESS warshall-projection-256 910/1000
PROGRESS warshall-projection-256 920/1000
PROGRESS warshall-projection-256 930/1000
PROGRESS warshall-projection-256 940/1000
PROGRESS warshall-projection-256 950/1000
PROGRESS warshall-projection-256 960/1000
PROGRESS warshall-projection-256 970/1000
PROGRESS warshall-projection-256 980/1000
PROGRESS warshall-projection-256 990/1000
PROGRESS warshall-projection-256 1000/1000
RESULT warshall-projection-256 old-p50-bytes=165728 new-p50-bytes=570992 paired-wins=4/1000
CASE warshall-closure-chain-32 samples=1000 repetitions=1
PROGRESS warshall-closure-chain-32 10/1000
PROGRESS warshall-closure-chain-32 20/1000
PROGRESS warshall-closure-chain-32 30/1000
PROGRESS warshall-closure-chain-32 40/1000
PROGRESS warshall-closure-chain-32 50/1000
PROGRESS warshall-closure-chain-32 60/1000
PROGRESS warshall-closure-chain-32 70/1000
PROGRESS warshall-closure-chain-32 80/1000
PROGRESS warshall-closure-chain-32 90/1000
PROGRESS warshall-closure-chain-32 100/1000
PROGRESS warshall-closure-chain-32 110/1000
PROGRESS warshall-closure-chain-32 120/1000
PROGRESS warshall-closure-chain-32 130/1000
PROGRESS warshall-closure-chain-32 140/1000
PROGRESS warshall-closure-chain-32 150/1000
PROGRESS warshall-closure-chain-32 160/1000
PROGRESS warshall-closure-chain-32 170/1000
PROGRESS warshall-closure-chain-32 180/1000
PROGRESS warshall-closure-chain-32 190/1000
PROGRESS warshall-closure-chain-32 200/1000
PROGRESS warshall-closure-chain-32 210/1000
PROGRESS warshall-closure-chain-32 220/1000
PROGRESS warshall-closure-chain-32 230/1000
PROGRESS warshall-closure-chain-32 240/1000
PROGRESS warshall-closure-chain-32 250/1000
PROGRESS warshall-closure-chain-32 260/1000
PROGRESS warshall-closure-chain-32 270/1000
PROGRESS warshall-closure-chain-32 280/1000
PROGRESS warshall-closure-chain-32 290/1000
PROGRESS warshall-closure-chain-32 300/1000
PROGRESS warshall-closure-chain-32 310/1000
PROGRESS warshall-closure-chain-32 320/1000
PROGRESS warshall-closure-chain-32 330/1000
PROGRESS warshall-closure-chain-32 340/1000
PROGRESS warshall-closure-chain-32 350/1000
PROGRESS warshall-closure-chain-32 360/1000
PROGRESS warshall-closure-chain-32 370/1000
PROGRESS warshall-closure-chain-32 380/1000
PROGRESS warshall-closure-chain-32 390/1000
PROGRESS warshall-closure-chain-32 400/1000
PROGRESS warshall-closure-chain-32 410/1000
PROGRESS warshall-closure-chain-32 420/1000
PROGRESS warshall-closure-chain-32 430/1000
PROGRESS warshall-closure-chain-32 440/1000
PROGRESS warshall-closure-chain-32 450/1000
PROGRESS warshall-closure-chain-32 460/1000
PROGRESS warshall-closure-chain-32 470/1000
PROGRESS warshall-closure-chain-32 480/1000
PROGRESS warshall-closure-chain-32 490/1000
PROGRESS warshall-closure-chain-32 500/1000
PROGRESS warshall-closure-chain-32 510/1000
PROGRESS warshall-closure-chain-32 520/1000
PROGRESS warshall-closure-chain-32 530/1000
PROGRESS warshall-closure-chain-32 540/1000
PROGRESS warshall-closure-chain-32 550/1000
PROGRESS warshall-closure-chain-32 560/1000
PROGRESS warshall-closure-chain-32 570/1000
PROGRESS warshall-closure-chain-32 580/1000
PROGRESS warshall-closure-chain-32 590/1000
PROGRESS warshall-closure-chain-32 600/1000
PROGRESS warshall-closure-chain-32 610/1000
PROGRESS warshall-closure-chain-32 620/1000
PROGRESS warshall-closure-chain-32 630/1000
PROGRESS warshall-closure-chain-32 640/1000
PROGRESS warshall-closure-chain-32 650/1000
PROGRESS warshall-closure-chain-32 660/1000
PROGRESS warshall-closure-chain-32 670/1000
PROGRESS warshall-closure-chain-32 680/1000
PROGRESS warshall-closure-chain-32 690/1000
PROGRESS warshall-closure-chain-32 700/1000
PROGRESS warshall-closure-chain-32 710/1000
PROGRESS warshall-closure-chain-32 720/1000
PROGRESS warshall-closure-chain-32 730/1000
PROGRESS warshall-closure-chain-32 740/1000
PROGRESS warshall-closure-chain-32 750/1000
PROGRESS warshall-closure-chain-32 760/1000
PROGRESS warshall-closure-chain-32 770/1000
PROGRESS warshall-closure-chain-32 780/1000
PROGRESS warshall-closure-chain-32 790/1000
PROGRESS warshall-closure-chain-32 800/1000
PROGRESS warshall-closure-chain-32 810/1000
PROGRESS warshall-closure-chain-32 820/1000
PROGRESS warshall-closure-chain-32 830/1000
PROGRESS warshall-closure-chain-32 840/1000
PROGRESS warshall-closure-chain-32 850/1000
PROGRESS warshall-closure-chain-32 860/1000
PROGRESS warshall-closure-chain-32 870/1000
PROGRESS warshall-closure-chain-32 880/1000
PROGRESS warshall-closure-chain-32 890/1000
PROGRESS warshall-closure-chain-32 900/1000
PROGRESS warshall-closure-chain-32 910/1000
PROGRESS warshall-closure-chain-32 920/1000
PROGRESS warshall-closure-chain-32 930/1000
PROGRESS warshall-closure-chain-32 940/1000
PROGRESS warshall-closure-chain-32 950/1000
PROGRESS warshall-closure-chain-32 960/1000
PROGRESS warshall-closure-chain-32 970/1000
PROGRESS warshall-closure-chain-32 980/1000
PROGRESS warshall-closure-chain-32 990/1000
PROGRESS warshall-closure-chain-32 1000/1000
RESULT warshall-closure-chain-32 old-p50-bytes=107840 new-p50-bytes=73328 paired-wins=999/1000
CASE warshall-distance-chain-32 samples=1000 repetitions=1
PROGRESS warshall-distance-chain-32 10/1000
PROGRESS warshall-distance-chain-32 20/1000
PROGRESS warshall-distance-chain-32 30/1000
PROGRESS warshall-distance-chain-32 40/1000
PROGRESS warshall-distance-chain-32 50/1000
PROGRESS warshall-distance-chain-32 60/1000
PROGRESS warshall-distance-chain-32 70/1000
PROGRESS warshall-distance-chain-32 80/1000
PROGRESS warshall-distance-chain-32 90/1000
PROGRESS warshall-distance-chain-32 100/1000
PROGRESS warshall-distance-chain-32 110/1000
PROGRESS warshall-distance-chain-32 120/1000
PROGRESS warshall-distance-chain-32 130/1000
PROGRESS warshall-distance-chain-32 140/1000
PROGRESS warshall-distance-chain-32 150/1000
PROGRESS warshall-distance-chain-32 160/1000
PROGRESS warshall-distance-chain-32 170/1000
PROGRESS warshall-distance-chain-32 180/1000
PROGRESS warshall-distance-chain-32 190/1000
PROGRESS warshall-distance-chain-32 200/1000
PROGRESS warshall-distance-chain-32 210/1000
PROGRESS warshall-distance-chain-32 220/1000
PROGRESS warshall-distance-chain-32 230/1000
PROGRESS warshall-distance-chain-32 240/1000
PROGRESS warshall-distance-chain-32 250/1000
PROGRESS warshall-distance-chain-32 260/1000
PROGRESS warshall-distance-chain-32 270/1000
PROGRESS warshall-distance-chain-32 280/1000
PROGRESS warshall-distance-chain-32 290/1000
PROGRESS warshall-distance-chain-32 300/1000
PROGRESS warshall-distance-chain-32 310/1000
PROGRESS warshall-distance-chain-32 320/1000
PROGRESS warshall-distance-chain-32 330/1000
PROGRESS warshall-distance-chain-32 340/1000
PROGRESS warshall-distance-chain-32 350/1000
PROGRESS warshall-distance-chain-32 360/1000
PROGRESS warshall-distance-chain-32 370/1000
PROGRESS warshall-distance-chain-32 380/1000
PROGRESS warshall-distance-chain-32 390/1000
PROGRESS warshall-distance-chain-32 400/1000
PROGRESS warshall-distance-chain-32 410/1000
PROGRESS warshall-distance-chain-32 420/1000
PROGRESS warshall-distance-chain-32 430/1000
PROGRESS warshall-distance-chain-32 440/1000
PROGRESS warshall-distance-chain-32 450/1000
PROGRESS warshall-distance-chain-32 460/1000
PROGRESS warshall-distance-chain-32 470/1000
PROGRESS warshall-distance-chain-32 480/1000
PROGRESS warshall-distance-chain-32 490/1000
PROGRESS warshall-distance-chain-32 500/1000
PROGRESS warshall-distance-chain-32 510/1000
PROGRESS warshall-distance-chain-32 520/1000
PROGRESS warshall-distance-chain-32 530/1000
PROGRESS warshall-distance-chain-32 540/1000
PROGRESS warshall-distance-chain-32 550/1000
PROGRESS warshall-distance-chain-32 560/1000
PROGRESS warshall-distance-chain-32 570/1000
PROGRESS warshall-distance-chain-32 580/1000
PROGRESS warshall-distance-chain-32 590/1000
PROGRESS warshall-distance-chain-32 600/1000
PROGRESS warshall-distance-chain-32 610/1000
PROGRESS warshall-distance-chain-32 620/1000
PROGRESS warshall-distance-chain-32 630/1000
PROGRESS warshall-distance-chain-32 640/1000
PROGRESS warshall-distance-chain-32 650/1000
PROGRESS warshall-distance-chain-32 660/1000
PROGRESS warshall-distance-chain-32 670/1000
PROGRESS warshall-distance-chain-32 680/1000
PROGRESS warshall-distance-chain-32 690/1000
PROGRESS warshall-distance-chain-32 700/1000
PROGRESS warshall-distance-chain-32 710/1000
PROGRESS warshall-distance-chain-32 720/1000
PROGRESS warshall-distance-chain-32 730/1000
PROGRESS warshall-distance-chain-32 740/1000
PROGRESS warshall-distance-chain-32 750/1000
PROGRESS warshall-distance-chain-32 760/1000
PROGRESS warshall-distance-chain-32 770/1000
PROGRESS warshall-distance-chain-32 780/1000
PROGRESS warshall-distance-chain-32 790/1000
PROGRESS warshall-distance-chain-32 800/1000
PROGRESS warshall-distance-chain-32 810/1000
PROGRESS warshall-distance-chain-32 820/1000
PROGRESS warshall-distance-chain-32 830/1000
PROGRESS warshall-distance-chain-32 840/1000
PROGRESS warshall-distance-chain-32 850/1000
PROGRESS warshall-distance-chain-32 860/1000
PROGRESS warshall-distance-chain-32 870/1000
PROGRESS warshall-distance-chain-32 880/1000
PROGRESS warshall-distance-chain-32 890/1000
PROGRESS warshall-distance-chain-32 900/1000
PROGRESS warshall-distance-chain-32 910/1000
PROGRESS warshall-distance-chain-32 920/1000
PROGRESS warshall-distance-chain-32 930/1000
PROGRESS warshall-distance-chain-32 940/1000
PROGRESS warshall-distance-chain-32 950/1000
PROGRESS warshall-distance-chain-32 960/1000
PROGRESS warshall-distance-chain-32 970/1000
PROGRESS warshall-distance-chain-32 980/1000
PROGRESS warshall-distance-chain-32 990/1000
PROGRESS warshall-distance-chain-32 1000/1000
RESULT warshall-distance-chain-32 old-p50-bytes=141184 new-p50-bytes=135504 paired-wins=998/1000
CASE warshall-empty-distances-512 samples=1000 repetitions=1
PROGRESS warshall-empty-distances-512 10/1000
PROGRESS warshall-empty-distances-512 20/1000
PROGRESS warshall-empty-distances-512 30/1000
PROGRESS warshall-empty-distances-512 40/1000
PROGRESS warshall-empty-distances-512 50/1000
PROGRESS warshall-empty-distances-512 60/1000
PROGRESS warshall-empty-distances-512 70/1000
PROGRESS warshall-empty-distances-512 80/1000
PROGRESS warshall-empty-distances-512 90/1000
PROGRESS warshall-empty-distances-512 100/1000
PROGRESS warshall-empty-distances-512 110/1000
PROGRESS warshall-empty-distances-512 120/1000
PROGRESS warshall-empty-distances-512 130/1000
PROGRESS warshall-empty-distances-512 140/1000
PROGRESS warshall-empty-distances-512 150/1000
PROGRESS warshall-empty-distances-512 160/1000
PROGRESS warshall-empty-distances-512 170/1000
PROGRESS warshall-empty-distances-512 180/1000
PROGRESS warshall-empty-distances-512 190/1000
PROGRESS warshall-empty-distances-512 200/1000
PROGRESS warshall-empty-distances-512 210/1000
PROGRESS warshall-empty-distances-512 220/1000
PROGRESS warshall-empty-distances-512 230/1000
PROGRESS warshall-empty-distances-512 240/1000
PROGRESS warshall-empty-distances-512 250/1000
PROGRESS warshall-empty-distances-512 260/1000
PROGRESS warshall-empty-distances-512 270/1000
PROGRESS warshall-empty-distances-512 280/1000
PROGRESS warshall-empty-distances-512 290/1000
PROGRESS warshall-empty-distances-512 300/1000
PROGRESS warshall-empty-distances-512 310/1000
PROGRESS warshall-empty-distances-512 320/1000
PROGRESS warshall-empty-distances-512 330/1000
PROGRESS warshall-empty-distances-512 340/1000
PROGRESS warshall-empty-distances-512 350/1000
PROGRESS warshall-empty-distances-512 360/1000
PROGRESS warshall-empty-distances-512 370/1000
PROGRESS warshall-empty-distances-512 380/1000
PROGRESS warshall-empty-distances-512 390/1000
PROGRESS warshall-empty-distances-512 400/1000
PROGRESS warshall-empty-distances-512 410/1000
PROGRESS warshall-empty-distances-512 420/1000
PROGRESS warshall-empty-distances-512 430/1000
PROGRESS warshall-empty-distances-512 440/1000
PROGRESS warshall-empty-distances-512 450/1000
PROGRESS warshall-empty-distances-512 460/1000
PROGRESS warshall-empty-distances-512 470/1000
PROGRESS warshall-empty-distances-512 480/1000
PROGRESS warshall-empty-distances-512 490/1000
PROGRESS warshall-empty-distances-512 500/1000
PROGRESS warshall-empty-distances-512 510/1000
PROGRESS warshall-empty-distances-512 520/1000
PROGRESS warshall-empty-distances-512 530/1000
PROGRESS warshall-empty-distances-512 540/1000
PROGRESS warshall-empty-distances-512 550/1000
PROGRESS warshall-empty-distances-512 560/1000
PROGRESS warshall-empty-distances-512 570/1000
PROGRESS warshall-empty-distances-512 580/1000
PROGRESS warshall-empty-distances-512 590/1000
PROGRESS warshall-empty-distances-512 600/1000
PROGRESS warshall-empty-distances-512 610/1000
PROGRESS warshall-empty-distances-512 620/1000
PROGRESS warshall-empty-distances-512 630/1000
PROGRESS warshall-empty-distances-512 640/1000
PROGRESS warshall-empty-distances-512 650/1000
PROGRESS warshall-empty-distances-512 660/1000
PROGRESS warshall-empty-distances-512 670/1000
PROGRESS warshall-empty-distances-512 680/1000
PROGRESS warshall-empty-distances-512 690/1000
PROGRESS warshall-empty-distances-512 700/1000
PROGRESS warshall-empty-distances-512 710/1000
PROGRESS warshall-empty-distances-512 720/1000
PROGRESS warshall-empty-distances-512 730/1000
PROGRESS warshall-empty-distances-512 740/1000
PROGRESS warshall-empty-distances-512 750/1000
PROGRESS warshall-empty-distances-512 760/1000
PROGRESS warshall-empty-distances-512 770/1000
PROGRESS warshall-empty-distances-512 780/1000
PROGRESS warshall-empty-distances-512 790/1000
PROGRESS warshall-empty-distances-512 800/1000
PROGRESS warshall-empty-distances-512 810/1000
PROGRESS warshall-empty-distances-512 820/1000
PROGRESS warshall-empty-distances-512 830/1000
PROGRESS warshall-empty-distances-512 840/1000
PROGRESS warshall-empty-distances-512 850/1000
PROGRESS warshall-empty-distances-512 860/1000
PROGRESS warshall-empty-distances-512 870/1000
PROGRESS warshall-empty-distances-512 880/1000
PROGRESS warshall-empty-distances-512 890/1000
PROGRESS warshall-empty-distances-512 900/1000
PROGRESS warshall-empty-distances-512 910/1000
PROGRESS warshall-empty-distances-512 920/1000
PROGRESS warshall-empty-distances-512 930/1000
PROGRESS warshall-empty-distances-512 940/1000
PROGRESS warshall-empty-distances-512 950/1000
PROGRESS warshall-empty-distances-512 960/1000
PROGRESS warshall-empty-distances-512 970/1000
PROGRESS warshall-empty-distances-512 980/1000
PROGRESS warshall-empty-distances-512 990/1000
PROGRESS warshall-empty-distances-512 1000/1000
RESULT warshall-empty-distances-512 old-p50-bytes=2153824 new-p50-bytes=61568 paired-wins=985/1000
CASE warshall-sparse-distances-512 samples=1000 repetitions=1
PROGRESS warshall-sparse-distances-512 10/1000
PROGRESS warshall-sparse-distances-512 20/1000
PROGRESS warshall-sparse-distances-512 30/1000
PROGRESS warshall-sparse-distances-512 40/1000
PROGRESS warshall-sparse-distances-512 50/1000
PROGRESS warshall-sparse-distances-512 60/1000
PROGRESS warshall-sparse-distances-512 70/1000
PROGRESS warshall-sparse-distances-512 80/1000
PROGRESS warshall-sparse-distances-512 90/1000
PROGRESS warshall-sparse-distances-512 100/1000
PROGRESS warshall-sparse-distances-512 110/1000
PROGRESS warshall-sparse-distances-512 120/1000
PROGRESS warshall-sparse-distances-512 130/1000
PROGRESS warshall-sparse-distances-512 140/1000
PROGRESS warshall-sparse-distances-512 150/1000
PROGRESS warshall-sparse-distances-512 160/1000
PROGRESS warshall-sparse-distances-512 170/1000
PROGRESS warshall-sparse-distances-512 180/1000
PROGRESS warshall-sparse-distances-512 190/1000
PROGRESS warshall-sparse-distances-512 200/1000
PROGRESS warshall-sparse-distances-512 210/1000
PROGRESS warshall-sparse-distances-512 220/1000
PROGRESS warshall-sparse-distances-512 230/1000
PROGRESS warshall-sparse-distances-512 240/1000
PROGRESS warshall-sparse-distances-512 250/1000
PROGRESS warshall-sparse-distances-512 260/1000
PROGRESS warshall-sparse-distances-512 270/1000
PROGRESS warshall-sparse-distances-512 280/1000
PROGRESS warshall-sparse-distances-512 290/1000
PROGRESS warshall-sparse-distances-512 300/1000
PROGRESS warshall-sparse-distances-512 310/1000
PROGRESS warshall-sparse-distances-512 320/1000
PROGRESS warshall-sparse-distances-512 330/1000
PROGRESS warshall-sparse-distances-512 340/1000
PROGRESS warshall-sparse-distances-512 350/1000
PROGRESS warshall-sparse-distances-512 360/1000
PROGRESS warshall-sparse-distances-512 370/1000
PROGRESS warshall-sparse-distances-512 380/1000
PROGRESS warshall-sparse-distances-512 390/1000
PROGRESS warshall-sparse-distances-512 400/1000
PROGRESS warshall-sparse-distances-512 410/1000
PROGRESS warshall-sparse-distances-512 420/1000
PROGRESS warshall-sparse-distances-512 430/1000
PROGRESS warshall-sparse-distances-512 440/1000
PROGRESS warshall-sparse-distances-512 450/1000
PROGRESS warshall-sparse-distances-512 460/1000
PROGRESS warshall-sparse-distances-512 470/1000
PROGRESS warshall-sparse-distances-512 480/1000
PROGRESS warshall-sparse-distances-512 490/1000
PROGRESS warshall-sparse-distances-512 500/1000
PROGRESS warshall-sparse-distances-512 510/1000
PROGRESS warshall-sparse-distances-512 520/1000
PROGRESS warshall-sparse-distances-512 530/1000
PROGRESS warshall-sparse-distances-512 540/1000
PROGRESS warshall-sparse-distances-512 550/1000
PROGRESS warshall-sparse-distances-512 560/1000
PROGRESS warshall-sparse-distances-512 570/1000
PROGRESS warshall-sparse-distances-512 580/1000
PROGRESS warshall-sparse-distances-512 590/1000
PROGRESS warshall-sparse-distances-512 600/1000
PROGRESS warshall-sparse-distances-512 610/1000
PROGRESS warshall-sparse-distances-512 620/1000
PROGRESS warshall-sparse-distances-512 630/1000
PROGRESS warshall-sparse-distances-512 640/1000
PROGRESS warshall-sparse-distances-512 650/1000
PROGRESS warshall-sparse-distances-512 660/1000
PROGRESS warshall-sparse-distances-512 670/1000
PROGRESS warshall-sparse-distances-512 680/1000
PROGRESS warshall-sparse-distances-512 690/1000
PROGRESS warshall-sparse-distances-512 700/1000
PROGRESS warshall-sparse-distances-512 710/1000
PROGRESS warshall-sparse-distances-512 720/1000
PROGRESS warshall-sparse-distances-512 730/1000
PROGRESS warshall-sparse-distances-512 740/1000
PROGRESS warshall-sparse-distances-512 750/1000
PROGRESS warshall-sparse-distances-512 760/1000
PROGRESS warshall-sparse-distances-512 770/1000
PROGRESS warshall-sparse-distances-512 780/1000
PROGRESS warshall-sparse-distances-512 790/1000
PROGRESS warshall-sparse-distances-512 800/1000
PROGRESS warshall-sparse-distances-512 810/1000
PROGRESS warshall-sparse-distances-512 820/1000
PROGRESS warshall-sparse-distances-512 830/1000
PROGRESS warshall-sparse-distances-512 840/1000
PROGRESS warshall-sparse-distances-512 850/1000
PROGRESS warshall-sparse-distances-512 860/1000
PROGRESS warshall-sparse-distances-512 870/1000
PROGRESS warshall-sparse-distances-512 880/1000
PROGRESS warshall-sparse-distances-512 890/1000
PROGRESS warshall-sparse-distances-512 900/1000
PROGRESS warshall-sparse-distances-512 910/1000
PROGRESS warshall-sparse-distances-512 920/1000
PROGRESS warshall-sparse-distances-512 930/1000
PROGRESS warshall-sparse-distances-512 940/1000
PROGRESS warshall-sparse-distances-512 950/1000
PROGRESS warshall-sparse-distances-512 960/1000
PROGRESS warshall-sparse-distances-512 970/1000
PROGRESS warshall-sparse-distances-512 980/1000
PROGRESS warshall-sparse-distances-512 990/1000
PROGRESS warshall-sparse-distances-512 1000/1000
RESULT warshall-sparse-distances-512 old-p50-bytes=2155040 new-p50-bytes=66656 paired-wins=984/1000
OK
