2026-10-04T06:33:35.2087581Z Current runner version: '2.337.0'
2026-10-04T06:33:35.2116993Z ##[group]Runner Image Provisioner
2026-10-04T06:33:35.2118051Z Hosted Compute Agent
2026-10-04T06:33:35.2118714Z Version: 20260901.588
2026-10-04T06:33:35.2119362Z Commit: f88ec8081b781fac6c440065ac7ff9e710ce3d0b
2026-10-04T06:33:35.2120124Z Build Date: 2026-09-01T19:56:44Z
2026-10-04T06:33:35.2120861Z Worker ID: {8f3564a6-59b0-4431-9930-9fbbd1b1f865}
2026-10-04T06:33:35.2121871Z Azure Region: eastus
2026-10-04T06:33:35.2122425Z ##[endgroup]
2026-10-04T06:33:35.2124061Z ##[group]Operating System
2026-10-04T06:33:35.2124800Z Ubuntu
2026-10-04T06:33:35.2125401Z 24.04.5
2026-10-04T06:33:35.2125915Z LTS
2026-10-04T06:33:35.2126423Z ##[endgroup]
2026-10-04T06:33:35.2127037Z ##[group]Runner Image
2026-10-04T06:33:35.2127668Z Image: ubuntu-24.04
2026-10-04T06:33:35.2128267Z Version: 20260927.320.1
2026-10-04T06:33:35.2129609Z Included Software: https://github.com/actions/runner-images/blob/ubuntu24/20260927.320/images/ubuntu/Ubuntu2404-Readme.md
2026-10-04T06:33:35.2131502Z Image Release: https://github.com/actions/runner-images/releases/tag/ubuntu24%2F20260927.320
2026-10-04T06:33:35.2132945Z ##[endgroup]
2026-10-04T06:33:35.2134227Z ##[group]GITHUB_TOKEN Permissions
2026-10-04T06:33:35.2137000Z Contents: read
2026-10-04T06:33:35.2137684Z Metadata: read
2026-10-04T06:33:35.2138252Z ##[endgroup]
2026-10-04T06:33:35.2141120Z Secret source: Actions
2026-10-04T06:33:35.2142671Z Cache mode: write
2026-10-04T06:33:35.2143424Z Prepare workflow directory
2026-10-04T06:33:35.2746466Z Prepare all required actions
2026-10-04T06:33:35.2798423Z Getting action download info
2026-10-04T06:33:35.5036191Z Download action repository 'actions/checkout@9c091bb21b7c1c1d1991bb908d89e4e9dddfe3e0' (SHA:9c091bb21b7c1c1d1991bb908d89e4e9dddfe3e0)
2026-10-04T06:33:35.7352677Z Complete job name: scheme
2026-10-04T06:33:35.8134829Z ##[group]Run actions/checkout@9c091bb21b7c1c1d1991bb908d89e4e9dddfe3e0
2026-10-04T06:33:35.8135967Z with:
2026-10-04T06:33:35.8136432Z   repository: tao3k/gerbil-ascent
2026-10-04T06:33:35.8140340Z   token: ***
2026-10-04T06:33:35.8140780Z   ssh-strict: true
2026-10-04T06:33:35.8141225Z   ssh-user: git
2026-10-04T06:33:35.8141922Z   persist-credentials: true
2026-10-04T06:33:35.8142426Z   clean: true
2026-10-04T06:33:35.8142871Z   sparse-checkout-cone-mode: true
2026-10-04T06:33:35.8143402Z   fetch-depth: 1
2026-10-04T06:33:35.8143834Z   fetch-tags: false
2026-10-04T06:33:35.8144287Z   show-progress: true
2026-10-04T06:33:35.8144739Z   lfs: false
2026-10-04T06:33:35.8145154Z   submodules: false
2026-10-04T06:33:35.8145608Z   set-safe-directory: true
2026-10-04T06:33:35.8146117Z   allow-unsafe-pr-checkout: false
2026-10-04T06:33:35.8146920Z env:
2026-10-04T06:33:35.8147633Z   GERBIL_RELEASE_ROOT: /home/runner/work/gerbil-ascent/gerbil-ascent/.ci/gerbil-release/v19
2026-10-04T06:33:35.8148516Z ##[endgroup]
2026-10-04T06:33:35.9234412Z Syncing repository: tao3k/gerbil-ascent
2026-10-04T06:33:35.9236459Z ##[group]Getting Git version info
2026-10-04T06:33:35.9237337Z Working directory is '/home/runner/work/gerbil-ascent/gerbil-ascent'
2026-10-04T06:33:35.9238539Z [command]/usr/bin/git version
2026-10-04T06:33:35.9415261Z git version 2.55.0
2026-10-04T06:33:35.9437284Z ##[endgroup]
2026-10-04T06:33:35.9453674Z Temporarily overriding HOME='/home/runner/work/_temp/76503537-3f41-470f-a4d9-c78e823fca59' before making global git config changes
2026-10-04T06:33:35.9456737Z Adding repository directory to the temporary git global config as a safe directory
2026-10-04T06:33:35.9460825Z [command]/usr/bin/git config --global --add safe.directory /home/runner/work/gerbil-ascent/gerbil-ascent
2026-10-04T06:33:35.9515976Z Deleting the contents of '/home/runner/work/gerbil-ascent/gerbil-ascent'
2026-10-04T06:33:35.9520539Z ##[group]Determining repository object format
2026-10-04T06:33:35.9523071Z ##[endgroup]
2026-10-04T06:33:35.9524302Z ##[group]Initializing the repository
2026-10-04T06:33:35.9527912Z [command]/usr/bin/git init /home/runner/work/gerbil-ascent/gerbil-ascent
2026-10-04T06:33:35.9670292Z hint: Using 'master' as the name for the initial branch. This default branch name
2026-10-04T06:33:35.9673197Z hint: will change to "main" in Git 3.0. To configure the initial branch name
2026-10-04T06:33:35.9675778Z hint: to use in all of your new repositories, which will suppress this warning,
2026-10-04T06:33:35.9676957Z hint: call:
2026-10-04T06:33:35.9677813Z hint:
2026-10-04T06:33:35.9679045Z hint: 	git config --global init.defaultBranch <name>
2026-10-04T06:33:35.9680162Z hint:
2026-10-04T06:33:35.9681133Z hint: Names commonly chosen instead of 'master' are 'main', 'trunk' and
2026-10-04T06:33:35.9682968Z hint: 'development'. The just-created branch can be renamed via this command:
2026-10-04T06:33:35.9683864Z hint:
2026-10-04T06:33:35.9684482Z hint: 	git branch -m <name>
2026-10-04T06:33:35.9685179Z hint:
2026-10-04T06:33:35.9685899Z hint: Disable this message with "git config set advice.defaultBranchName false"
2026-10-04T06:33:35.9687281Z Initialized empty Git repository in /home/runner/work/gerbil-ascent/gerbil-ascent/.git/
2026-10-04T06:33:35.9690128Z [command]/usr/bin/git remote add origin https://github.com/tao3k/gerbil-ascent
2026-10-04T06:33:35.9751991Z ##[endgroup]
2026-10-04T06:33:35.9753221Z ##[group]Disabling automatic garbage collection
2026-10-04T06:33:35.9756543Z [command]/usr/bin/git config --local gc.auto 0
2026-10-04T06:33:35.9799254Z ##[endgroup]
2026-10-04T06:33:35.9800587Z ##[group]Setting up auth
2026-10-04T06:33:35.9802506Z Removing SSH command configuration
2026-10-04T06:33:35.9806520Z [command]/usr/bin/git config --local --name-only --get-regexp core\.sshCommand
2026-10-04T06:33:35.9852048Z [command]/usr/bin/git submodule foreach --recursive sh -c "git config --local --name-only --get-regexp 'core\.sshCommand' && git config --local --unset-all 'core.sshCommand' || :"
2026-10-04T06:33:36.0271488Z Removing HTTP extra header
2026-10-04T06:33:36.0277729Z [command]/usr/bin/git config --local --name-only --get-regexp http\.https\:\/\/github\.com\/\.extraheader
2026-10-04T06:33:36.0318866Z [command]/usr/bin/git submodule foreach --recursive sh -c "git config --local --name-only --get-regexp 'http\.https\:\/\/github\.com\/\.extraheader' && git config --local --unset-all 'http.https://github.com/.extraheader' || :"
2026-10-04T06:33:36.0557474Z Removing includeIf entries pointing to credentials config files
2026-10-04T06:33:36.0563808Z [command]/usr/bin/git config --local --name-only --get-regexp ^includeIf\.gitdir:
2026-10-04T06:33:36.0604052Z [command]/usr/bin/git submodule foreach --recursive git config --local --show-origin --name-only --get-regexp remote.origin.url
2026-10-04T06:33:36.0860331Z [command]/usr/bin/git config --file /home/runner/work/_temp/git-credentials-23194310-3d7d-4d51-8c2f-d105fb996bbf.config http.https://github.com/.extraheader AUTHORIZATION: basic ***
2026-10-04T06:33:36.0908756Z [command]/usr/bin/git config --local includeIf.gitdir:/home/runner/work/gerbil-ascent/gerbil-ascent/.git.path /home/runner/work/_temp/git-credentials-23194310-3d7d-4d51-8c2f-d105fb996bbf.config
2026-10-04T06:33:36.0949494Z [command]/usr/bin/git config --local includeIf.gitdir:/home/runner/work/gerbil-ascent/gerbil-ascent/.git/worktrees/*.path /home/runner/work/_temp/git-credentials-23194310-3d7d-4d51-8c2f-d105fb996bbf.config
2026-10-04T06:33:36.0995649Z [command]/usr/bin/git config --local includeIf.gitdir:/github/workspace/.git.path /github/runner_temp/git-credentials-23194310-3d7d-4d51-8c2f-d105fb996bbf.config
2026-10-04T06:33:36.1037768Z [command]/usr/bin/git config --local includeIf.gitdir:/github/workspace/.git/worktrees/*.path /github/runner_temp/git-credentials-23194310-3d7d-4d51-8c2f-d105fb996bbf.config
2026-10-04T06:33:36.1076525Z ##[endgroup]
2026-10-04T06:33:36.1077359Z ##[group]Fetching the repository
2026-10-04T06:33:36.1085038Z [command]/usr/bin/git -c protocol.version=2 fetch --no-tags --prune --no-recurse-submodules --depth=1 origin +b1452dbc59aab6f25b847ff9343faa99ca32118d:refs/remotes/pull/1/merge
2026-10-04T06:33:36.5712629Z From https://github.com/tao3k/gerbil-ascent
2026-10-04T06:33:36.5715829Z  * [new ref]         b1452dbc59aab6f25b847ff9343faa99ca32118d -> pull/1/merge
2026-10-04T06:33:36.5723018Z ##[endgroup]
2026-10-04T06:33:36.5724859Z ##[group]Determining the checkout info
2026-10-04T06:33:36.5726855Z ##[endgroup]
2026-10-04T06:33:36.5728493Z [command]/usr/bin/git sparse-checkout disable
2026-10-04T06:33:36.5797351Z [command]/usr/bin/git config --local --unset-all extensions.worktreeConfig
2026-10-04T06:33:36.5845134Z ##[group]Checking out the ref
2026-10-04T06:33:36.5850821Z [command]/usr/bin/git checkout --progress --force refs/remotes/pull/1/merge
2026-10-04T06:33:36.6841141Z Note: switching to 'refs/remotes/pull/1/merge'.
2026-10-04T06:33:36.6842386Z 
2026-10-04T06:33:36.6843059Z You are in 'detached HEAD' state. You can look around, make experimental
2026-10-04T06:33:36.6844553Z changes and commit them, and you can discard any commits you make in this
2026-10-04T06:33:36.6846007Z state without impacting any branches by switching back to a branch.
2026-10-04T06:33:36.6846859Z 
2026-10-04T06:33:36.6847475Z If you want to create a new branch to retain commits you create, you may
2026-10-04T06:33:36.6848934Z do so (now or later) by using -c with the switch command. Example:
2026-10-04T06:33:36.6849789Z 
2026-10-04T06:33:36.6850206Z   git switch -c <new-branch-name>
2026-10-04T06:33:36.6850833Z 
2026-10-04T06:33:36.6851190Z Or undo this operation with:
2026-10-04T06:33:36.6852033Z 
2026-10-04T06:33:36.6852385Z   git switch -
2026-10-04T06:33:36.6852826Z 
2026-10-04T06:33:36.6853633Z Turn off this advice by setting config variable advice.detachedHead to false
2026-10-04T06:33:36.6854991Z 
2026-10-04T06:33:36.6856619Z HEAD is now at b1452db Merge f1c4827aa66855dede8f7bd84ccf01bab3566344 into 34a3213c72d4e0ca6fc3bb248df506c6d862a26b
2026-10-04T06:33:36.6860499Z ##[endgroup]
2026-10-04T06:33:36.6915199Z [command]/usr/bin/git log -1 --format=%H
2026-10-04T06:33:36.6948715Z b1452dbc59aab6f25b847ff9343faa99ca32118d
2026-10-04T06:33:36.7234275Z ##[group]Run sudo apt-get update
2026-10-04T06:33:36.7235780Z [36;1msudo apt-get update[0m
2026-10-04T06:33:36.7238044Z [36;1msudo apt-get install -y build-essential ca-certificates git jq just libssl-dev openssl pkg-config zlib1g-dev[0m
2026-10-04T06:33:36.7240403Z [36;1mjust --version[0m
2026-10-04T06:33:36.7552415Z shell: /usr/bin/bash -e {0}
2026-10-04T06:33:36.7553781Z env:
2026-10-04T06:33:36.7555492Z   GERBIL_RELEASE_ROOT: /home/runner/work/gerbil-ascent/gerbil-ascent/.ci/gerbil-release/v19
2026-10-04T06:33:36.7557564Z ##[endgroup]
2026-10-04T06:33:36.8517629Z Get:1 file:/etc/apt/apt-mirrors.txt Mirrorlist [144 B]
2026-10-04T06:33:36.8731459Z Get:6 https://packages.microsoft.com/ubuntu/24.04/prod noble InRelease [3600 B]
2026-10-04T06:33:36.8827891Z Hit:2 http://azure.archive.ubuntu.com/ubuntu noble InRelease
2026-10-04T06:33:36.8857568Z Get:3 http://azure.archive.ubuntu.com/ubuntu noble-updates InRelease [126 kB]
2026-10-04T06:33:36.8905974Z Get:4 http://azure.archive.ubuntu.com/ubuntu noble-backports InRelease [126 kB]
2026-10-04T06:33:36.8933042Z Get:5 http://azure.archive.ubuntu.com/ubuntu noble-security InRelease [126 kB]
2026-10-04T06:33:36.9440773Z Get:7 https://packages.microsoft.com/ubuntu/24.04/prod noble/main amd64 Packages [511 kB]
2026-10-04T06:33:36.9676671Z Get:8 https://packages.microsoft.com/ubuntu/24.04/prod noble/main arm64 Packages [458 kB]
2026-10-04T06:33:36.9721882Z Get:9 https://packages.microsoft.com/ubuntu/24.04/prod noble/main armhf Packages [12.6 kB]
2026-10-04T06:33:37.0720739Z Get:10 http://azure.archive.ubuntu.com/ubuntu noble-updates/main amd64 Packages [1364 kB]
2026-10-04T06:33:37.0818441Z Get:11 http://azure.archive.ubuntu.com/ubuntu noble-updates/main Translation-en [304 kB]
2026-10-04T06:33:37.0822917Z Get:12 http://azure.archive.ubuntu.com/ubuntu noble-updates/main amd64 Components [181 kB]
2026-10-04T06:33:37.0844254Z Get:13 http://azure.archive.ubuntu.com/ubuntu noble-updates/universe amd64 Packages [1699 kB]
2026-10-04T06:33:37.0933953Z Get:14 http://azure.archive.ubuntu.com/ubuntu noble-updates/universe Translation-en [341 kB]
2026-10-04T06:33:37.1096133Z Get:15 http://azure.archive.ubuntu.com/ubuntu noble-updates/universe amd64 Components [388 kB]
2026-10-04T06:33:37.1099241Z Get:16 http://azure.archive.ubuntu.com/ubuntu noble-updates/restricted amd64 Packages [1720 kB]
2026-10-04T06:33:37.1120268Z Get:17 http://azure.archive.ubuntu.com/ubuntu noble-updates/restricted Translation-en [394 kB]
2026-10-04T06:33:37.1147372Z Get:18 http://azure.archive.ubuntu.com/ubuntu noble-updates/multiverse amd64 Components [940 B]
2026-10-04T06:33:37.1433752Z Get:19 http://azure.archive.ubuntu.com/ubuntu noble-backports/main amd64 Components [5736 B]
2026-10-04T06:33:37.1858729Z Get:20 http://azure.archive.ubuntu.com/ubuntu noble-backports/universe amd64 Components [12.6 kB]
2026-10-04T06:33:37.2010105Z Get:21 http://azure.archive.ubuntu.com/ubuntu noble-security/main amd64 Packages [1069 kB]
2026-10-04T06:33:37.2067343Z Get:22 http://azure.archive.ubuntu.com/ubuntu noble-security/main Translation-en [221 kB]
2026-10-04T06:33:37.2085303Z Get:23 http://azure.archive.ubuntu.com/ubuntu noble-security/main amd64 Components [46.5 kB]
2026-10-04T06:33:37.2099910Z Get:24 http://azure.archive.ubuntu.com/ubuntu noble-security/universe amd64 Packages [1216 kB]
2026-10-04T06:33:37.2180427Z Get:25 http://azure.archive.ubuntu.com/ubuntu noble-security/universe Translation-en [244 kB]
2026-10-04T06:33:37.2199423Z Get:26 http://azure.archive.ubuntu.com/ubuntu noble-security/universe amd64 Components [76.3 kB]
2026-10-04T06:33:37.2213579Z Get:27 http://azure.archive.ubuntu.com/ubuntu noble-security/restricted amd64 Packages [1566 kB]
2026-10-04T06:33:37.2298599Z Get:28 http://azure.archive.ubuntu.com/ubuntu noble-security/restricted Translation-en [361 kB]
2026-10-04T06:33:42.0331766Z Fetched 12.6 MB in 1s (8986 kB/s)
2026-10-04T06:33:43.0057275Z Reading package lists...
2026-10-04T06:33:43.0387047Z Reading package lists...
2026-10-04T06:33:43.2942925Z Building dependency tree...
2026-10-04T06:33:43.2948798Z Reading state information...
2026-10-04T06:33:43.4893306Z ca-certificates is already the newest version (20260601~24.04.1).
2026-10-04T06:33:43.4894678Z git is already the newest version (1:2.55.0-0ppa1~ubuntu24.04.2).
2026-10-04T06:33:43.4895594Z git set to manually installed.
2026-10-04T06:33:43.4896468Z jq is already the newest version (1.7.1-3ubuntu0.24.04.2).
2026-10-04T06:33:43.4897520Z pkg-config is already the newest version (1.8.1-2build1).
2026-10-04T06:33:43.4898597Z zlib1g-dev is already the newest version (1:1.3.dfsg-3.1ubuntu2.2).
2026-10-04T06:33:43.4899663Z The following additional packages will be installed:
2026-10-04T06:33:43.4900508Z   libssl3t64
2026-10-04T06:33:43.4914274Z Suggested packages:
2026-10-04T06:33:43.4914805Z   libssl-doc
2026-10-04T06:33:43.5160095Z The following NEW packages will be installed:
2026-10-04T06:33:43.5174601Z   build-essential just
2026-10-04T06:33:43.5188572Z The following packages will be upgraded:
2026-10-04T06:33:43.5194862Z   libssl-dev libssl3t64 openssl
2026-10-04T06:33:43.5408618Z 3 upgraded, 2 newly installed, 0 to remove and 22 not upgraded.
2026-10-04T06:33:43.5409486Z Need to get 6547 kB of archives.
2026-10-04T06:33:43.5410137Z After this operation, 3674 kB of additional disk space will be used.
2026-10-04T06:33:43.5410974Z Get:1 file:/etc/apt/apt-mirrors.txt Mirrorlist [144 B]
2026-10-04T06:33:43.5697202Z Get:2 http://azure.archive.ubuntu.com/ubuntu noble-updates/main amd64 libssl-dev amd64 3.0.13-0ubuntu3.16 [2409 kB]
2026-10-04T06:33:43.5979548Z Get:3 http://azure.archive.ubuntu.com/ubuntu noble-updates/main amd64 libssl3t64 amd64 3.0.13-0ubuntu3.16 [1945 kB]
2026-10-04T06:33:43.6243343Z Get:4 http://azure.archive.ubuntu.com/ubuntu noble-updates/main amd64 openssl amd64 3.0.13-0ubuntu3.16 [1004 kB]
2026-10-04T06:33:43.6443197Z Get:5 http://azure.archive.ubuntu.com/ubuntu noble/main amd64 build-essential amd64 12.10ubuntu1 [4928 B]
2026-10-04T06:33:43.6600712Z Get:6 http://azure.archive.ubuntu.com/ubuntu noble/universe amd64 just amd64 1.21.0-1 [1184 kB]
2026-10-04T06:33:43.9778068Z Fetched 6547 kB in 0s (47.9 MB/s)
2026-10-04T06:33:44.0377852Z (Reading database ... 
2026-10-04T06:33:44.0378253Z (Reading database ... 5%
2026-10-04T06:33:44.0378564Z (Reading database ... 10%
2026-10-04T06:33:44.0378836Z (Reading database ... 15%
2026-10-04T06:33:44.0379108Z (Reading database ... 20%
2026-10-04T06:33:44.0379375Z (Reading database ... 25%
2026-10-04T06:33:44.0379640Z (Reading database ... 30%
2026-10-04T06:33:44.0379899Z (Reading database ... 35%
2026-10-04T06:33:44.0380890Z (Reading database ... 40%
2026-10-04T06:33:44.0381163Z (Reading database ... 45%
2026-10-04T06:33:44.0381809Z (Reading database ... 50%
2026-10-04T06:33:44.0444518Z (Reading database ... 55%
2026-10-04T06:33:44.1543465Z (Reading database ... 60%
2026-10-04T06:33:44.3602221Z (Reading database ... 65%
2026-10-04T06:33:44.5655600Z (Reading database ... 70%
2026-10-04T06:33:44.7521603Z (Reading database ... 75%
2026-10-04T06:33:44.8568897Z (Reading database ... 80%
2026-10-04T06:33:45.0598471Z (Reading database ... 85%
2026-10-04T06:33:45.2635622Z (Reading database ... 90%
2026-10-04T06:33:45.3753360Z (Reading database ... 95%
2026-10-04T06:33:45.3754023Z (Reading database ... 100%
2026-10-04T06:33:45.3754769Z (Reading database ... 202296 files and directories currently installed.)
2026-10-04T06:33:45.3806395Z Preparing to unpack .../libssl-dev_3.0.13-0ubuntu3.16_amd64.deb ...
2026-10-04T06:33:45.3861249Z Unpacking libssl-dev:amd64 (3.0.13-0ubuntu3.16) over (3.0.13-0ubuntu3.15) ...
2026-10-04T06:33:45.5121076Z Preparing to unpack .../libssl3t64_3.0.13-0ubuntu3.16_amd64.deb ...
2026-10-04T06:33:45.5160775Z Unpacking libssl3t64:amd64 (3.0.13-0ubuntu3.16) over (3.0.13-0ubuntu3.15) ...
2026-10-04T06:33:45.5944261Z Setting up libssl3t64:amd64 (3.0.13-0ubuntu3.16) ...
2026-10-04T06:33:45.6285399Z (Reading database ... 
2026-10-04T06:33:45.6285892Z (Reading database ... 5%
2026-10-04T06:33:45.6286353Z (Reading database ... 10%
2026-10-04T06:33:45.6287119Z (Reading database ... 15%
2026-10-04T06:33:45.6287591Z (Reading database ... 20%
2026-10-04T06:33:45.6288031Z (Reading database ... 25%
2026-10-04T06:33:45.6288470Z (Reading database ... 30%
2026-10-04T06:33:45.6288890Z (Reading database ... 35%
2026-10-04T06:33:45.6289321Z (Reading database ... 40%
2026-10-04T06:33:45.6289732Z (Reading database ... 45%
2026-10-04T06:33:45.6290160Z (Reading database ... 50%
2026-10-04T06:33:45.6305110Z (Reading database ... 55%
2026-10-04T06:33:45.6438020Z (Reading database ... 60%
2026-10-04T06:33:45.6469910Z (Reading database ... 65%
2026-10-04T06:33:45.6494125Z (Reading database ... 70%
2026-10-04T06:33:45.6534748Z (Reading database ... 75%
2026-10-04T06:33:45.6568964Z (Reading database ... 80%
2026-10-04T06:33:45.6598869Z (Reading database ... 85%
2026-10-04T06:33:45.6768596Z (Reading database ... 90%
2026-10-04T06:33:45.7050862Z (Reading database ... 95%
2026-10-04T06:33:45.7051641Z (Reading database ... 100%
2026-10-04T06:33:45.7052151Z (Reading database ... 202296 files and directories currently installed.)
2026-10-04T06:33:45.7098881Z Preparing to unpack .../openssl_3.0.13-0ubuntu3.16_amd64.deb ...
2026-10-04T06:33:45.7127078Z Unpacking openssl (3.0.13-0ubuntu3.16) over (3.0.13-0ubuntu3.15) ...
2026-10-04T06:33:45.8247517Z Selecting previously unselected package build-essential.
2026-10-04T06:33:45.8388947Z Preparing to unpack .../build-essential_12.10ubuntu1_amd64.deb ...
2026-10-04T06:33:45.8397529Z Unpacking build-essential (12.10ubuntu1) ...
2026-10-04T06:33:45.8606034Z Selecting previously unselected package just.
2026-10-04T06:33:45.8739112Z Preparing to unpack .../just_1.21.0-1_amd64.deb ...
2026-10-04T06:33:45.8747024Z Unpacking just (1.21.0-1) ...
2026-10-04T06:33:45.9297548Z Setting up just (1.21.0-1) ...
2026-10-04T06:33:45.9320663Z Setting up libssl-dev:amd64 (3.0.13-0ubuntu3.16) ...
2026-10-04T06:33:45.9346465Z Setting up build-essential (12.10ubuntu1) ...
2026-10-04T06:33:45.9367489Z Setting up openssl (3.0.13-0ubuntu3.16) ...
2026-10-04T06:33:45.9414202Z Processing triggers for man-db (2.12.0-4build2) ...
2026-10-04T06:33:45.9437335Z Not building database; man-db/auto-update is not 'true'.
2026-10-04T06:33:45.9453584Z Processing triggers for libc-bin (2.39-0ubuntu8.9) ...
2026-10-04T06:33:46.5596689Z 
2026-10-04T06:33:46.5597401Z Running kernel seems to be up-to-date.
2026-10-04T06:33:46.5597797Z 
2026-10-04T06:33:46.5597928Z Restarting services...
2026-10-04T06:33:46.6104079Z  /etc/needrestart/restart.d/systemd-manager
2026-10-04T06:33:46.9468949Z  systemctl restart packagekit.service php8.3-fpm.service systemd-journald.service systemd-networkd.service systemd-resolved.service systemd-udevd.service udisks2.service
2026-10-04T06:33:47.1426246Z 
2026-10-04T06:33:47.1428179Z Service restarts being deferred:
2026-10-04T06:33:47.1428942Z  systemctl restart hosted-compute-agent.service
2026-10-04T06:33:47.1429542Z  systemctl restart systemd-logind.service
2026-10-04T06:33:47.1430310Z  systemctl restart walinuxagent.service
2026-10-04T06:33:47.1430633Z 
2026-10-04T06:33:47.1430892Z No containers need to be restarted.
2026-10-04T06:33:47.1431225Z 
2026-10-04T06:33:47.1431905Z User sessions running outdated binaries:
2026-10-04T06:33:47.1432434Z  runner @ user manager service: systemd[1331]
2026-10-04T06:33:47.1535212Z 
2026-10-04T06:33:47.1536183Z No VM guests are running outdated hypervisor (qemu) binaries on this host.
2026-10-04T06:33:48.3456879Z just 1.21.0
2026-10-04T06:33:48.3511888Z ##[group]Run bash tools/ci/install-gerbil-v19-release.sh "$GERBIL_RELEASE_ROOT"
2026-10-04T06:33:48.3512512Z [36;1mbash tools/ci/install-gerbil-v19-release.sh "$GERBIL_RELEASE_ROOT"[0m
2026-10-04T06:33:48.3582112Z shell: /usr/bin/bash -e {0}
2026-10-04T06:33:48.3582448Z env:
2026-10-04T06:33:48.3582897Z   GERBIL_RELEASE_ROOT: /home/runner/work/gerbil-ascent/gerbil-ascent/.ci/gerbil-release/v19
2026-10-04T06:33:48.3583410Z ##[endgroup]
2026-10-04T06:33:48.3834057Z   % Total    % Received % Xferd  Average Speed   Time    Time     Time  Current
2026-10-04T06:33:48.3834935Z                                  Dload  Upload   Total   Spent    Left  Speed
2026-10-04T06:33:48.3835300Z 
2026-10-04T06:33:48.4127177Z   0     0    0     0    0     0      0      0 --:--:-- --:--:-- --:--:--     0
2026-10-04T06:33:48.4128015Z   0     0    0     0    0     0      0      0 --:--:-- --:--:-- --:--:--     0
2026-10-04T06:33:48.6425573Z 
2026-10-04T06:33:48.7546343Z  63  110M   63 69.7M    0     0   268M      0 --:--:-- --:--:-- --:--:--  268M
2026-10-04T06:33:48.7547324Z 100  110M  100  110M    0     0   296M      0 --:--:-- --:--:-- --:--:--  364M
2026-10-04T06:33:49.2516978Z /home/runner/work/_temp/gerbil-v0.19-2591dcd9b7c6d2c4e9dd8611a17c5b1a5d82bbdb-linux-x86_64-portable-full-single-host-unlimited-patchf5cedd8168cb.tar.gz: OK
2026-10-04T06:33:52.9027282Z Gerbil 2591dcd on Gambit dcd677c
2026-10-04T06:33:53.0509734Z gerbil-ready
2026-10-04T06:33:53.0594437Z ##[group]Run mkdir -p "$HOME/.gerbil/pkg"
2026-10-04T06:33:53.0594803Z [36;1mmkdir -p "$HOME/.gerbil/pkg"[0m
2026-10-04T06:33:53.0595201Z [36;1mgerbil pkg dir --add git.cons.io/mighty-gerbils/gerbil-directory[0m
2026-10-04T06:33:53.0595620Z [36;1mgerbil deps --install[0m
2026-10-04T06:33:53.0596326Z [36;1mgerbil env gerbil interactive -e '(begin (import :asp-gerbil-scheme/building-api :asp-gerbil-scheme/benchmark-api) (displayln "ascent-dependencies-ready"))'[0m
2026-10-04T06:33:53.0665002Z shell: /usr/bin/bash -e {0}
2026-10-04T06:33:53.0665276Z env:
2026-10-04T06:33:53.0665689Z   GERBIL_RELEASE_ROOT: /home/runner/work/gerbil-ascent/gerbil-ascent/.ci/gerbil-release/v19
2026-10-04T06:33:53.0666356Z   GERBIL_PREFIX: /home/runner/work/gerbil-ascent/gerbil-ascent/.ci/gerbil-release/v19
2026-10-04T06:33:53.0667021Z   GERBIL_HOME: /home/runner/work/gerbil-ascent/gerbil-ascent/.ci/gerbil-release/v19/current
2026-10-04T06:33:53.0668517Z   GAMBOPT: ~~=/home/runner/work/gerbil-ascent/gerbil-ascent/.ci/gerbil-release/v19/current,~~bin=/home/runner/work/gerbil-ascent/gerbil-ascent/.ci/gerbil-release/v19/current/bin,~~lib=/home/runner/work/gerbil-ascent/gerbil-ascent/.ci/gerbil-release/v19/current/lib
2026-10-04T06:33:53.0669981Z ##[endgroup]
2026-10-04T06:33:54.0451976Z *** WARNING module std/net/request is DEPRECATED and will be removed in the future
2026-10-04T06:33:59.9060611Z ... compile support/base
2026-10-04T06:34:02.9161744Z ... compile support/debug
2026-10-04T06:34:03.2281528Z ... compile support/io
2026-10-04T06:34:04.8708702Z ... compile support/json
2026-10-04T06:34:05.4452275Z ... compile support/list
2026-10-04T06:34:05.7460236Z ... compile support/option
2026-10-04T06:34:06.4708581Z ... compile support/rationaldict
2026-10-04T06:34:07.2629387Z ... compile support/repr
2026-10-04T06:34:07.7166476Z ... compile support/syntax
2026-10-04T06:34:08.2295923Z ... compile object
2026-10-04T06:34:14.4548165Z ... compile proto
2026-10-04T06:34:14.7964727Z ... compile support/testing
2026-10-04T06:34:15.5739369Z ... compile brace
2026-10-04T06:34:15.9419907Z ... compile cli
2026-10-04T06:34:16.5150804Z ... compile mop
2026-10-04T06:34:19.4852326Z ... compile io
2026-10-04T06:34:22.8494131Z ... compile t/table-testing
2026-10-04T06:34:27.6615794Z ... compile number
2026-10-04T06:34:29.2715785Z ... compile type
2026-10-04T06:34:33.0802396Z ... compile fq
2026-10-04T06:34:34.3284086Z ... compile polynomial
2026-10-04T06:34:36.3549083Z ... compile table
2026-10-04T06:34:38.2923258Z ... compile debug
2026-10-04T06:34:39.1251692Z ... compile fun
2026-10-04T06:34:39.6418816Z ... compile rationaldict
2026-10-04T06:34:40.0943432Z ... compile trie
2026-10-04T06:34:49.5869063Z ... compile types
2026-10-04T06:34:52.9324121Z ... compile object-family/funcs
2026-10-04T06:34:53.2497022Z ... compile object-family/syntax
2026-10-04T06:35:02.1359413Z ... compile extension-graph/support/data
2026-10-04T06:35:02.6403727Z ... compile contribution/objects
2026-10-04T06:35:03.0926507Z ... compile contribution/verification
2026-10-04T06:35:03.7113555Z ... compile module-system/schema/support/slot-policy
2026-10-04T06:35:04.0981695Z ... compile module-system/graph/funs
2026-10-04T06:35:04.4704374Z ... compile module-system/funs
2026-10-04T06:35:04.9837072Z ... compile module-system/loader/load-path
2026-10-04T06:35:05.4664916Z ... compile profile-composition/bindings
2026-10-04T06:35:05.8112703Z ... compile observability/slot-presentation
2026-10-04T06:35:06.4091007Z ... compile observability/output
2026-10-04T06:35:06.7409906Z ... compile poo-clos/types
2026-10-04T06:35:07.8850100Z ... compile poo-clos/funcs
2026-10-04T06:35:08.4054363Z ... compile poo-clos/declaration-ir-core
2026-10-04T06:35:11.7505057Z ... compile module-system/schema/slot-contracts
2026-10-04T06:35:12.2040333Z ... compile module-system/schema/relations
2026-10-04T06:35:12.9075625Z ... compile observability/types
2026-10-04T06:35:14.2665501Z ... compile object-family/indexed
2026-10-04T06:35:14.8125903Z ... compile module-system/source/objects
2026-10-04T06:35:15.1818487Z ... compile module-system/projection/option-objects
2026-10-04T06:35:15.6112508Z ... compile module-system/observability/diagnostics
2026-10-04T06:35:16.0041722Z ... compile composition/lineage
2026-10-04T06:35:16.3999893Z ... compile extension-graph/support/node-operations
2026-10-04T06:35:16.9774371Z ... compile poo-clos/objects
2026-10-04T06:35:18.8152383Z ... compile poo-clos/lambda-list
2026-10-04T06:35:19.2486960Z ... compile poo-clos/class-declaration-ir
2026-10-04T06:35:19.8643339Z ... compile poo-clos/method-combination-declaration-ir
2026-10-04T06:35:20.4880087Z ... compile module-system/types
2026-10-04T06:35:20.9548741Z ... compile observability/funcs
2026-10-04T06:35:21.9034468Z ... compile object-family/interface
2026-10-04T06:35:22.0738114Z ... compile module-system/loader/objects
2026-10-04T06:35:22.6779240Z ... compile module-system/catalog/objects
2026-10-04T06:35:23.1295038Z ... compile extension-graph/support/operation
2026-10-04T06:35:23.7411786Z ... compile poo-clos/method-combination
2026-10-04T06:35:24.2602225Z ... compile poo-clos/generic-evolution
2026-10-04T06:35:24.7436038Z ... compile poo-clos/mop
2026-10-04T06:35:25.1085380Z ... compile poo-clos/classes
2026-10-04T06:35:26.6559191Z ... compile poo-clos/declaration-ir
2026-10-04T06:35:26.8197924Z ... compile module-system/objects
2026-10-04T06:35:27.1750154Z ... compile module-system/config
2026-10-04T06:35:27.6649668Z ... compile profile-composition/profile-bundle
2026-10-04T06:35:29.7541031Z ... compile observability/slot-debug
2026-10-04T06:35:30.5705597Z ... compile observability/objects
2026-10-04T06:35:31.3649528Z ... compile extension-graph/support/apply
2026-10-04T06:35:32.1845734Z ... compile poo-clos/model
2026-10-04T06:35:32.5604253Z ... compile poo-clos/evolution
2026-10-04T06:35:33.0492023Z ... compile poo-clos/instance-state
2026-10-04T06:35:33.5441857Z ... compile poo-clos/dispatch
2026-10-04T06:35:34.8069578Z ... compile module-system/projection/option-validation
2026-10-04T06:35:35.1911114Z ... compile profile-composition/selection-syntax
2026-10-04T06:35:35.6157999Z ... compile observability/debug
2026-10-04T06:35:37.3912939Z ... compile extension-graph/interface
2026-10-04T06:35:37.5586044Z ... compile poo-clos/lifecycle
2026-10-04T06:35:38.5298902Z ... compile observability/testing-case
2026-10-04T06:35:39.4077284Z ... compile module-system/schema/support/contracts
2026-10-04T06:35:40.0515441Z ... compile poo-clos/reflection
2026-10-04T06:35:40.5881982Z ... compile poo-clos/load-form
2026-10-04T06:35:41.0584135Z ... compile poo-clos/syntax
2026-10-04T06:35:47.8942664Z ... compile module-system/schema/support/object-slots
2026-10-04T06:35:48.2701871Z ... compile module-system/schema/support/field-resolution
2026-10-04T06:35:49.0047437Z ... compile poo-clos/interface
2026-10-04T06:35:49.1931126Z ... compile module-system/schema/support/object
2026-10-04T06:35:50.0073781Z ... compile module-system/schema/interface
2026-10-04T06:35:50.1853650Z ... compile module-system/schema/validation
2026-10-04T06:35:57.0523256Z ... compile src/build-api/core-capacity.ss
2026-10-04T06:35:57.0703074Z ... compile src/build-api/module-artifacts.ss
2026-10-04T06:35:58.4119407Z ... compile src/build-api/native-spec-support.ss
2026-10-04T06:35:58.7273815Z ... compile src/build-api/resident-import-footprint.ss
2026-10-04T06:35:58.7378331Z ... compile src/build-api/package-build.ss
2026-10-04T06:35:58.7500198Z ... compile src/support/list.ss
2026-10-04T06:35:58.7584029Z ... compile src/support/time.ss
2026-10-04T06:35:58.8017062Z ... compile src/support/args.ss
2026-10-04T06:35:58.8210724Z ... compile src/language/evidence.ss
2026-10-04T06:35:58.8716779Z ... compile src/extensions/model.ss
2026-10-04T06:35:58.8855349Z ... compile src/extensions/poo-pattern-support.ss
2026-10-04T06:35:58.9806810Z ... compile src/extensions/poo-source-ref-validation.ss
2026-10-04T06:35:58.9943316Z ... compile src/policy/model.ss
2026-10-04T06:35:59.0094500Z ... compile src/policy/prototype.ss
2026-10-04T06:36:00.1752744Z ... compile src/policy/agent-poo-callees.ss
2026-10-04T06:36:00.1993096Z ... compile src/policy/agent-style-steering.ss
2026-10-04T06:36:00.2235503Z ... compile src/policy/agent-style-shape-config.ss
2026-10-04T06:36:00.2446501Z ... compile src/utilities/functional.ss
2026-10-04T06:36:00.2716584Z ... compile src/utilities/contract-syntax.ss
2026-10-04T06:36:00.3086934Z ... compile src/utilities/contracts.ss
2026-10-04T06:36:00.3455104Z ... compile src/parser/model.ss
2026-10-04T06:36:00.4387779Z ... compile src/parser/source-class.ss
2026-10-04T06:36:00.5003760Z ... compile src/parser/list-prefix.ss
2026-10-04T06:36:00.5193487Z ... compile src/parser/typed-contract-scheme-expression.ss
2026-10-04T06:36:00.5869962Z ... compile src/parser/typed-contract-token.ss
2026-10-04T06:36:00.6164415Z ... compile src/parser/reader.ss
2026-10-04T06:36:00.6655296Z ... compile src/parser/support.ss
2026-10-04T06:36:00.7061922Z ... compile src/parser/typed-comment-docs.ss
2026-10-04T06:36:00.7425451Z ... compile src/testing/import-footprint-reader.ss
2026-10-04T06:36:00.7720163Z ... compile src/benchmark/memory.ss
2026-10-04T06:36:00.7975390Z ... compile src/benchmark/statistics.ss
2026-10-04T06:36:00.8242390Z ... compile src/benchmark/report.ss
2026-10-04T06:36:00.8510142Z ... compile src/constants.ss
2026-10-04T06:36:00.8753976Z ... compile src/runtime/provider-http-json-client.ss
2026-10-04T06:36:01.0717844Z ... compile src/object-family/syntax.ss
2026-10-04T06:36:01.3910168Z ... compile src/types/findings.ss
2026-10-04T06:36:01.4305886Z ... compile src/types/model-syntax.ss
2026-10-04T06:36:01.4798638Z ... compile src/protocol/support.ss
2026-10-04T06:36:01.5080312Z ... compile src/protocol/json-output.ss
2026-10-04T06:36:01.5340991Z ... compile src/policy/test-scope.ss
2026-10-04T06:36:01.5605590Z ... compile src/build-api/native-import-closure.ss
2026-10-04T06:36:01.6111958Z ... compile src/parser/profile.ss
2026-10-04T06:36:01.6438546Z ... compile src/benchmark/fixture-model.ss
2026-10-04T06:36:01.6738879Z ... compile src/language/compare.ss
2026-10-04T06:36:01.7095690Z ... compile src/extensions/poo-pattern-typeclass.ss
2026-10-04T06:36:01.7399233Z ... compile src/policy/catalog.ss
2026-10-04T06:36:01.7919838Z ... compile src/utilities/projection.ss
2026-10-04T06:36:01.8249615Z ... compile src/format/core.ss
2026-10-04T06:36:01.8702802Z ... compile src/parser/formals.ss
2026-10-04T06:36:01.9318915Z ... compile src/parser/package.ss
2026-10-04T06:36:01.9662593Z ... compile src/testing/extension.ss
2026-10-04T06:36:02.0532115Z ... compile src/benchmark/micro-kernel.ss
2026-10-04T06:36:02.1020774Z ... compile src/snapshot/bench.ss
2026-10-04T06:36:02.1378050Z ... compile src/build-api/native-profile.ss
2026-10-04T06:36:02.1764923Z ... compile src/build-api/generated-module-projection.ss
2026-10-04T06:36:02.2224793Z ... compile src/macro-governance/model.ss
2026-10-04T06:36:02.2677494Z ... compile src/protocol/provider-operation-catalog.ss
2026-10-04T06:36:02.3150200Z ... compile src/policy/detection.ss
2026-10-04T06:36:02.5189933Z ... compile src/scenario/benchmark-contract.ss
2026-10-04T06:36:02.5667660Z ... compile src/benchmark/fixture-contract.ss
2026-10-04T06:36:02.5978606Z ... compile src/extensions/poo-patterns.ss
2026-10-04T06:36:02.6614086Z ... compile src/commands/guide-sections.ss
2026-10-04T06:36:02.7140661Z ... compile src/policy/repair-diagnostic.ss
2026-10-04T06:36:02.7616720Z ... compile src/types/model.ss
2026-10-04T06:36:02.8464116Z ... compile src/commands/project-resolution.ss
2026-10-04T06:36:02.9654920Z ... compile testing-api.ss
2026-10-04T06:36:03.0054462Z ... compile src/testing/discovery-runner.ss
2026-10-04T06:36:03.0864591Z ... compile src/testing/debug-trace.ss
2026-10-04T06:36:03.1233897Z ... compile src/testing/source-admission.ss
2026-10-04T06:36:03.2139220Z ... compile src/build-api/generated-artifact.ss
2026-10-04T06:36:03.2755620Z ... compile src/build-api/package-spec.ss
2026-10-04T06:36:03.3531671Z ... compile src/benchmark/gate.ss
2026-10-04T06:36:03.3994918Z ... compile src/extensions/poo-validation.ss
2026-10-04T06:36:03.4562481Z ... compile src/policy/poo-source.ss
2026-10-04T06:36:03.4916521Z ... compile src/policy/repair-report.ss
2026-10-04T06:36:03.5641918Z ... compile src/types/subtyping.ss
2026-10-04T06:36:03.7802581Z ... compile src/types/signatures.ss
2026-10-04T06:36:03.8378117Z ... compile src/types/validation-union.ss
2026-10-04T06:36:03.8726106Z ... compile testing-runner-api.ss
2026-10-04T06:36:03.9070065Z ... compile testing-debug-api.ss
2026-10-04T06:36:03.9381751Z ... compile testing-source-admission-api.ss
2026-10-04T06:36:03.9688371Z ... compile building-api.ss
2026-10-04T06:36:03.9987736Z ... compile src/build-api/source-bootstrap.ss
2026-10-04T06:36:04.0297643Z ... compile src/testing/performance.ss
2026-10-04T06:36:04.0653948Z ... compile src/benchmark/framework.ss
2026-10-04T06:36:04.1207485Z ... compile src/policy/repair.ss
2026-10-04T06:36:04.1549889Z ... compile src/types/validation.ss
2026-10-04T06:36:04.2440476Z ... compile benchmark-api.ss
2026-10-04T06:36:04.2855355Z ... compile src/extensions/poo-object-validation.ss
2026-10-04T06:36:04.3281117Z ... compile src/parser/typed-contract-scheme.ss
2026-10-04T06:36:04.4490760Z ... compile src/parser/runtime-contract.ss
2026-10-04T06:36:04.5483139Z ... compile src/support/io.ss
2026-10-04T06:36:04.5653358Z ... compile src/parser/selectors.ss
2026-10-04T06:36:04.5654076Z ... compile src/parser/comment-quality-classifier.ss
2026-10-04T06:36:04.7442638Z ... compile src/parser/quality-shape-loop-driver.ss
2026-10-04T06:36:04.7886251Z ... compile src/parser/function-quality-signals.ss
2026-10-04T06:36:04.8294173Z ... compile src/parser/syntax-macro-family.ss
2026-10-04T06:36:04.8702236Z ... compile src/parser/poo.ss
2026-10-04T06:36:05.1128765Z ... compile src/parser/exports.ss
2026-10-04T06:36:05.1913054Z ... compile src/parser/dependency-adapter-quality.ss
2026-10-04T06:36:05.2845787Z ... compile src/parser/syntax-ast.ss
2026-10-04T06:36:05.3506222Z ... compile src/parser/imports.ss
2026-10-04T06:36:05.4060694Z ... compile src/types/source-findings.ss
2026-10-04T06:36:05.4484068Z ... compile src/parser/source-scope.ss
2026-10-04T06:36:05.4971571Z ... compile src/types/env.ss
2026-10-04T06:36:05.5764321Z ... compile src/parser/comment-quality.ss
2026-10-04T06:36:05.6755617Z ... compile src/parser/syntax-support.ss
2026-10-04T06:36:05.7416228Z ... compile src/types/core.ss
2026-10-04T06:36:05.8200488Z ... compile src/parser/definition-syntax.ss
2026-10-04T06:36:05.8569981Z ... compile src/parser/syntax-calls.ss
2026-10-04T06:36:05.9155888Z ... compile src/types/facade.ss
2026-10-04T06:36:05.9525893Z ... compile src/parser/exact-owner.ss
2026-10-04T06:36:05.9879892Z ... compile src/parser/syntax.ss
2026-10-04T06:36:06.0480658Z ... compile src/commands/projection-batch.ss
2026-10-04T06:36:06.1325712Z ... compile src/parser/quality-shape.ss
2026-10-04T06:36:06.2521039Z ... compile src/parser/control-flow.ss
2026-10-04T06:36:06.3261996Z ... compile src/parser/owner-items.ss
2026-10-04T06:36:06.5485775Z ... compile src/parser/higher-order.ss
2026-10-04T06:36:06.6258000Z ... compile src/exact-source-projection.ss
2026-10-04T06:36:06.7268191Z ... compile src/parser/function-quality.ss
2026-10-04T06:36:06.8176095Z ... compile src/format/files.ss
2026-10-04T06:36:06.8543874Z ... compile src/parser/typed-comment-metadata.ss
2026-10-04T06:36:06.9492379Z ... compile src/format/facade.ss
2026-10-04T06:36:06.9926577Z ... compile src/parser/typed-contract-diagnostics.ss
2026-10-04T06:36:07.0652045Z ... compile src/parser/typed-contract-comment-index.ss
2026-10-04T06:36:07.1799180Z ... compile src/parser/typed-contract.ss
2026-10-04T06:36:07.2888458Z ... compile src/parser/source-file.ss
2026-10-04T06:36:07.3694556Z ... compile src/parser/parse-workers.ss
2026-10-04T06:36:07.4281901Z ... compile src/parser/test-source-scope.ss
2026-10-04T06:36:07.4638387Z ... compile src/parser/core.ss
2026-10-04T06:36:07.5038267Z ... compile src/parser/facade.ss
2026-10-04T06:36:07.5400225Z ... compile src/package-manager/core.ss
2026-10-04T06:36:07.5554032Z ... compile src/policy/agent-basic-loop-support.ss
2026-10-04T06:36:07.5554709Z ... compile src/policy/agent-support.ss
2026-10-04T06:36:07.6514914Z ... compile src/policy/agent-style-message.ss
2026-10-04T06:36:07.6902648Z ... compile src/policy/agent-style-destructuring-signals.ss
2026-10-04T06:36:07.7353623Z ... compile src/policy/agent-style-gerbil-signal-support.ss
2026-10-04T06:36:07.7837447Z ... compile src/policy/agent-poo-loop-support.ss
2026-10-04T06:36:07.8288344Z ... compile src/parser/language-projection.ss
2026-10-04T06:36:07.8943069Z ... compile src/snapshot/support.ss
2026-10-04T06:36:07.9438451Z ... compile src/policy/agent-style-performance-signals.ss
2026-10-04T06:36:08.1360775Z ... compile src/parser/query.ss
2026-10-04T06:36:08.1865988Z ... compile src/policy/dependency-adapter-profile.ss
2026-10-04T06:36:08.2410566Z ... compile src/policy/agent-poo-object-literal.ss
2026-10-04T06:36:08.3110205Z ... compile src/policy/agent-build.ss
2026-10-04T06:36:08.3936395Z ... compile src/policy/agent-string-growth.ss
2026-10-04T06:36:08.4449047Z ... compile src/policy/agent-list-random-access.ss
2026-10-04T06:36:08.4922572Z ... compile src/policy/modularity.ss
2026-10-04T06:36:08.5825812Z ... compile src/policy/agent-list-growth.ss
2026-10-04T06:36:08.6412814Z ... compile src/policy/agent-alist-access.ss
2026-10-04T06:36:08.6909164Z ... compile src/policy/agent-macro-io.ss
2026-10-04T06:36:08.7394785Z ... compile src/policy/agent-anonymous-pair.ss
2026-10-04T06:36:08.7888097Z ... compile src/policy/agent-source-scope.ss
2026-10-04T06:36:08.8514591Z ... compile src/protocol/function-quality-facts.ss
2026-10-04T06:36:08.8936192Z ... compile src/protocol/quality-shape-facts.ss
2026-10-04T06:36:08.9387938Z ... compile src/language/capability.ss
2026-10-04T06:36:08.9899097Z ... compile src/protocol/registry.ss
2026-10-04T06:36:09.0378090Z ... compile src/policy/agent-package-build-system.ss
2026-10-04T06:36:09.0831755Z ... compile src/policy/repair-calibration.ss
2026-10-04T06:36:09.1744274Z ... compile src/commands/guide.ss
2026-10-04T06:36:09.2854679Z ... compile src/policy/agent-style-docs.ss
2026-10-04T06:36:09.4036622Z ... compile src/policy/agent-comment.ss
2026-10-04T06:36:09.4519026Z ... compile src/policy/agent-import.ss
2026-10-04T06:36:09.4965327Z ... compile src/policy/agent-style-gerbil-boundary-signals.ss
2026-10-04T06:36:09.5518838Z ... compile src/policy/gerbil-utils-source.ss
2026-10-04T06:36:09.6140217Z ... compile src/policy/agent-style-gerbil-macro-signals.ss
2026-10-04T06:36:09.8169161Z ... compile src/snapshot/parser.ss
2026-10-04T06:36:09.8753203Z ... compile src/policy/agent-dependency-adapter.ss
2026-10-04T06:36:09.9508346Z ... compile src/policy/agent-poo-loop-performance.ss
2026-10-04T06:36:10.0439798Z ... compile src/protocol/structural-facts.ss
2026-10-04T06:36:10.1479259Z ... compile src/language/facade.ss
2026-10-04T06:36:10.2065589Z ... compile src/policy/agent-build-runtime.ss
2026-10-04T06:36:10.2820984Z ... compile src/policy/agent-style-shape.ss
2026-10-04T06:36:10.3502232Z ... compile src/policy/agent-macro-protocol.ss
2026-10-04T06:36:10.4448385Z ... compile src/policy/agent-style-gerbil-signals.ss
2026-10-04T06:36:10.5081069Z ... compile src/policy/agent-poo.ss
2026-10-04T06:36:10.5772631Z ... compile src/protocol/structural-index.ss
2026-10-04T06:36:10.6715636Z ... compile src/macro-governance/admission.ss
2026-10-04T06:36:10.7316944Z ... compile src/policy/agent-style-quality.ss
2026-10-04T06:36:10.8052089Z ... compile src/policy/agent-style-details.ss
2026-10-04T06:36:10.8582608Z ... compile src/policy/agent-basic.ss
2026-10-04T06:36:10.9437333Z ... compile src/commands/projection.ss
2026-10-04T06:36:10.9964737Z ... compile src/macro-governance/facade.ss
2026-10-04T06:36:11.0372950Z ... compile src/policy/agent-style.ss
2026-10-04T06:36:11.2735997Z ... compile src/policy/streaming.ss
2026-10-04T06:36:11.3186319Z ... compile src/policy/agent.ss
2026-10-04T06:36:11.3614111Z ... compile src/policy/core.ss
2026-10-04T06:36:11.4037774Z ... compile src/package-manager/facade.ss
2026-10-04T06:36:11.4434932Z ... compile src/policy/gxtest-runtime.ss
2026-10-04T06:36:11.4613485Z ... compile src/build-api/policy-runner.ss
2026-10-04T06:36:11.5272036Z ... compile src/policy/facade.ss
2026-10-04T06:36:11.5681678Z ... compile src/policy/gxtest-report.ss
2026-10-04T06:36:11.5823238Z ... compile src/scenario/policy.ss
2026-10-04T06:36:11.7233912Z ... compile src/policy/gxtest.ss
2026-10-04T06:36:11.7914243Z ... compile policy-api.ss
2026-10-04T06:36:11.8339995Z ... compile src/extensions/poo-inheritance.ss
2026-10-04T06:36:11.8842553Z ... compile src/extensions/poo.ss
2026-10-04T06:36:11.9631868Z ... compile src/extensions/core.ss
2026-10-04T06:36:12.0065796Z ... compile src/extensions/facade.ss
2026-10-04T06:36:12.0460091Z ... compile src/snapshot/core.ss
2026-10-04T06:36:12.0573022Z ... compile src/protocol/json.ss
2026-10-04T06:36:12.1663983Z ... compile src/snapshot/graph.ss
2026-10-04T06:36:12.2176163Z ... compile src/runtime/provider-semantic-evidence.ss
2026-10-04T06:36:12.2283107Z ... compile src/commands/fmt.ss
2026-10-04T06:36:12.3310626Z ... compile src/commands/info.ss
2026-10-04T06:36:12.3764707Z ... compile src/commands/agent.ss
2026-10-04T06:36:12.4256000Z ... compile src/snapshot/facade.ss
2026-10-04T06:36:13.1154055Z ... execute compile job (compile-file /home/runner/work/gerbil-ascent/gerbil-ascent/.gerbil/lib/asp-gerbil-scheme/src/build-api/module-artifacts~0.scm)
2026-10-04T06:36:13.1182900Z ... execute compile job (compile-file /home/runner/work/gerbil-ascent/gerbil-ascent/.gerbil/lib/asp-gerbil-scheme/src/build-api/module-artifacts.scm)
2026-10-04T06:36:13.1206478Z ... execute compile job (compile-file /home/runner/work/gerbil-ascent/gerbil-ascent/.gerbil/lib/asp-gerbil-scheme/src/build-api/core-capacity~0.scm)
2026-10-04T06:36:13.1208375Z ... execute compile job (compile-file /home/runner/work/gerbil-ascent/gerbil-ascent/.gerbil/lib/asp-gerbil-scheme/src/build-api/core-capacity.scm)
2026-10-04T06:36:13.1232525Z ... execute compile job (compile-file /home/runner/work/gerbil-ascent/gerbil-ascent/.gerbil/lib/asp-gerbil-scheme/src/build-api/resident-import-footprint~0.scm)
2026-10-04T06:36:13.1234515Z ... execute compile job (compile-file /home/runner/work/gerbil-ascent/gerbil-ascent/.gerbil/lib/asp-gerbil-scheme/src/build-api/resident-import-footprint.scm)
2026-10-04T06:36:13.7603680Z ... execute compile job (compile-file /home/runner/work/gerbil-ascent/gerbil-ascent/.gerbil/lib/asp-gerbil-scheme/src/build-api/native-spec-support~0.scm)
2026-10-04T06:36:13.7606071Z ... execute compile job (compile-file /home/runner/work/gerbil-ascent/gerbil-ascent/.gerbil/lib/asp-gerbil-scheme/src/build-api/native-spec-support.scm)
2026-10-04T06:36:13.7608186Z ... execute compile job (compile-file /home/runner/work/gerbil-ascent/gerbil-ascent/.gerbil/lib/asp-gerbil-scheme/src/support/list~0.scm)
2026-10-04T06:36:13.7610100Z ... execute compile job (compile-file /home/runner/work/gerbil-ascent/gerbil-ascent/.gerbil/lib/asp-gerbil-scheme/src/support/list.scm)
2026-10-04T06:36:13.7612326Z ... execute compile job (compile-file /home/runner/work/gerbil-ascent/gerbil-ascent/.gerbil/lib/asp-gerbil-scheme/src/build-api/package-build~0.scm)
2026-10-04T06:36:13.7614408Z ... execute compile job (compile-file /home/runner/work/gerbil-ascent/gerbil-ascent/.gerbil/lib/asp-gerbil-scheme/src/build-api/package-build.scm)
2026-10-04T06:36:13.7616317Z ... execute compile job (compile-file /home/runner/work/gerbil-ascent/gerbil-ascent/.gerbil/lib/asp-gerbil-scheme/src/support/time~0.scm)
2026-10-04T06:36:14.5877498Z ... execute compile job (compile-file /home/runner/work/gerbil-ascent/gerbil-ascent/.gerbil/lib/asp-gerbil-scheme/src/support/time.scm)
2026-10-04T06:36:14.5892949Z ... execute compile job (compile-file /home/runner/work/gerbil-ascent/gerbil-ascent/.gerbil/lib/asp-gerbil-scheme/src/support/args~0.scm)
2026-10-04T06:36:14.5953719Z ... execute compile job (compile-file /home/runner/work/gerbil-ascent/gerbil-ascent/.gerbil/lib/asp-gerbil-scheme/src/support/args.scm)
2026-10-04T06:36:14.5983188Z ... execute compile job (compile-file /home/runner/work/gerbil-ascent/gerbil-ascent/.gerbil/lib/asp-gerbil-scheme/src/extensions/model~0.scm)
2026-10-04T06:36:14.6008462Z ... execute compile job (compile-file /home/runner/work/gerbil-ascent/gerbil-ascent/.gerbil/lib/asp-gerbil-scheme/src/extensions/model.scm)
2026-10-04T06:36:14.6032410Z ... execute compile job (compile-file /home/runner/work/gerbil-ascent/gerbil-ascent/.gerbil/lib/asp-gerbil-scheme/src/extensions/model~1.scm)
2026-10-04T06:36:14.6034445Z ... execute compile job (compile-file /home/runner/work/gerbil-ascent/gerbil-ascent/.gerbil/lib/asp-gerbil-scheme/src/language/evidence~0.scm)
2026-10-04T06:36:14.6062721Z ... execute compile job (compile-file /home/runner/work/gerbil-ascent/gerbil-ascent/.gerbil/lib/asp-gerbil-scheme/src/language/evidence.scm)
2026-10-04T06:36:15.3653475Z ... execute compile job (compile-file /home/runner/work/gerbil-ascent/gerbil-ascent/.gerbil/lib/asp-gerbil-scheme/src/extensions/poo-pattern-support~0.scm)
2026-10-04T06:36:15.3682954Z ... execute compile job (compile-file /home/runner/work/gerbil-ascent/gerbil-ascent/.gerbil/lib/asp-gerbil-scheme/src/extensions/poo-pattern-support.scm)
2026-10-04T06:36:15.3712804Z ... execute compile job (compile-file /home/runner/work/gerbil-ascent/gerbil-ascent/.gerbil/lib/asp-gerbil-scheme/src/policy/model~0.scm)
2026-10-04T06:36:15.3742636Z ... execute compile job (compile-file /home/runner/work/gerbil-ascent/gerbil-ascent/.gerbil/lib/asp-gerbil-scheme/src/policy/model.scm)
2026-10-04T06:36:15.3772673Z ... execute compile job (compile-file /home/runner/work/gerbil-ascent/gerbil-ascent/.gerbil/lib/asp-gerbil-scheme/src/policy/model~1.scm)
2026-10-04T06:36:15.3774690Z ... execute compile job (compile-file /home/runner/work/gerbil-ascent/gerbil-ascent/.gerbil/lib/asp-gerbil-scheme/src/extensions/poo-source-ref-validation~0.scm)
2026-10-04T06:36:15.3776732Z ... execute compile job (compile-file /home/runner/work/gerbil-ascent/gerbil-ascent/.gerbil/lib/asp-gerbil-scheme/src/extensions/poo-source-ref-validation.scm)
2026-10-04T06:36:16.1593951Z ... execute compile job (compile-file /home/runner/work/gerbil-ascent/gerbil-ascent/.gerbil/lib/asp-gerbil-scheme/src/policy/prototype~0.scm)
2026-10-04T06:36:16.1595760Z ... execute compile job (compile-file /home/runner/work/gerbil-ascent/gerbil-ascent/.gerbil/lib/asp-gerbil-scheme/src/policy/prototype.scm)
2026-10-04T06:36:16.1597543Z ... execute compile job (compile-file /home/runner/work/gerbil-ascent/gerbil-ascent/.gerbil/lib/asp-gerbil-scheme/src/policy/agent-poo-callees~0.scm)
2026-10-04T06:36:16.1599350Z ... execute compile job (compile-file /home/runner/work/gerbil-ascent/gerbil-ascent/.gerbil/lib/asp-gerbil-scheme/src/policy/agent-poo-callees.scm)
2026-10-04T06:36:16.1601170Z ... execute compile job (compile-file /home/runner/work/gerbil-ascent/gerbil-ascent/.gerbil/lib/asp-gerbil-scheme/src/policy/agent-style-steering~0.scm)
2026-10-04T06:36:16.1603255Z ... execute compile job (compile-file /home/runner/work/gerbil-ascent/gerbil-ascent/.gerbil/lib/asp-gerbil-scheme/src/policy/agent-style-steering.scm)
2026-10-04T06:36:17.2550933Z ... execute compile job (compile-file /home/runner/work/gerbil-ascent/gerbil-ascent/.gerbil/lib/asp-gerbil-scheme/src/policy/agent-style-shape-config~0.scm)
2026-10-04T06:36:17.2553534Z ... execute compile job (compile-file /home/runner/work/gerbil-ascent/gerbil-ascent/.gerbil/lib/asp-gerbil-scheme/src/policy/agent-style-shape-config.scm)
2026-10-04T06:36:17.2555890Z ... execute compile job (compile-file /home/runner/work/gerbil-ascent/gerbil-ascent/.gerbil/lib/asp-gerbil-scheme/src/utilities/functional~0.scm)
2026-10-04T06:36:17.2557882Z ... execute compile job (compile-file /home/runner/work/gerbil-ascent/gerbil-ascent/.gerbil/lib/asp-gerbil-scheme/src/utilities/functional.scm)
2026-10-04T06:36:17.2559862Z ... execute compile job (compile-file /home/runner/work/gerbil-ascent/gerbil-ascent/.gerbil/lib/asp-gerbil-scheme/src/utilities/contract-syntax.scm)
2026-10-04T06:36:17.2562716Z ... execute compile job (compile-file /home/runner/work/gerbil-ascent/gerbil-ascent/.gerbil/lib/asp-gerbil-scheme/src/utilities/contract-syntax~1.scm)
2026-10-04T06:36:17.2564775Z ... execute compile job (compile-file /home/runner/work/gerbil-ascent/gerbil-ascent/.gerbil/lib/asp-gerbil-scheme/src/utilities/contracts~0.scm)
2026-10-04T06:36:18.0271708Z ... execute compile job (compile-file /home/runner/work/gerbil-ascent/gerbil-ascent/.gerbil/lib/asp-gerbil-scheme/src/utilities/contracts.scm)
2026-10-04T06:36:18.0273814Z ... execute compile job (compile-file /home/runner/work/gerbil-ascent/gerbil-ascent/.gerbil/lib/asp-gerbil-scheme/src/utilities/contracts~1.scm)
2026-10-04T06:36:18.0275794Z ... execute compile job (compile-file /home/runner/work/gerbil-ascent/gerbil-ascent/.gerbil/lib/asp-gerbil-scheme/src/parser/model~0.scm)
2026-10-04T06:36:18.0277525Z ... execute compile job (compile-file /home/runner/work/gerbil-ascent/gerbil-ascent/.gerbil/lib/asp-gerbil-scheme/src/parser/model.scm)
2026-10-04T06:36:18.0279241Z ... execute compile job (compile-file /home/runner/work/gerbil-ascent/gerbil-ascent/.gerbil/lib/asp-gerbil-scheme/src/parser/source-class~0.scm)
2026-10-04T06:36:18.0281071Z ... execute compile job (compile-file /home/runner/work/gerbil-ascent/gerbil-ascent/.gerbil/lib/asp-gerbil-scheme/src/parser/source-class.scm)
2026-10-04T06:36:18.0284260Z ... execute compile job (compile-file /home/runner/work/gerbil-ascent/gerbil-ascent/.gerbil/lib/asp-gerbil-scheme/src/parser/list-prefix~0.scm)
2026-10-04T06:36:18.0286249Z ... execute compile job (compile-file /home/runner/work/gerbil-ascent/gerbil-ascent/.gerbil/lib/asp-gerbil-scheme/src/parser/list-prefix.scm)
2026-10-04T06:36:19.1659915Z ... execute compile job (compile-file /home/runner/work/gerbil-ascent/gerbil-ascent/.gerbil/lib/asp-gerbil-scheme/src/parser/typed-contract-scheme-expression~0.scm)
2026-10-04T06:36:19.1662340Z ... execute compile job (compile-file /home/runner/work/gerbil-ascent/gerbil-ascent/.gerbil/lib/asp-gerbil-scheme/src/parser/typed-contract-scheme-expression.scm)
2026-10-04T06:36:19.1664489Z ... execute compile job (compile-file /home/runner/work/gerbil-ascent/gerbil-ascent/.gerbil/lib/asp-gerbil-scheme/src/parser/typed-contract-token~0.scm)
2026-10-04T06:36:19.1666491Z ... execute compile job (compile-file /home/runner/work/gerbil-ascent/gerbil-ascent/.gerbil/lib/asp-gerbil-scheme/src/parser/typed-contract-token.scm)
2026-10-04T06:36:19.1668455Z ... execute compile job (compile-file /home/runner/work/gerbil-ascent/gerbil-ascent/.gerbil/lib/asp-gerbil-scheme/src/parser/reader~0.scm)
2026-10-04T06:36:19.1670190Z ... execute compile job (compile-file /home/runner/work/gerbil-ascent/gerbil-ascent/.gerbil/lib/asp-gerbil-scheme/src/parser/reader.scm)
2026-10-04T06:36:19.8393263Z ... execute compile job (compile-file /home/runner/work/gerbil-ascent/gerbil-ascent/.gerbil/lib/asp-gerbil-scheme/src/parser/reader~1.scm)
2026-10-04T06:36:19.8395426Z ... execute compile job (compile-file /home/runner/work/gerbil-ascent/gerbil-ascent/.gerbil/lib/asp-gerbil-scheme/src/parser/support~0.scm)
2026-10-04T06:36:19.8397494Z ... execute compile job (compile-file /home/runner/work/gerbil-ascent/gerbil-ascent/.gerbil/lib/asp-gerbil-scheme/src/parser/support.scm)
2026-10-04T06:36:19.8399624Z ... execute compile job (compile-file /home/runner/work/gerbil-ascent/gerbil-ascent/.gerbil/lib/asp-gerbil-scheme/src/parser/typed-comment-docs~0.scm)
2026-10-04T06:36:19.8402014Z ... execute compile job (compile-file /home/runner/work/gerbil-ascent/gerbil-ascent/.gerbil/lib/asp-gerbil-scheme/src/parser/typed-comment-docs.scm)
2026-10-04T06:36:19.8434116Z ... execute compile job (compile-file /home/runner/work/gerbil-ascent/gerbil-ascent/.gerbil/lib/asp-gerbil-scheme/src/testing/import-footprint-reader~0.scm)
2026-10-04T06:36:19.8438074Z ... execute compile job (compile-file /home/runner/work/gerbil-ascent/gerbil-ascent/.gerbil/lib/asp-gerbil-scheme/src/testing/import-footprint-reader.scm)
2026-10-04T06:36:20.3393440Z ... execute compile job (compile-file /home/runner/work/gerbil-ascent/gerbil-ascent/.gerbil/lib/asp-gerbil-scheme/src/benchmark/memory~0.scm)
2026-10-04T06:36:20.3396972Z ... execute compile job (compile-file /home/runner/work/gerbil-ascent/gerbil-ascent/.gerbil/lib/asp-gerbil-scheme/src/benchmark/memory.scm)
2026-10-04T06:36:20.3398928Z ... execute compile job (compile-file /home/runner/work/gerbil-ascent/gerbil-ascent/.gerbil/lib/asp-gerbil-scheme/src/benchmark/statistics~0.scm)
2026-10-04T06:36:20.3400723Z ... execute compile job (compile-file /home/runner/work/gerbil-ascent/gerbil-ascent/.gerbil/lib/asp-gerbil-scheme/src/benchmark/statistics.scm)
2026-10-04T06:36:20.3402907Z ... execute compile job (compile-file /home/runner/work/gerbil-ascent/gerbil-ascent/.gerbil/lib/asp-gerbil-scheme/src/benchmark/report~0.scm)
2026-10-04T06:36:20.3404707Z ... execute compile job (compile-file /home/runner/work/gerbil-ascent/gerbil-ascent/.gerbil/lib/asp-gerbil-scheme/src/benchmark/report.scm)
2026-10-04T06:36:20.3406847Z ... execute compile job (compile-file /home/runner/work/gerbil-ascent/gerbil-ascent/.gerbil/lib/asp-gerbil-scheme/src/constants~0.scm)
2026-10-04T06:36:20.3408625Z ... execute compile job (compile-file /home/runner/work/gerbil-ascent/gerbil-ascent/.gerbil/lib/asp-gerbil-scheme/src/constants.scm)
2026-10-04T06:36:21.0947698Z ... execute compile job (compile-file /home/runner/work/gerbil-ascent/gerbil-ascent/.gerbil/lib/asp-gerbil-scheme/src/runtime/provider-http-json-client~0.scm)
2026-10-04T06:36:21.0963673Z ... execute compile job (compile-file /home/runner/work/gerbil-ascent/gerbil-ascent/.gerbil/lib/asp-gerbil-scheme/src/runtime/provider-http-json-client.scm)
2026-10-04T06:36:21.0966083Z ... execute compile job (compile-file /home/runner/work/gerbil-ascent/gerbil-ascent/.gerbil/lib/asp-gerbil-scheme/src/object-family/syntax~0.scm)
2026-10-04T06:36:21.0968277Z ... execute compile job (compile-file /home/runner/work/gerbil-ascent/gerbil-ascent/.gerbil/lib/asp-gerbil-scheme/src/object-family/syntax.scm)
2026-10-04T06:36:21.0970359Z ... execute compile job (compile-file /home/runner/work/gerbil-ascent/gerbil-ascent/.gerbil/lib/asp-gerbil-scheme/src/object-family/syntax~1.scm)
2026-10-04T06:36:21.0972593Z ... execute compile job (compile-file /home/runner/work/gerbil-ascent/gerbil-ascent/.gerbil/lib/asp-gerbil-scheme/src/types/findings~0.scm)
2026-10-04T06:36:21.0974636Z ... execute compile job (compile-file /home/runner/work/gerbil-ascent/gerbil-ascent/.gerbil/lib/asp-gerbil-scheme/src/types/findings.scm)
2026-10-04T06:36:21.7245059Z ... execute compile job (compile-file /home/runner/work/gerbil-ascent/gerbil-ascent/.gerbil/lib/asp-gerbil-scheme/src/types/findings~1.scm)
2026-10-04T06:36:21.7247446Z ... execute compile job (compile-file /home/runner/work/gerbil-ascent/gerbil-ascent/.gerbil/lib/asp-gerbil-scheme/src/types/model-syntax~0.scm)
2026-10-04T06:36:21.7249547Z ... execute compile job (compile-file /home/runner/work/gerbil-ascent/gerbil-ascent/.gerbil/lib/asp-gerbil-scheme/src/types/model-syntax.scm)
2026-10-04T06:36:21.7256836Z ... execute compile job (compile-file /home/runner/work/gerbil-ascent/gerbil-ascent/.gerbil/lib/asp-gerbil-scheme/src/protocol/support~0.scm)
2026-10-04T06:36:21.7258979Z ... execute compile job (compile-file /home/runner/work/gerbil-ascent/gerbil-ascent/.gerbil/lib/asp-gerbil-scheme/src/protocol/support.scm)
2026-10-04T06:36:21.7260963Z ... execute compile job (compile-file /home/runner/work/gerbil-ascent/gerbil-ascent/.gerbil/lib/asp-gerbil-scheme/src/protocol/json-output~0.scm)
2026-10-04T06:36:21.7263273Z ... execute compile job (compile-file /home/runner/work/gerbil-ascent/gerbil-ascent/.gerbil/lib/asp-gerbil-scheme/src/protocol/json-output.scm)
2026-10-04T06:36:22.4189018Z ... execute compile job (compile-file /home/runner/work/gerbil-ascent/gerbil-ascent/.gerbil/lib/asp-gerbil-scheme/src/policy/test-scope~0.scm)
2026-10-04T06:36:22.4191008Z ... execute compile job (compile-file /home/runner/work/gerbil-ascent/gerbil-ascent/.gerbil/lib/asp-gerbil-scheme/src/policy/test-scope.scm)
2026-10-04T06:36:22.4193615Z ... execute compile job (compile-file /home/runner/work/gerbil-ascent/gerbil-ascent/.gerbil/lib/asp-gerbil-scheme/src/build-api/native-import-closure~0.scm)
2026-10-04T06:36:22.4195657Z ... execute compile job (compile-file /home/runner/work/gerbil-ascent/gerbil-ascent/.gerbil/lib/asp-gerbil-scheme/src/build-api/native-import-closure.scm)
2026-10-04T06:36:22.4197596Z ... execute compile job (compile-file /home/runner/work/gerbil-ascent/gerbil-ascent/.gerbil/lib/asp-gerbil-scheme/src/parser/profile~0.scm)
2026-10-04T06:36:22.4199423Z ... execute compile job (compile-file /home/runner/work/gerbil-ascent/gerbil-ascent/.gerbil/lib/asp-gerbil-scheme/src/parser/profile.scm)
2026-10-04T06:36:22.4201247Z ... execute compile job (compile-file /home/runner/work/gerbil-ascent/gerbil-ascent/.gerbil/lib/asp-gerbil-scheme/src/benchmark/fixture-model~0.scm)
2026-10-04T06:36:23.0958698Z ... execute compile job (compile-file /home/runner/work/gerbil-ascent/gerbil-ascent/.gerbil/lib/asp-gerbil-scheme/src/benchmark/fixture-model.scm)
2026-10-04T06:36:23.0960933Z ... execute compile job (compile-file /home/runner/work/gerbil-ascent/gerbil-ascent/.gerbil/lib/asp-gerbil-scheme/src/language/compare~0.scm)
2026-10-04T06:36:23.0963755Z ... execute compile job (compile-file /home/runner/work/gerbil-ascent/gerbil-ascent/.gerbil/lib/asp-gerbil-scheme/src/language/compare.scm)
2026-10-04T06:36:23.0966309Z ... execute compile job (compile-file /home/runner/work/gerbil-ascent/gerbil-ascent/.gerbil/lib/asp-gerbil-scheme/src/extensions/poo-pattern-typeclass~0.scm)
2026-10-04T06:36:23.0968369Z ... execute compile job (compile-file /home/runner/work/gerbil-ascent/gerbil-ascent/.gerbil/lib/asp-gerbil-scheme/src/extensions/poo-pattern-typeclass.scm)
2026-10-04T06:36:23.0970414Z ... execute compile job (compile-file /home/runner/work/gerbil-ascent/gerbil-ascent/.gerbil/lib/asp-gerbil-scheme/src/policy/catalog~0.scm)
2026-10-04T06:36:23.0972547Z ... execute compile job (compile-file /home/runner/work/gerbil-ascent/gerbil-ascent/.gerbil/lib/asp-gerbil-scheme/src/policy/catalog.scm)
2026-10-04T06:36:23.9894016Z ... execute compile job (compile-file /home/runner/work/gerbil-ascent/gerbil-ascent/.gerbil/lib/asp-gerbil-scheme/src/utilities/projection~0.scm)
2026-10-04T06:36:23.9923054Z ... execute compile job (compile-file /home/runner/work/gerbil-ascent/gerbil-ascent/.gerbil/lib/asp-gerbil-scheme/src/utilities/projection.scm)
2026-10-04T06:36:23.9943566Z ... execute compile job (compile-file /home/runner/work/gerbil-ascent/gerbil-ascent/.gerbil/lib/asp-gerbil-scheme/src/format/core~0.scm)
2026-10-04T06:36:23.9973059Z ... execute compile job (compile-file /home/runner/work/gerbil-ascent/gerbil-ascent/.gerbil/lib/asp-gerbil-scheme/src/format/core.scm)
2026-10-04T06:36:24.0002959Z ... execute compile job (compile-file /home/runner/work/gerbil-ascent/gerbil-ascent/.gerbil/lib/asp-gerbil-scheme/src/parser/formals~0.scm)
2026-10-04T06:36:24.0005450Z ... execute compile job (compile-file /home/runner/work/gerbil-ascent/gerbil-ascent/.gerbil/lib/asp-gerbil-scheme/src/parser/formals.scm)
2026-10-04T06:36:24.0007482Z ... execute compile job (compile-file /home/runner/work/gerbil-ascent/gerbil-ascent/.gerbil/lib/asp-gerbil-scheme/src/parser/package~0.scm)
2026-10-04T06:36:24.9693149Z ... execute compile job (compile-file /home/runner/work/gerbil-ascent/gerbil-ascent/.gerbil/lib/asp-gerbil-scheme/src/parser/package.scm)
2026-10-04T06:36:24.9695099Z ... execute compile job (compile-file /home/runner/work/gerbil-ascent/gerbil-ascent/.gerbil/lib/asp-gerbil-scheme/src/parser/package~1.scm)
2026-10-04T06:36:24.9696875Z ... execute compile job (compile-file /home/runner/work/gerbil-ascent/gerbil-ascent/.gerbil/lib/asp-gerbil-scheme/src/testing/extension~0.scm)
2026-10-04T06:36:24.9698656Z ... execute compile job (compile-file /home/runner/work/gerbil-ascent/gerbil-ascent/.gerbil/lib/asp-gerbil-scheme/src/testing/extension.scm)
2026-10-04T06:36:24.9700475Z ... execute compile job (compile-file /home/runner/work/gerbil-ascent/gerbil-ascent/.gerbil/lib/asp-gerbil-scheme/src/benchmark/micro-kernel~0.scm)
2026-10-04T06:36:24.9702854Z ... execute compile job (compile-file /home/runner/work/gerbil-ascent/gerbil-ascent/.gerbil/lib/asp-gerbil-scheme/src/benchmark/micro-kernel.scm)
2026-10-04T06:36:24.9704611Z ... execute compile job (compile-file /home/runner/work/gerbil-ascent/gerbil-ascent/.gerbil/lib/asp-gerbil-scheme/src/snapshot/bench~0.scm)
2026-10-04T06:36:25.8363458Z ... execute compile job (compile-file /home/runner/work/gerbil-ascent/gerbil-ascent/.gerbil/lib/asp-gerbil-scheme/src/snapshot/bench.scm)
2026-10-04T06:36:25.8392869Z ... execute compile job (compile-file /home/runner/work/gerbil-ascent/gerbil-ascent/.gerbil/lib/asp-gerbil-scheme/src/build-api/native-profile~0.scm)
2026-10-04T06:36:25.8395331Z ... execute compile job (compile-file /home/runner/work/gerbil-ascent/gerbil-ascent/.gerbil/lib/asp-gerbil-scheme/src/build-api/native-profile.scm)
2026-10-04T06:36:25.8423039Z ... execute compile job (compile-file /home/runner/work/gerbil-ascent/gerbil-ascent/.gerbil/lib/asp-gerbil-scheme/src/build-api/generated-module-projection~0.scm)
2026-10-04T06:36:25.8452859Z ... execute compile job (compile-file /home/runner/work/gerbil-ascent/gerbil-ascent/.gerbil/lib/asp-gerbil-scheme/src/build-api/generated-module-projection.scm)
2026-10-04T06:36:25.8482698Z ... execute compile job (compile-file /home/runner/work/gerbil-ascent/gerbil-ascent/.gerbil/lib/asp-gerbil-scheme/src/macro-governance/model~0.scm)
2026-10-04T06:36:25.8512525Z ... execute compile job (compile-file /home/runner/work/gerbil-ascent/gerbil-ascent/.gerbil/lib/asp-gerbil-scheme/src/macro-governance/model.scm)
2026-10-04T06:36:26.5248831Z ... execute compile job (compile-file /home/runner/work/gerbil-ascent/gerbil-ascent/.gerbil/lib/asp-gerbil-scheme/src/macro-governance/model~1.scm)
2026-10-04T06:36:26.5258764Z ... execute compile job (compile-file /home/runner/work/gerbil-ascent/gerbil-ascent/.gerbil/lib/asp-gerbil-scheme/src/protocol/provider-operation-catalog~0.scm)
2026-10-04T06:36:26.5261173Z ... execute compile job (compile-file /home/runner/work/gerbil-ascent/gerbil-ascent/.gerbil/lib/asp-gerbil-scheme/src/protocol/provider-operation-catalog.scm)
2026-10-04T06:36:26.5264370Z ... execute compile job (compile-file /home/runner/work/gerbil-ascent/gerbil-ascent/.gerbil/lib/asp-gerbil-scheme/src/policy/detection~0.scm)
2026-10-04T06:36:26.5266318Z ... execute compile job (compile-file /home/runner/work/gerbil-ascent/gerbil-ascent/.gerbil/lib/asp-gerbil-scheme/src/policy/detection.scm)
2026-10-04T06:36:26.5268334Z ... execute compile job (compile-file /home/runner/work/gerbil-ascent/gerbil-ascent/.gerbil/lib/asp-gerbil-scheme/src/scenario/benchmark-contract~0.scm)
2026-10-04T06:36:26.5270373Z ... execute compile job (compile-file /home/runner/work/gerbil-ascent/gerbil-ascent/.gerbil/lib/asp-gerbil-scheme/src/scenario/benchmark-contract.scm)
2026-10-04T06:36:27.6316350Z ... execute compile job (compile-file /home/runner/work/gerbil-ascent/gerbil-ascent/.gerbil/lib/asp-gerbil-scheme/src/benchmark/fixture-contract~0.scm)
2026-10-04T06:36:27.6353010Z ... execute compile job (compile-file /home/runner/work/gerbil-ascent/gerbil-ascent/.gerbil/lib/asp-gerbil-scheme/src/benchmark/fixture-contract.scm)
2026-10-04T06:36:27.6362696Z ... execute compile job (compile-file /home/runner/work/gerbil-ascent/gerbil-ascent/.gerbil/lib/asp-gerbil-scheme/src/extensions/poo-patterns~0.scm)
2026-10-04T06:36:27.6383298Z ... execute compile job (compile-file /home/runner/work/gerbil-ascent/gerbil-ascent/.gerbil/lib/asp-gerbil-scheme/src/extensions/poo-patterns.scm)
2026-10-04T06:36:27.6410493Z ... execute compile job (compile-file /home/runner/work/gerbil-ascent/gerbil-ascent/.gerbil/lib/asp-gerbil-scheme/src/commands/guide-sections~0.scm)
2026-10-04T06:36:27.6442446Z ... execute compile job (compile-file /home/runner/work/gerbil-ascent/gerbil-ascent/.gerbil/lib/asp-gerbil-scheme/src/commands/guide-sections.scm)
2026-10-04T06:36:27.6452569Z ... execute compile job (compile-file /home/runner/work/gerbil-ascent/gerbil-ascent/.gerbil/lib/asp-gerbil-scheme/src/policy/repair-diagnostic~0.scm)
2026-10-04T06:36:29.1793599Z ... execute compile job (compile-file /home/runner/work/gerbil-ascent/gerbil-ascent/.gerbil/lib/asp-gerbil-scheme/src/policy/repair-diagnostic.scm)
2026-10-04T06:36:29.1832906Z ... execute compile job (compile-file /home/runner/work/gerbil-ascent/gerbil-ascent/.gerbil/lib/asp-gerbil-scheme/src/policy/repair-diagnostic~1.scm)
2026-10-04T06:36:29.1862850Z ... execute compile job (compile-file /home/runner/work/gerbil-ascent/gerbil-ascent/.gerbil/lib/asp-gerbil-scheme/src/types/model~0.scm)
2026-10-04T06:36:29.1864593Z ... execute compile job (compile-file /home/runner/work/gerbil-ascent/gerbil-ascent/.gerbil/lib/asp-gerbil-scheme/src/types/model.scm)
2026-10-04T06:36:29.1902753Z ... execute compile job (compile-file /home/runner/work/gerbil-ascent/gerbil-ascent/.gerbil/lib/asp-gerbil-scheme/src/types/model~1.scm)
2026-10-04T06:36:29.1922576Z ... execute compile job (compile-file /home/runner/work/gerbil-ascent/gerbil-ascent/.gerbil/lib/asp-gerbil-scheme/src/commands/project-resolution~0.scm)
2026-10-04T06:36:29.1952553Z ... execute compile job (compile-file /home/runner/work/gerbil-ascent/gerbil-ascent/.gerbil/lib/asp-gerbil-scheme/src/commands/project-resolution.scm)
2026-10-04T06:36:29.7472653Z ... execute compile job (compile-file /home/runner/work/gerbil-ascent/gerbil-ascent/.gerbil/lib/asp-gerbil-scheme/src/commands/project-resolution~1.scm)
2026-10-04T06:36:29.7475960Z ... execute compile job (compile-file /home/runner/work/gerbil-ascent/gerbil-ascent/.gerbil/lib/asp-gerbil-scheme/testing-api.scm)
2026-10-04T06:36:29.7477832Z ... execute compile job (compile-file /home/runner/work/gerbil-ascent/gerbil-ascent/.gerbil/lib/asp-gerbil-scheme/src/testing/discovery-runner~0.scm)
2026-10-04T06:36:29.7479864Z ... execute compile job (compile-file /home/runner/work/gerbil-ascent/gerbil-ascent/.gerbil/lib/asp-gerbil-scheme/src/testing/discovery-runner.scm)
2026-10-04T06:36:29.7483105Z ... execute compile job (compile-file /home/runner/work/gerbil-ascent/gerbil-ascent/.gerbil/lib/asp-gerbil-scheme/src/testing/discovery-runner~1.scm)
2026-10-04T06:36:29.7485124Z ... execute compile job (compile-file /home/runner/work/gerbil-ascent/gerbil-ascent/.gerbil/lib/asp-gerbil-scheme/src/testing/debug-trace~0.scm)
2026-10-04T06:36:29.7487055Z ... execute compile job (compile-file /home/runner/work/gerbil-ascent/gerbil-ascent/.gerbil/lib/asp-gerbil-scheme/src/testing/debug-trace.scm)
2026-10-04T06:36:30.9153717Z ... execute compile job (compile-file /home/runner/work/gerbil-ascent/gerbil-ascent/.gerbil/lib/asp-gerbil-scheme/src/testing/source-admission~0.scm)
2026-10-04T06:36:30.9155854Z ... execute compile job (compile-file /home/runner/work/gerbil-ascent/gerbil-ascent/.gerbil/lib/asp-gerbil-scheme/src/testing/source-admission.scm)
2026-10-04T06:36:30.9159723Z ... execute compile job (compile-file /home/runner/work/gerbil-ascent/gerbil-ascent/.gerbil/lib/asp-gerbil-scheme/src/build-api/generated-artifact~0.scm)
2026-10-04T06:36:30.9162459Z ... execute compile job (compile-file /home/runner/work/gerbil-ascent/gerbil-ascent/.gerbil/lib/asp-gerbil-scheme/src/build-api/generated-artifact.scm)
2026-10-04T06:36:30.9164704Z ... execute compile job (compile-file /home/runner/work/gerbil-ascent/gerbil-ascent/.gerbil/lib/asp-gerbil-scheme/src/build-api/package-spec~0.scm)
2026-10-04T06:36:30.9166761Z ... execute compile job (compile-file /home/runner/work/gerbil-ascent/gerbil-ascent/.gerbil/lib/asp-gerbil-scheme/src/build-api/package-spec.scm)
2026-10-04T06:36:30.9169104Z ... execute compile job (compile-file /home/runner/work/gerbil-ascent/gerbil-ascent/.gerbil/lib/asp-gerbil-scheme/src/build-api/package-spec~1.scm)
2026-10-04T06:36:31.5538955Z ... execute compile job (compile-file /home/runner/work/gerbil-ascent/gerbil-ascent/.gerbil/lib/asp-gerbil-scheme/src/benchmark/gate~0.scm)
2026-10-04T06:36:31.5542530Z ... execute compile job (compile-file /home/runner/work/gerbil-ascent/gerbil-ascent/.gerbil/lib/asp-gerbil-scheme/src/benchmark/gate.scm)
2026-10-04T06:36:31.5544841Z ... execute compile job (compile-file /home/runner/work/gerbil-ascent/gerbil-ascent/.gerbil/lib/asp-gerbil-scheme/src/extensions/poo-validation~0.scm)
2026-10-04T06:36:31.5546764Z ... execute compile job (compile-file /home/runner/work/gerbil-ascent/gerbil-ascent/.gerbil/lib/asp-gerbil-scheme/src/extensions/poo-validation.scm)
2026-10-04T06:36:31.5548793Z ... execute compile job (compile-file /home/runner/work/gerbil-ascent/gerbil-ascent/.gerbil/lib/asp-gerbil-scheme/src/policy/poo-source~0.scm)
2026-10-04T06:36:31.5550764Z ... execute compile job (compile-file /home/runner/work/gerbil-ascent/gerbil-ascent/.gerbil/lib/asp-gerbil-scheme/src/policy/poo-source.scm)
2026-10-04T06:36:31.5554184Z ... execute compile job (compile-file /home/runner/work/gerbil-ascent/gerbil-ascent/.gerbil/lib/asp-gerbil-scheme/src/policy/repair-report~0.scm)
2026-10-04T06:36:32.5817396Z ... execute compile job (compile-file /home/runner/work/gerbil-ascent/gerbil-ascent/.gerbil/lib/asp-gerbil-scheme/src/policy/repair-report.scm)
2026-10-04T06:36:32.5843306Z ... execute compile job (compile-file /home/runner/work/gerbil-ascent/gerbil-ascent/.gerbil/lib/asp-gerbil-scheme/src/types/subtyping~0.scm)
2026-10-04T06:36:32.5845389Z ... execute compile job (compile-file /home/runner/work/gerbil-ascent/gerbil-ascent/.gerbil/lib/asp-gerbil-scheme/src/types/subtyping.scm)
2026-10-04T06:36:32.5847453Z ... execute compile job (compile-file /home/runner/work/gerbil-ascent/gerbil-ascent/.gerbil/lib/asp-gerbil-scheme/src/types/subtyping~1.scm)
2026-10-04T06:36:32.5850015Z ... execute compile job (compile-file /home/runner/work/gerbil-ascent/gerbil-ascent/.gerbil/lib/asp-gerbil-scheme/src/types/signatures~0.scm)
2026-10-04T06:36:32.5852341Z ... execute compile job (compile-file /home/runner/work/gerbil-ascent/gerbil-ascent/.gerbil/lib/asp-gerbil-scheme/src/types/signatures.scm)
2026-10-04T06:36:32.5854268Z ... execute compile job (compile-file /home/runner/work/gerbil-ascent/gerbil-ascent/.gerbil/lib/asp-gerbil-scheme/src/types/validation-union~0.scm)
2026-10-04T06:36:33.1193463Z ... execute compile job (compile-file /home/runner/work/gerbil-ascent/gerbil-ascent/.gerbil/lib/asp-gerbil-scheme/src/types/validation-union.scm)
2026-10-04T06:36:33.1197269Z ... execute compile job (compile-file /home/runner/work/gerbil-ascent/gerbil-ascent/.gerbil/lib/asp-gerbil-scheme/testing-runner-api.scm)
2026-10-04T06:36:33.1199334Z ... execute compile job (compile-file /home/runner/work/gerbil-ascent/gerbil-ascent/.gerbil/lib/asp-gerbil-scheme/testing-debug-api.scm)
2026-10-04T06:36:33.1201502Z ... execute compile job (compile-file /home/runner/work/gerbil-ascent/gerbil-ascent/.gerbil/lib/asp-gerbil-scheme/testing-source-admission-api.scm)
2026-10-04T06:36:33.1203395Z ... execute compile job (compile-file /home/runner/work/gerbil-ascent/gerbil-ascent/.gerbil/lib/asp-gerbil-scheme/building-api.scm)
2026-10-04T06:36:33.1205294Z ... execute compile job (compile-file /home/runner/work/gerbil-ascent/gerbil-ascent/.gerbil/lib/asp-gerbil-scheme/src/build-api/source-bootstrap.scm)
2026-10-04T06:36:33.1207244Z ... execute compile job (compile-file /home/runner/work/gerbil-ascent/gerbil-ascent/.gerbil/lib/asp-gerbil-scheme/src/testing/performance~0.scm)
2026-10-04T06:36:33.8543147Z ... execute compile job (compile-file /home/runner/work/gerbil-ascent/gerbil-ascent/.gerbil/lib/asp-gerbil-scheme/src/testing/performance.scm)
2026-10-04T06:36:33.8545261Z ... execute compile job (compile-file /home/runner/work/gerbil-ascent/gerbil-ascent/.gerbil/lib/asp-gerbil-scheme/src/benchmark/framework~0.scm)
2026-10-04T06:36:33.8547388Z ... execute compile job (compile-file /home/runner/work/gerbil-ascent/gerbil-ascent/.gerbil/lib/asp-gerbil-scheme/src/benchmark/framework.scm)
2026-10-04T06:36:33.8549140Z ... execute compile job (compile-file /home/runner/work/gerbil-ascent/gerbil-ascent/.gerbil/lib/asp-gerbil-scheme/src/policy/repair.scm)
2026-10-04T06:36:33.8550848Z ... execute compile job (compile-file /home/runner/work/gerbil-ascent/gerbil-ascent/.gerbil/lib/asp-gerbil-scheme/src/types/validation~0.scm)
2026-10-04T06:36:33.8553146Z ... execute compile job (compile-file /home/runner/work/gerbil-ascent/gerbil-ascent/.gerbil/lib/asp-gerbil-scheme/src/types/validation.scm)
2026-10-04T06:36:33.8554846Z ... execute compile job (compile-file /home/runner/work/gerbil-ascent/gerbil-ascent/.gerbil/lib/asp-gerbil-scheme/src/types/validation~1.scm)
2026-10-04T06:36:33.8556504Z ... execute compile job (compile-file /home/runner/work/gerbil-ascent/gerbil-ascent/.gerbil/lib/asp-gerbil-scheme/benchmark-api.scm)
2026-10-04T06:36:35.3875946Z ... execute compile job (compile-file /home/runner/work/gerbil-ascent/gerbil-ascent/.gerbil/lib/asp-gerbil-scheme/src/extensions/poo-object-validation~0.scm)
2026-10-04T06:36:35.3878666Z ... execute compile job (compile-file /home/runner/work/gerbil-ascent/gerbil-ascent/.gerbil/lib/asp-gerbil-scheme/src/extensions/poo-object-validation.scm)
2026-10-04T06:36:35.3881726Z ... execute compile job (compile-file /home/runner/work/gerbil-ascent/gerbil-ascent/.gerbil/lib/asp-gerbil-scheme/src/parser/typed-contract-scheme~0.scm)
2026-10-04T06:36:35.3884383Z ... execute compile job (compile-file /home/runner/work/gerbil-ascent/gerbil-ascent/.gerbil/lib/asp-gerbil-scheme/src/parser/typed-contract-scheme.scm)
2026-10-04T06:36:35.3886585Z ... execute compile job (compile-file /home/runner/work/gerbil-ascent/gerbil-ascent/.gerbil/lib/asp-gerbil-scheme/src/parser/model~1.scm)
2026-10-04T06:36:35.3889085Z ... execute compile job (compile-file /home/runner/work/gerbil-ascent/gerbil-ascent/.gerbil/lib/asp-gerbil-scheme/src/parser/selectors~0.scm)
2026-10-04T06:36:36.6075014Z ... execute compile job (compile-file /home/runner/work/gerbil-ascent/gerbil-ascent/.gerbil/lib/asp-gerbil-scheme/src/parser/selectors.scm)
2026-10-04T06:36:36.6077408Z ... execute compile job (compile-file /home/runner/work/gerbil-ascent/gerbil-ascent/.gerbil/lib/asp-gerbil-scheme/src/parser/comment-quality-classifier~0.scm)
2026-10-04T06:36:36.6079610Z ... execute compile job (compile-file /home/runner/work/gerbil-ascent/gerbil-ascent/.gerbil/lib/asp-gerbil-scheme/src/parser/comment-quality-classifier.scm)
2026-10-04T06:36:36.6082026Z ... execute compile job (compile-file /home/runner/work/gerbil-ascent/gerbil-ascent/.gerbil/lib/asp-gerbil-scheme/src/parser/quality-shape-loop-driver~0.scm)
2026-10-04T06:36:36.6084165Z ... execute compile job (compile-file /home/runner/work/gerbil-ascent/gerbil-ascent/.gerbil/lib/asp-gerbil-scheme/src/parser/quality-shape-loop-driver.scm)
2026-10-04T06:36:36.6086020Z ... execute compile job (compile-file /home/runner/work/gerbil-ascent/gerbil-ascent/.gerbil/lib/asp-gerbil-scheme/src/parser/function-quality-signals~0.scm)
2026-10-04T06:36:36.6088029Z ... execute compile job (compile-file /home/runner/work/gerbil-ascent/gerbil-ascent/.gerbil/lib/asp-gerbil-scheme/src/parser/function-quality-signals.scm)
2026-10-04T06:36:38.0132078Z ... execute compile job (compile-file /home/runner/work/gerbil-ascent/gerbil-ascent/.gerbil/lib/asp-gerbil-scheme/src/parser/syntax-macro-family~0.scm)
2026-10-04T06:36:38.0133941Z ... execute compile job (compile-file /home/runner/work/gerbil-ascent/gerbil-ascent/.gerbil/lib/asp-gerbil-scheme/src/parser/syntax-macro-family.scm)
2026-10-04T06:36:38.0135642Z ... execute compile job (compile-file /home/runner/work/gerbil-ascent/gerbil-ascent/.gerbil/lib/asp-gerbil-scheme/src/parser/poo~0.scm)
2026-10-04T06:36:38.0137194Z ... execute compile job (compile-file /home/runner/work/gerbil-ascent/gerbil-ascent/.gerbil/lib/asp-gerbil-scheme/src/parser/poo.scm)
2026-10-04T06:36:38.0138777Z ... execute compile job (compile-file /home/runner/work/gerbil-ascent/gerbil-ascent/.gerbil/lib/asp-gerbil-scheme/src/parser/exports~0.scm)
2026-10-04T06:36:38.0140357Z ... execute compile job (compile-file /home/runner/work/gerbil-ascent/gerbil-ascent/.gerbil/lib/asp-gerbil-scheme/src/parser/exports.scm)
2026-10-04T06:36:38.0143019Z ... execute compile job (compile-file /home/runner/work/gerbil-ascent/gerbil-ascent/.gerbil/lib/asp-gerbil-scheme/src/parser/dependency-adapter-quality~0.scm)
2026-10-04T06:36:39.2484247Z ... execute compile job (compile-file /home/runner/work/gerbil-ascent/gerbil-ascent/.gerbil/lib/asp-gerbil-scheme/src/parser/dependency-adapter-quality.scm)
2026-10-04T06:36:39.2512734Z ... execute compile job (compile-file /home/runner/work/gerbil-ascent/gerbil-ascent/.gerbil/lib/asp-gerbil-scheme/src/parser/dependency-adapter-quality~1.scm)
2026-10-04T06:36:39.2542342Z ... execute compile job (compile-file /home/runner/work/gerbil-ascent/gerbil-ascent/.gerbil/lib/asp-gerbil-scheme/src/parser/syntax-ast~0.scm)
2026-10-04T06:36:39.2544152Z ... execute compile job (compile-file /home/runner/work/gerbil-ascent/gerbil-ascent/.gerbil/lib/asp-gerbil-scheme/src/parser/syntax-ast.scm)
2026-10-04T06:36:39.2572660Z ... execute compile job (compile-file /home/runner/work/gerbil-ascent/gerbil-ascent/.gerbil/lib/asp-gerbil-scheme/src/parser/imports~0.scm)
2026-10-04T06:36:39.2602321Z ... execute compile job (compile-file /home/runner/work/gerbil-ascent/gerbil-ascent/.gerbil/lib/asp-gerbil-scheme/src/parser/imports.scm)
2026-10-04T06:36:39.2632322Z ... execute compile job (compile-file /home/runner/work/gerbil-ascent/gerbil-ascent/.gerbil/lib/asp-gerbil-scheme/src/types/source-findings~0.scm)
2026-10-04T06:36:40.9193018Z ... execute compile job (compile-file /home/runner/work/gerbil-ascent/gerbil-ascent/.gerbil/lib/asp-gerbil-scheme/src/types/source-findings.scm)
2026-10-04T06:36:40.9222549Z ... execute compile job (compile-file /home/runner/work/gerbil-ascent/gerbil-ascent/.gerbil/lib/asp-gerbil-scheme/src/parser/source-scope~0.scm)
2026-10-04T06:36:40.9252522Z ... execute compile job (compile-file /home/runner/work/gerbil-ascent/gerbil-ascent/.gerbil/lib/asp-gerbil-scheme/src/parser/source-scope.scm)
2026-10-04T06:36:40.9254346Z ... execute compile job (compile-file /home/runner/work/gerbil-ascent/gerbil-ascent/.gerbil/lib/asp-gerbil-scheme/src/types/env~0.scm)
2026-10-04T06:36:40.9255893Z ... execute compile job (compile-file /home/runner/work/gerbil-ascent/gerbil-ascent/.gerbil/lib/asp-gerbil-scheme/src/types/env.scm)
2026-10-04T06:36:40.9257397Z ... execute compile job (compile-file /home/runner/work/gerbil-ascent/gerbil-ascent/.gerbil/lib/asp-gerbil-scheme/src/types/env~1.scm)
2026-10-04T06:36:40.9258988Z ... execute compile job (compile-file /home/runner/work/gerbil-ascent/gerbil-ascent/.gerbil/lib/asp-gerbil-scheme/src/parser/comment-quality~0.scm)
2026-10-04T06:36:41.6830930Z ... execute compile job (compile-file /home/runner/work/gerbil-ascent/gerbil-ascent/.gerbil/lib/asp-gerbil-scheme/src/parser/comment-quality.scm)
2026-10-04T06:36:41.6867287Z ... execute compile job (compile-file /home/runner/work/gerbil-ascent/gerbil-ascent/.gerbil/lib/asp-gerbil-scheme/src/parser/syntax-support~0.scm)
2026-10-04T06:36:41.6892722Z ... execute compile job (compile-file /home/runner/work/gerbil-ascent/gerbil-ascent/.gerbil/lib/asp-gerbil-scheme/src/parser/syntax-support.scm)
2026-10-04T06:36:41.6925523Z ... execute compile job (compile-file /home/runner/work/gerbil-ascent/gerbil-ascent/.gerbil/lib/asp-gerbil-scheme/src/types/core~0.scm)
2026-10-04T06:36:41.6942525Z ... execute compile job (compile-file /home/runner/work/gerbil-ascent/gerbil-ascent/.gerbil/lib/asp-gerbil-scheme/src/types/core.scm)
2026-10-04T06:36:41.6952772Z ... execute compile job (compile-file /home/runner/work/gerbil-ascent/gerbil-ascent/.gerbil/lib/asp-gerbil-scheme/src/parser/definition-syntax~0.scm)
2026-10-04T06:36:41.6982901Z ... execute compile job (compile-file /home/runner/work/gerbil-ascent/gerbil-ascent/.gerbil/lib/asp-gerbil-scheme/src/parser/definition-syntax.scm)
2026-10-04T06:36:42.6719097Z ... execute compile job (compile-file /home/runner/work/gerbil-ascent/gerbil-ascent/.gerbil/lib/asp-gerbil-scheme/src/parser/syntax-calls~0.scm)
2026-10-04T06:36:42.6721086Z ... execute compile job (compile-file /home/runner/work/gerbil-ascent/gerbil-ascent/.gerbil/lib/asp-gerbil-scheme/src/parser/syntax-calls.scm)
2026-10-04T06:36:42.6723154Z ... execute compile job (compile-file /home/runner/work/gerbil-ascent/gerbil-ascent/.gerbil/lib/asp-gerbil-scheme/src/types/facade.scm)
2026-10-04T06:36:42.6725234Z ... execute compile job (compile-file /home/runner/work/gerbil-ascent/gerbil-ascent/.gerbil/lib/asp-gerbil-scheme/src/parser/exact-owner~0.scm)
2026-10-04T06:36:42.6727027Z ... execute compile job (compile-file /home/runner/work/gerbil-ascent/gerbil-ascent/.gerbil/lib/asp-gerbil-scheme/src/parser/exact-owner.scm)
2026-10-04T06:36:42.6728833Z ... execute compile job (compile-file /home/runner/work/gerbil-ascent/gerbil-ascent/.gerbil/lib/asp-gerbil-scheme/src/parser/syntax~0.scm)
2026-10-04T06:36:42.6730645Z ... execute compile job (compile-file /home/runner/work/gerbil-ascent/gerbil-ascent/.gerbil/lib/asp-gerbil-scheme/src/parser/syntax.scm)
2026-10-04T06:36:42.6732924Z ... execute compile job (compile-file /home/runner/work/gerbil-ascent/gerbil-ascent/.gerbil/lib/asp-gerbil-scheme/src/commands/projection-batch~0.scm)
2026-10-04T06:36:44.6285579Z ... execute compile job (compile-file /home/runner/work/gerbil-ascent/gerbil-ascent/.gerbil/lib/asp-gerbil-scheme/src/commands/projection-batch.scm)
2026-10-04T06:36:44.6312707Z ... execute compile job (compile-file /home/runner/work/gerbil-ascent/gerbil-ascent/.gerbil/lib/asp-gerbil-scheme/src/parser/quality-shape~0.scm)
2026-10-04T06:36:44.6342807Z ... execute compile job (compile-file /home/runner/work/gerbil-ascent/gerbil-ascent/.gerbil/lib/asp-gerbil-scheme/src/parser/quality-shape.scm)
2026-10-04T06:36:44.6372577Z ... execute compile job (compile-file /home/runner/work/gerbil-ascent/gerbil-ascent/.gerbil/lib/asp-gerbil-scheme/src/parser/control-flow~0.scm)
2026-10-04T06:36:44.6402649Z ... execute compile job (compile-file /home/runner/work/gerbil-ascent/gerbil-ascent/.gerbil/lib/asp-gerbil-scheme/src/parser/control-flow.scm)
2026-10-04T06:36:44.6432597Z ... execute compile job (compile-file /home/runner/work/gerbil-ascent/gerbil-ascent/.gerbil/lib/asp-gerbil-scheme/src/parser/owner-items~0.scm)
2026-10-04T06:36:44.6434394Z ... execute compile job (compile-file /home/runner/work/gerbil-ascent/gerbil-ascent/.gerbil/lib/asp-gerbil-scheme/src/parser/owner-items.scm)
2026-10-04T06:36:46.1319435Z ... execute compile job (compile-file /home/runner/work/gerbil-ascent/gerbil-ascent/.gerbil/lib/asp-gerbil-scheme/src/parser/higher-order~0.scm)
2026-10-04T06:36:46.1343348Z ... execute compile job (compile-file /home/runner/work/gerbil-ascent/gerbil-ascent/.gerbil/lib/asp-gerbil-scheme/src/parser/higher-order.scm)
2026-10-04T06:36:46.1372949Z ... execute compile job (compile-file /home/runner/work/gerbil-ascent/gerbil-ascent/.gerbil/lib/asp-gerbil-scheme/src/exact-source-projection~0.scm)
2026-10-04T06:36:46.1392823Z ... execute compile job (compile-file /home/runner/work/gerbil-ascent/gerbil-ascent/.gerbil/lib/asp-gerbil-scheme/src/exact-source-projection.scm)
2026-10-04T06:36:46.1412737Z ... execute compile job (compile-file /home/runner/work/gerbil-ascent/gerbil-ascent/.gerbil/lib/asp-gerbil-scheme/src/parser/function-quality~0.scm)
2026-10-04T06:36:46.1432687Z ... execute compile job (compile-file /home/runner/work/gerbil-ascent/gerbil-ascent/.gerbil/lib/asp-gerbil-scheme/src/parser/function-quality.scm)
2026-10-04T06:36:46.1462664Z ... execute compile job (compile-file /home/runner/work/gerbil-ascent/gerbil-ascent/.gerbil/lib/asp-gerbil-scheme/src/support/io~0.scm)
2026-10-04T06:36:46.8045933Z ... execute compile job (compile-file /home/runner/work/gerbil-ascent/gerbil-ascent/.gerbil/lib/asp-gerbil-scheme/src/support/io.scm)
2026-10-04T06:36:46.8073132Z ... execute compile job (compile-file /home/runner/work/gerbil-ascent/gerbil-ascent/.gerbil/lib/asp-gerbil-scheme/src/parser/runtime-contract~0.scm)
2026-10-04T06:36:46.8102776Z ... execute compile job (compile-file /home/runner/work/gerbil-ascent/gerbil-ascent/.gerbil/lib/asp-gerbil-scheme/src/parser/runtime-contract.scm)
2026-10-04T06:36:46.8125298Z ... execute compile job (compile-file /home/runner/work/gerbil-ascent/gerbil-ascent/.gerbil/lib/asp-gerbil-scheme/src/format/files~0.scm)
2026-10-04T06:36:46.8132725Z ... execute compile job (compile-file /home/runner/work/gerbil-ascent/gerbil-ascent/.gerbil/lib/asp-gerbil-scheme/src/format/files.scm)
2026-10-04T06:36:46.8162907Z ... execute compile job (compile-file /home/runner/work/gerbil-ascent/gerbil-ascent/.gerbil/lib/asp-gerbil-scheme/src/parser/typed-comment-metadata~0.scm)
2026-10-04T06:36:46.8192558Z ... execute compile job (compile-file /home/runner/work/gerbil-ascent/gerbil-ascent/.gerbil/lib/asp-gerbil-scheme/src/parser/typed-comment-metadata.scm)
2026-10-04T06:36:48.1101209Z ... execute compile job (compile-file /home/runner/work/gerbil-ascent/gerbil-ascent/.gerbil/lib/asp-gerbil-scheme/src/format/facade.scm)
2026-10-04T06:36:48.1105594Z ... execute compile job (compile-file /home/runner/work/gerbil-ascent/gerbil-ascent/.gerbil/lib/asp-gerbil-scheme/src/parser/typed-contract-diagnostics~0.scm)
2026-10-04T06:36:48.1117446Z ... execute compile job (compile-file /home/runner/work/gerbil-ascent/gerbil-ascent/.gerbil/lib/asp-gerbil-scheme/src/parser/typed-contract-diagnostics.scm)
2026-10-04T06:36:48.1133860Z ... execute compile job (compile-file /home/runner/work/gerbil-ascent/gerbil-ascent/.gerbil/lib/asp-gerbil-scheme/src/parser/typed-contract-comment-index~0.scm)
2026-10-04T06:36:48.1136089Z ... execute compile job (compile-file /home/runner/work/gerbil-ascent/gerbil-ascent/.gerbil/lib/asp-gerbil-scheme/src/parser/typed-contract-comment-index.scm)
2026-10-04T06:36:48.1138132Z ... execute compile job (compile-file /home/runner/work/gerbil-ascent/gerbil-ascent/.gerbil/lib/asp-gerbil-scheme/src/parser/typed-contract~0.scm)
2026-10-04T06:36:48.1140402Z ... execute compile job (compile-file /home/runner/work/gerbil-ascent/gerbil-ascent/.gerbil/lib/asp-gerbil-scheme/src/parser/typed-contract.scm)
2026-10-04T06:36:49.0046874Z ... execute compile job (compile-file /home/runner/work/gerbil-ascent/gerbil-ascent/.gerbil/lib/asp-gerbil-scheme/src/parser/source-file~0.scm)
2026-10-04T06:36:49.0048996Z ... execute compile job (compile-file /home/runner/work/gerbil-ascent/gerbil-ascent/.gerbil/lib/asp-gerbil-scheme/src/parser/source-file.scm)
2026-10-04T06:36:49.0051185Z ... execute compile job (compile-file /home/runner/work/gerbil-ascent/gerbil-ascent/.gerbil/lib/asp-gerbil-scheme/src/parser/parse-workers~0.scm)
2026-10-04T06:36:49.0054203Z ... execute compile job (compile-file /home/runner/work/gerbil-ascent/gerbil-ascent/.gerbil/lib/asp-gerbil-scheme/src/parser/parse-workers.scm)
2026-10-04T06:36:49.0056200Z ... execute compile job (compile-file /home/runner/work/gerbil-ascent/gerbil-ascent/.gerbil/lib/asp-gerbil-scheme/src/parser/test-source-scope~0.scm)
2026-10-04T06:36:49.0058275Z ... execute compile job (compile-file /home/runner/work/gerbil-ascent/gerbil-ascent/.gerbil/lib/asp-gerbil-scheme/src/parser/test-source-scope.scm)
2026-10-04T06:36:49.0060256Z ... execute compile job (compile-file /home/runner/work/gerbil-ascent/gerbil-ascent/.gerbil/lib/asp-gerbil-scheme/src/parser/core~0.scm)
2026-10-04T06:36:49.5932597Z ... execute compile job (compile-file /home/runner/work/gerbil-ascent/gerbil-ascent/.gerbil/lib/asp-gerbil-scheme/src/parser/core.scm)
2026-10-04T06:36:49.5934792Z ... execute compile job (compile-file /home/runner/work/gerbil-ascent/gerbil-ascent/.gerbil/lib/asp-gerbil-scheme/src/parser/facade.scm)
2026-10-04T06:36:49.5936964Z ... execute compile job (compile-file /home/runner/work/gerbil-ascent/gerbil-ascent/.gerbil/lib/asp-gerbil-scheme/src/policy/agent-basic-loop-support~0.scm)
2026-10-04T06:36:49.5939295Z ... execute compile job (compile-file /home/runner/work/gerbil-ascent/gerbil-ascent/.gerbil/lib/asp-gerbil-scheme/src/policy/agent-basic-loop-support.scm)
2026-10-04T06:36:49.5941659Z ... execute compile job (compile-file /home/runner/work/gerbil-ascent/gerbil-ascent/.gerbil/lib/asp-gerbil-scheme/src/policy/agent-support~0.scm)
2026-10-04T06:36:49.5943817Z ... execute compile job (compile-file /home/runner/work/gerbil-ascent/gerbil-ascent/.gerbil/lib/asp-gerbil-scheme/src/policy/agent-support.scm)
2026-10-04T06:36:49.5945920Z ... execute compile job (compile-file /home/runner/work/gerbil-ascent/gerbil-ascent/.gerbil/lib/asp-gerbil-scheme/src/policy/agent-style-message~0.scm)
2026-10-04T06:36:50.1529122Z ... execute compile job (compile-file /home/runner/work/gerbil-ascent/gerbil-ascent/.gerbil/lib/asp-gerbil-scheme/src/policy/agent-style-message.scm)
2026-10-04T06:36:50.1532247Z ... execute compile job (compile-file /home/runner/work/gerbil-ascent/gerbil-ascent/.gerbil/lib/asp-gerbil-scheme/src/policy/agent-style-destructuring-signals~0.scm)
2026-10-04T06:36:50.1535119Z ... execute compile job (compile-file /home/runner/work/gerbil-ascent/gerbil-ascent/.gerbil/lib/asp-gerbil-scheme/src/policy/agent-style-destructuring-signals.scm)
2026-10-04T06:36:50.1537837Z ... execute compile job (compile-file /home/runner/work/gerbil-ascent/gerbil-ascent/.gerbil/lib/asp-gerbil-scheme/src/policy/agent-style-gerbil-signal-support~0.scm)
2026-10-04T06:36:50.1540356Z ... execute compile job (compile-file /home/runner/work/gerbil-ascent/gerbil-ascent/.gerbil/lib/asp-gerbil-scheme/src/policy/agent-style-gerbil-signal-support.scm)
2026-10-04T06:36:50.1543611Z ... execute compile job (compile-file /home/runner/work/gerbil-ascent/gerbil-ascent/.gerbil/lib/asp-gerbil-scheme/src/policy/agent-poo-loop-support~0.scm)
2026-10-04T06:36:50.6693741Z ... execute compile job (compile-file /home/runner/work/gerbil-ascent/gerbil-ascent/.gerbil/lib/asp-gerbil-scheme/src/policy/agent-poo-loop-support.scm)
2026-10-04T06:36:50.6703395Z ... execute compile job (compile-file /home/runner/work/gerbil-ascent/gerbil-ascent/.gerbil/lib/asp-gerbil-scheme/src/parser/language-projection~0.scm)
2026-10-04T06:36:50.6729631Z ... execute compile job (compile-file /home/runner/work/gerbil-ascent/gerbil-ascent/.gerbil/lib/asp-gerbil-scheme/src/parser/language-projection.scm)
2026-10-04T06:36:50.6732210Z ... execute compile job (compile-file /home/runner/work/gerbil-ascent/gerbil-ascent/.gerbil/lib/asp-gerbil-scheme/src/snapshot/support~0.scm)
2026-10-04T06:36:50.6734330Z ... execute compile job (compile-file /home/runner/work/gerbil-ascent/gerbil-ascent/.gerbil/lib/asp-gerbil-scheme/src/snapshot/support.scm)
2026-10-04T06:36:50.6736554Z ... execute compile job (compile-file /home/runner/work/gerbil-ascent/gerbil-ascent/.gerbil/lib/asp-gerbil-scheme/src/policy/agent-style-performance-signals~0.scm)
2026-10-04T06:36:50.6738962Z ... execute compile job (compile-file /home/runner/work/gerbil-ascent/gerbil-ascent/.gerbil/lib/asp-gerbil-scheme/src/policy/agent-style-performance-signals.scm)
2026-10-04T06:36:51.3931884Z ... execute compile job (compile-file /home/runner/work/gerbil-ascent/gerbil-ascent/.gerbil/lib/asp-gerbil-scheme/src/parser/query~0.scm)
2026-10-04T06:36:51.3933603Z ... execute compile job (compile-file /home/runner/work/gerbil-ascent/gerbil-ascent/.gerbil/lib/asp-gerbil-scheme/src/parser/query.scm)
2026-10-04T06:36:51.3935347Z ... execute compile job (compile-file /home/runner/work/gerbil-ascent/gerbil-ascent/.gerbil/lib/asp-gerbil-scheme/src/policy/dependency-adapter-profile~0.scm)
2026-10-04T06:36:51.3937289Z ... execute compile job (compile-file /home/runner/work/gerbil-ascent/gerbil-ascent/.gerbil/lib/asp-gerbil-scheme/src/policy/dependency-adapter-profile.scm)
2026-10-04T06:36:51.3939163Z ... execute compile job (compile-file /home/runner/work/gerbil-ascent/gerbil-ascent/.gerbil/lib/asp-gerbil-scheme/src/policy/agent-poo-object-literal~0.scm)
2026-10-04T06:36:51.3941112Z ... execute compile job (compile-file /home/runner/work/gerbil-ascent/gerbil-ascent/.gerbil/lib/asp-gerbil-scheme/src/policy/agent-poo-object-literal.scm)
2026-10-04T06:36:51.3943394Z ... execute compile job (compile-file /home/runner/work/gerbil-ascent/gerbil-ascent/.gerbil/lib/asp-gerbil-scheme/src/policy/agent-build~0.scm)
2026-10-04T06:36:52.1879290Z ... execute compile job (compile-file /home/runner/work/gerbil-ascent/gerbil-ascent/.gerbil/lib/asp-gerbil-scheme/src/policy/agent-build.scm)
2026-10-04T06:36:52.1903348Z ... execute compile job (compile-file /home/runner/work/gerbil-ascent/gerbil-ascent/.gerbil/lib/asp-gerbil-scheme/src/policy/agent-string-growth~0.scm)
2026-10-04T06:36:52.1934184Z ... execute compile job (compile-file /home/runner/work/gerbil-ascent/gerbil-ascent/.gerbil/lib/asp-gerbil-scheme/src/policy/agent-string-growth.scm)
2026-10-04T06:36:52.1962661Z ... execute compile job (compile-file /home/runner/work/gerbil-ascent/gerbil-ascent/.gerbil/lib/asp-gerbil-scheme/src/policy/agent-list-random-access~0.scm)
2026-10-04T06:36:52.1982586Z ... execute compile job (compile-file /home/runner/work/gerbil-ascent/gerbil-ascent/.gerbil/lib/asp-gerbil-scheme/src/policy/agent-list-random-access.scm)
2026-10-04T06:36:52.1992709Z ... execute compile job (compile-file /home/runner/work/gerbil-ascent/gerbil-ascent/.gerbil/lib/asp-gerbil-scheme/src/policy/modularity~0.scm)
2026-10-04T06:36:52.2003086Z ... execute compile job (compile-file /home/runner/work/gerbil-ascent/gerbil-ascent/.gerbil/lib/asp-gerbil-scheme/src/policy/modularity.scm)
2026-10-04T06:36:52.9715372Z ... execute compile job (compile-file /home/runner/work/gerbil-ascent/gerbil-ascent/.gerbil/lib/asp-gerbil-scheme/src/policy/agent-list-growth~0.scm)
2026-10-04T06:36:52.9717485Z ... execute compile job (compile-file /home/runner/work/gerbil-ascent/gerbil-ascent/.gerbil/lib/asp-gerbil-scheme/src/policy/agent-list-growth.scm)
2026-10-04T06:36:52.9719548Z ... execute compile job (compile-file /home/runner/work/gerbil-ascent/gerbil-ascent/.gerbil/lib/asp-gerbil-scheme/src/policy/agent-alist-access~0.scm)
2026-10-04T06:36:52.9722215Z ... execute compile job (compile-file /home/runner/work/gerbil-ascent/gerbil-ascent/.gerbil/lib/asp-gerbil-scheme/src/policy/agent-alist-access.scm)
2026-10-04T06:36:52.9724157Z ... execute compile job (compile-file /home/runner/work/gerbil-ascent/gerbil-ascent/.gerbil/lib/asp-gerbil-scheme/src/policy/agent-macro-io~0.scm)
2026-10-04T06:36:52.9726268Z ... execute compile job (compile-file /home/runner/work/gerbil-ascent/gerbil-ascent/.gerbil/lib/asp-gerbil-scheme/src/policy/agent-macro-io.scm)
2026-10-04T06:36:53.5931831Z ... execute compile job (compile-file /home/runner/work/gerbil-ascent/gerbil-ascent/.gerbil/lib/asp-gerbil-scheme/src/policy/agent-anonymous-pair~0.scm)
2026-10-04T06:36:53.5955539Z ... execute compile job (compile-file /home/runner/work/gerbil-ascent/gerbil-ascent/.gerbil/lib/asp-gerbil-scheme/src/policy/agent-anonymous-pair.scm)
2026-10-04T06:36:53.5983921Z ... execute compile job (compile-file /home/runner/work/gerbil-ascent/gerbil-ascent/.gerbil/lib/asp-gerbil-scheme/src/policy/agent-source-scope~0.scm)
2026-10-04T06:36:53.6012808Z ... execute compile job (compile-file /home/runner/work/gerbil-ascent/gerbil-ascent/.gerbil/lib/asp-gerbil-scheme/src/policy/agent-source-scope.scm)
2026-10-04T06:36:53.6037845Z ... execute compile job (compile-file /home/runner/work/gerbil-ascent/gerbil-ascent/.gerbil/lib/asp-gerbil-scheme/src/protocol/function-quality-facts~0.scm)
2026-10-04T06:36:53.6054324Z ... execute compile job (compile-file /home/runner/work/gerbil-ascent/gerbil-ascent/.gerbil/lib/asp-gerbil-scheme/src/protocol/function-quality-facts.scm)
2026-10-04T06:36:53.6070872Z ... execute compile job (compile-file /home/runner/work/gerbil-ascent/gerbil-ascent/.gerbil/lib/asp-gerbil-scheme/src/protocol/quality-shape-facts~0.scm)
2026-10-04T06:36:54.7144859Z ... execute compile job (compile-file /home/runner/work/gerbil-ascent/gerbil-ascent/.gerbil/lib/asp-gerbil-scheme/src/protocol/quality-shape-facts.scm)
2026-10-04T06:36:54.7173633Z ... execute compile job (compile-file /home/runner/work/gerbil-ascent/gerbil-ascent/.gerbil/lib/asp-gerbil-scheme/src/language/capability~0.scm)
2026-10-04T06:36:54.7183046Z ... execute compile job (compile-file /home/runner/work/gerbil-ascent/gerbil-ascent/.gerbil/lib/asp-gerbil-scheme/src/language/capability.scm)
2026-10-04T06:36:54.7185195Z ... execute compile job (compile-file /home/runner/work/gerbil-ascent/gerbil-ascent/.gerbil/lib/asp-gerbil-scheme/src/protocol/registry~0.scm)
2026-10-04T06:36:54.7187118Z ... execute compile job (compile-file /home/runner/work/gerbil-ascent/gerbil-ascent/.gerbil/lib/asp-gerbil-scheme/src/protocol/registry.scm)
2026-10-04T06:36:54.7189440Z ... execute compile job (compile-file /home/runner/work/gerbil-ascent/gerbil-ascent/.gerbil/lib/asp-gerbil-scheme/src/policy/agent-package-build-system~0.scm)
2026-10-04T06:36:54.7192307Z ... execute compile job (compile-file /home/runner/work/gerbil-ascent/gerbil-ascent/.gerbil/lib/asp-gerbil-scheme/src/policy/agent-package-build-system.scm)
2026-10-04T06:36:55.6974795Z ... execute compile job (compile-file /home/runner/work/gerbil-ascent/gerbil-ascent/.gerbil/lib/asp-gerbil-scheme/src/policy/repair-calibration~0.scm)
2026-10-04T06:36:55.7003000Z ... execute compile job (compile-file /home/runner/work/gerbil-ascent/gerbil-ascent/.gerbil/lib/asp-gerbil-scheme/src/policy/repair-calibration.scm)
2026-10-04T06:36:55.7032713Z ... execute compile job (compile-file /home/runner/work/gerbil-ascent/gerbil-ascent/.gerbil/lib/asp-gerbil-scheme/src/commands/guide~0.scm)
2026-10-04T06:36:55.7062693Z ... execute compile job (compile-file /home/runner/work/gerbil-ascent/gerbil-ascent/.gerbil/lib/asp-gerbil-scheme/src/commands/guide.scm)
2026-10-04T06:36:55.7064692Z ... execute compile job (compile-file /home/runner/work/gerbil-ascent/gerbil-ascent/.gerbil/lib/asp-gerbil-scheme/src/commands/guide~1.scm)
2026-10-04T06:36:55.7092876Z ... execute compile job (compile-file /home/runner/work/gerbil-ascent/gerbil-ascent/.gerbil/lib/asp-gerbil-scheme/src/policy/agent-style-docs~0.scm)
2026-10-04T06:36:55.7122540Z ... execute compile job (compile-file /home/runner/work/gerbil-ascent/gerbil-ascent/.gerbil/lib/asp-gerbil-scheme/src/policy/agent-style-docs.scm)
2026-10-04T06:36:56.6293210Z ... execute compile job (compile-file /home/runner/work/gerbil-ascent/gerbil-ascent/.gerbil/lib/asp-gerbil-scheme/src/policy/agent-comment~0.scm)
2026-10-04T06:36:56.6323170Z ... execute compile job (compile-file /home/runner/work/gerbil-ascent/gerbil-ascent/.gerbil/lib/asp-gerbil-scheme/src/policy/agent-comment.scm)
2026-10-04T06:36:56.6352709Z ... execute compile job (compile-file /home/runner/work/gerbil-ascent/gerbil-ascent/.gerbil/lib/asp-gerbil-scheme/src/policy/agent-import~0.scm)
2026-10-04T06:36:56.6382629Z ... execute compile job (compile-file /home/runner/work/gerbil-ascent/gerbil-ascent/.gerbil/lib/asp-gerbil-scheme/src/policy/agent-import.scm)
2026-10-04T06:36:56.6384691Z ... execute compile job (compile-file /home/runner/work/gerbil-ascent/gerbil-ascent/.gerbil/lib/asp-gerbil-scheme/src/policy/agent-style-gerbil-boundary-signals~0.scm)
2026-10-04T06:36:56.6386861Z ... execute compile job (compile-file /home/runner/work/gerbil-ascent/gerbil-ascent/.gerbil/lib/asp-gerbil-scheme/src/policy/agent-style-gerbil-boundary-signals.scm)
2026-10-04T06:36:56.6388881Z ... execute compile job (compile-file /home/runner/work/gerbil-ascent/gerbil-ascent/.gerbil/lib/asp-gerbil-scheme/src/policy/gerbil-utils-source~0.scm)
2026-10-04T06:36:57.9944756Z ... execute compile job (compile-file /home/runner/work/gerbil-ascent/gerbil-ascent/.gerbil/lib/asp-gerbil-scheme/src/policy/gerbil-utils-source.scm)
2026-10-04T06:36:57.9972130Z ... execute compile job (compile-file /home/runner/work/gerbil-ascent/gerbil-ascent/.gerbil/lib/asp-gerbil-scheme/src/policy/agent-style-gerbil-macro-signals~0.scm)
2026-10-04T06:36:58.0002617Z ... execute compile job (compile-file /home/runner/work/gerbil-ascent/gerbil-ascent/.gerbil/lib/asp-gerbil-scheme/src/policy/agent-style-gerbil-macro-signals.scm)
2026-10-04T06:36:58.0032354Z ... execute compile job (compile-file /home/runner/work/gerbil-ascent/gerbil-ascent/.gerbil/lib/asp-gerbil-scheme/src/snapshot/parser~0.scm)
2026-10-04T06:36:58.0034151Z ... execute compile job (compile-file /home/runner/work/gerbil-ascent/gerbil-ascent/.gerbil/lib/asp-gerbil-scheme/src/snapshot/parser.scm)
2026-10-04T06:36:58.0062587Z ... execute compile job (compile-file /home/runner/work/gerbil-ascent/gerbil-ascent/.gerbil/lib/asp-gerbil-scheme/src/policy/agent-dependency-adapter~0.scm)
2026-10-04T06:36:58.0092669Z ... execute compile job (compile-file /home/runner/work/gerbil-ascent/gerbil-ascent/.gerbil/lib/asp-gerbil-scheme/src/policy/agent-dependency-adapter.scm)
2026-10-04T06:36:59.4766433Z ... execute compile job (compile-file /home/runner/work/gerbil-ascent/gerbil-ascent/.gerbil/lib/asp-gerbil-scheme/src/policy/agent-poo-loop-performance~0.scm)
2026-10-04T06:36:59.4769212Z ... execute compile job (compile-file /home/runner/work/gerbil-ascent/gerbil-ascent/.gerbil/lib/asp-gerbil-scheme/src/policy/agent-poo-loop-performance.scm)
2026-10-04T06:36:59.4771734Z ... execute compile job (compile-file /home/runner/work/gerbil-ascent/gerbil-ascent/.gerbil/lib/asp-gerbil-scheme/src/protocol/structural-facts~0.scm)
2026-10-04T06:36:59.4774012Z ... execute compile job (compile-file /home/runner/work/gerbil-ascent/gerbil-ascent/.gerbil/lib/asp-gerbil-scheme/src/protocol/structural-facts.scm)
2026-10-04T06:36:59.4776086Z ... execute compile job (compile-file /home/runner/work/gerbil-ascent/gerbil-ascent/.gerbil/lib/asp-gerbil-scheme/src/language/facade.scm)
2026-10-04T06:36:59.4778136Z ... execute compile job (compile-file /home/runner/work/gerbil-ascent/gerbil-ascent/.gerbil/lib/asp-gerbil-scheme/src/policy/agent-build-runtime~0.scm)
2026-10-04T06:37:01.2953081Z ... execute compile job (compile-file /home/runner/work/gerbil-ascent/gerbil-ascent/.gerbil/lib/asp-gerbil-scheme/src/policy/agent-build-runtime.scm)
2026-10-04T06:37:01.2983019Z ... execute compile job (compile-file /home/runner/work/gerbil-ascent/gerbil-ascent/.gerbil/lib/asp-gerbil-scheme/src/policy/agent-style-shape~0.scm)
2026-10-04T06:37:01.3012965Z ... execute compile job (compile-file /home/runner/work/gerbil-ascent/gerbil-ascent/.gerbil/lib/asp-gerbil-scheme/src/policy/agent-style-shape.scm)
2026-10-04T06:37:01.3042905Z ... execute compile job (compile-file /home/runner/work/gerbil-ascent/gerbil-ascent/.gerbil/lib/asp-gerbil-scheme/src/policy/agent-macro-protocol~0.scm)
2026-10-04T06:37:01.3045339Z ... execute compile job (compile-file /home/runner/work/gerbil-ascent/gerbil-ascent/.gerbil/lib/asp-gerbil-scheme/src/policy/agent-macro-protocol.scm)
2026-10-04T06:37:01.3072949Z ... execute compile job (compile-file /home/runner/work/gerbil-ascent/gerbil-ascent/.gerbil/lib/asp-gerbil-scheme/src/policy/agent-style-gerbil-signals~0.scm)
2026-10-04T06:37:01.3102745Z ... execute compile job (compile-file /home/runner/work/gerbil-ascent/gerbil-ascent/.gerbil/lib/asp-gerbil-scheme/src/policy/agent-style-gerbil-signals.scm)
2026-10-04T06:37:02.7399922Z ... execute compile job (compile-file /home/runner/work/gerbil-ascent/gerbil-ascent/.gerbil/lib/asp-gerbil-scheme/src/policy/agent-poo~0.scm)
2026-10-04T06:37:02.7445684Z ... execute compile job (compile-file /home/runner/work/gerbil-ascent/gerbil-ascent/.gerbil/lib/asp-gerbil-scheme/src/policy/agent-poo.scm)
2026-10-04T06:37:02.7449394Z ... execute compile job (compile-file /home/runner/work/gerbil-ascent/gerbil-ascent/.gerbil/lib/asp-gerbil-scheme/src/protocol/structural-index~0.scm)
2026-10-04T06:37:02.7451872Z ... execute compile job (compile-file /home/runner/work/gerbil-ascent/gerbil-ascent/.gerbil/lib/asp-gerbil-scheme/src/protocol/structural-index.scm)
2026-10-04T06:37:02.7456443Z ... execute compile job (compile-file /home/runner/work/gerbil-ascent/gerbil-ascent/.gerbil/lib/asp-gerbil-scheme/src/macro-governance/admission~0.scm)
2026-10-04T06:37:02.7458546Z ... execute compile job (compile-file /home/runner/work/gerbil-ascent/gerbil-ascent/.gerbil/lib/asp-gerbil-scheme/src/macro-governance/admission.scm)
2026-10-04T06:37:02.7460567Z ... execute compile job (compile-file /home/runner/work/gerbil-ascent/gerbil-ascent/.gerbil/lib/asp-gerbil-scheme/src/policy/agent-style-quality~0.scm)
2026-10-04T06:37:03.6672928Z ... execute compile job (compile-file /home/runner/work/gerbil-ascent/gerbil-ascent/.gerbil/lib/asp-gerbil-scheme/src/policy/agent-style-quality.scm)
2026-10-04T06:37:03.6703152Z ... execute compile job (compile-file /home/runner/work/gerbil-ascent/gerbil-ascent/.gerbil/lib/asp-gerbil-scheme/src/policy/agent-style-details~0.scm)
2026-10-04T06:37:03.6732721Z ... execute compile job (compile-file /home/runner/work/gerbil-ascent/gerbil-ascent/.gerbil/lib/asp-gerbil-scheme/src/policy/agent-style-details.scm)
2026-10-04T06:37:03.6753331Z ... execute compile job (compile-file /home/runner/work/gerbil-ascent/gerbil-ascent/.gerbil/lib/asp-gerbil-scheme/src/policy/agent-basic~0.scm)
2026-10-04T06:37:03.6782834Z ... execute compile job (compile-file /home/runner/work/gerbil-ascent/gerbil-ascent/.gerbil/lib/asp-gerbil-scheme/src/policy/agent-basic.scm)
2026-10-04T06:37:03.6792605Z ... execute compile job (compile-file /home/runner/work/gerbil-ascent/gerbil-ascent/.gerbil/lib/asp-gerbil-scheme/src/commands/projection~0.scm)
2026-10-04T06:37:03.6823109Z ... execute compile job (compile-file /home/runner/work/gerbil-ascent/gerbil-ascent/.gerbil/lib/asp-gerbil-scheme/src/commands/projection.scm)
2026-10-04T06:37:04.3178067Z ... execute compile job (compile-file /home/runner/work/gerbil-ascent/gerbil-ascent/.gerbil/lib/asp-gerbil-scheme/src/macro-governance/facade.scm)
2026-10-04T06:37:04.3202920Z ... execute compile job (compile-file /home/runner/work/gerbil-ascent/gerbil-ascent/.gerbil/lib/asp-gerbil-scheme/src/policy/agent-style~0.scm)
2026-10-04T06:37:04.3232742Z ... execute compile job (compile-file /home/runner/work/gerbil-ascent/gerbil-ascent/.gerbil/lib/asp-gerbil-scheme/src/policy/agent-style.scm)
2026-10-04T06:37:04.3262611Z ... execute compile job (compile-file /home/runner/work/gerbil-ascent/gerbil-ascent/.gerbil/lib/asp-gerbil-scheme/src/policy/streaming~0.scm)
2026-10-04T06:37:04.3267161Z ... execute compile job (compile-file /home/runner/work/gerbil-ascent/gerbil-ascent/.gerbil/lib/asp-gerbil-scheme/src/policy/streaming.scm)
2026-10-04T06:37:04.3292570Z ... execute compile job (compile-file /home/runner/work/gerbil-ascent/gerbil-ascent/.gerbil/lib/asp-gerbil-scheme/src/policy/agent~0.scm)
2026-10-04T06:37:04.3322554Z ... execute compile job (compile-file /home/runner/work/gerbil-ascent/gerbil-ascent/.gerbil/lib/asp-gerbil-scheme/src/policy/agent.scm)
2026-10-04T06:37:04.8180264Z ... execute compile job (compile-file /home/runner/work/gerbil-ascent/gerbil-ascent/.gerbil/lib/asp-gerbil-scheme/src/package-manager/core~0.scm)
2026-10-04T06:37:04.8183054Z ... execute compile job (compile-file /home/runner/work/gerbil-ascent/gerbil-ascent/.gerbil/lib/asp-gerbil-scheme/src/package-manager/core.scm)
2026-10-04T06:37:04.8185262Z ... execute compile job (compile-file /home/runner/work/gerbil-ascent/gerbil-ascent/.gerbil/lib/asp-gerbil-scheme/src/policy/core~0.scm)
2026-10-04T06:37:04.8187547Z ... execute compile job (compile-file /home/runner/work/gerbil-ascent/gerbil-ascent/.gerbil/lib/asp-gerbil-scheme/src/policy/core.scm)
2026-10-04T06:37:04.8189687Z ... execute compile job (compile-file /home/runner/work/gerbil-ascent/gerbil-ascent/.gerbil/lib/asp-gerbil-scheme/src/policy/gxtest-runtime~0.scm)
2026-10-04T06:37:04.8192114Z ... execute compile job (compile-file /home/runner/work/gerbil-ascent/gerbil-ascent/.gerbil/lib/asp-gerbil-scheme/src/policy/gxtest-runtime.scm)
2026-10-04T06:37:04.8194223Z ... execute compile job (compile-file /home/runner/work/gerbil-ascent/gerbil-ascent/.gerbil/lib/asp-gerbil-scheme/src/build-api/policy-runner~0.scm)
2026-10-04T06:37:05.6823297Z ... execute compile job (compile-file /home/runner/work/gerbil-ascent/gerbil-ascent/.gerbil/lib/asp-gerbil-scheme/src/build-api/policy-runner.scm)
2026-10-04T06:37:05.6851769Z ... execute compile job (compile-file /home/runner/work/gerbil-ascent/gerbil-ascent/.gerbil/lib/asp-gerbil-scheme/src/policy/facade.scm)
2026-10-04T06:37:05.6882698Z ... execute compile job (compile-file /home/runner/work/gerbil-ascent/gerbil-ascent/.gerbil/lib/asp-gerbil-scheme/src/policy/gxtest-report~0.scm)
2026-10-04T06:37:05.6912723Z ... execute compile job (compile-file /home/runner/work/gerbil-ascent/gerbil-ascent/.gerbil/lib/asp-gerbil-scheme/src/policy/gxtest-report.scm)
2026-10-04T06:37:05.6942520Z ... execute compile job (compile-file /home/runner/work/gerbil-ascent/gerbil-ascent/.gerbil/lib/asp-gerbil-scheme/src/scenario/policy~0.scm)
2026-10-04T06:37:05.6944273Z ... execute compile job (compile-file /home/runner/work/gerbil-ascent/gerbil-ascent/.gerbil/lib/asp-gerbil-scheme/src/scenario/policy.scm)
2026-10-04T06:37:05.6972917Z ... execute compile job (compile-file /home/runner/work/gerbil-ascent/gerbil-ascent/.gerbil/lib/asp-gerbil-scheme/src/policy/gxtest~0.scm)
2026-10-04T06:37:05.7002396Z ... execute compile job (compile-file /home/runner/work/gerbil-ascent/gerbil-ascent/.gerbil/lib/asp-gerbil-scheme/src/policy/gxtest.scm)
2026-10-04T06:37:06.5265355Z ... execute compile job (compile-file /home/runner/work/gerbil-ascent/gerbil-ascent/.gerbil/lib/asp-gerbil-scheme/src/policy/gxtest~1.scm)
2026-10-04T06:37:06.5267799Z ... execute compile job (compile-file /home/runner/work/gerbil-ascent/gerbil-ascent/.gerbil/lib/asp-gerbil-scheme/src/package-manager/facade.scm)
2026-10-04T06:37:06.5269615Z ... execute compile job (compile-file /home/runner/work/gerbil-ascent/gerbil-ascent/.gerbil/lib/asp-gerbil-scheme/policy-api.scm)
2026-10-04T06:37:06.5271852Z ... execute compile job (compile-file /home/runner/work/gerbil-ascent/gerbil-ascent/.gerbil/lib/asp-gerbil-scheme/src/extensions/poo-inheritance~0.scm)
2026-10-04T06:37:06.5273807Z ... execute compile job (compile-file /home/runner/work/gerbil-ascent/gerbil-ascent/.gerbil/lib/asp-gerbil-scheme/src/extensions/poo-inheritance.scm)
2026-10-04T06:37:06.5275731Z ... execute compile job (compile-file /home/runner/work/gerbil-ascent/gerbil-ascent/.gerbil/lib/asp-gerbil-scheme/src/extensions/poo~0.scm)
2026-10-04T06:37:06.5277954Z ... execute compile job (compile-file /home/runner/work/gerbil-ascent/gerbil-ascent/.gerbil/lib/asp-gerbil-scheme/src/extensions/poo.scm)
2026-10-04T06:37:07.3632759Z ... execute compile job (compile-file /home/runner/work/gerbil-ascent/gerbil-ascent/.gerbil/lib/asp-gerbil-scheme/src/extensions/core~0.scm)
2026-10-04T06:37:07.3650682Z ... execute compile job (compile-file /home/runner/work/gerbil-ascent/gerbil-ascent/.gerbil/lib/asp-gerbil-scheme/src/extensions/core.scm)
2026-10-04T06:37:07.3662730Z ... execute compile job (compile-file /home/runner/work/gerbil-ascent/gerbil-ascent/.gerbil/lib/asp-gerbil-scheme/src/extensions/facade.scm)
2026-10-04T06:37:07.3692891Z ... execute compile job (compile-file /home/runner/work/gerbil-ascent/gerbil-ascent/.gerbil/lib/asp-gerbil-scheme/src/snapshot/core~0.scm)
2026-10-04T06:37:07.3722727Z ... execute compile job (compile-file /home/runner/work/gerbil-ascent/gerbil-ascent/.gerbil/lib/asp-gerbil-scheme/src/snapshot/core.scm)
2026-10-04T06:37:07.3752793Z ... execute compile job (compile-file /home/runner/work/gerbil-ascent/gerbil-ascent/.gerbil/lib/asp-gerbil-scheme/src/protocol/json~0.scm)
2026-10-04T06:37:07.3754934Z ... execute compile job (compile-file /home/runner/work/gerbil-ascent/gerbil-ascent/.gerbil/lib/asp-gerbil-scheme/src/protocol/json.scm)
2026-10-04T06:37:08.1601756Z ... execute compile job (compile-file /home/runner/work/gerbil-ascent/gerbil-ascent/.gerbil/lib/asp-gerbil-scheme/src/runtime/provider-semantic-evidence~0.scm)
2026-10-04T06:37:08.1603817Z ... execute compile job (compile-file /home/runner/work/gerbil-ascent/gerbil-ascent/.gerbil/lib/asp-gerbil-scheme/src/runtime/provider-semantic-evidence.scm)
2026-10-04T06:37:08.1605257Z ... execute compile job (compile-file /home/runner/work/gerbil-ascent/gerbil-ascent/.gerbil/lib/asp-gerbil-scheme/src/commands/fmt~0.scm)
2026-10-04T06:37:08.1606512Z ... execute compile job (compile-file /home/runner/work/gerbil-ascent/gerbil-ascent/.gerbil/lib/asp-gerbil-scheme/src/commands/fmt.scm)
2026-10-04T06:37:08.1607783Z ... execute compile job (compile-file /home/runner/work/gerbil-ascent/gerbil-ascent/.gerbil/lib/asp-gerbil-scheme/src/commands/info~0.scm)
2026-10-04T06:37:08.1609021Z ... execute compile job (compile-file /home/runner/work/gerbil-ascent/gerbil-ascent/.gerbil/lib/asp-gerbil-scheme/src/commands/info.scm)
2026-10-04T06:37:08.1610256Z ... execute compile job (compile-file /home/runner/work/gerbil-ascent/gerbil-ascent/.gerbil/lib/asp-gerbil-scheme/src/commands/agent~0.scm)
2026-10-04T06:37:08.1611960Z ... execute compile job (compile-file /home/runner/work/gerbil-ascent/gerbil-ascent/.gerbil/lib/asp-gerbil-scheme/src/commands/agent.scm)
2026-10-04T06:37:08.1613500Z ... execute compile job (compile-file /home/runner/work/gerbil-ascent/gerbil-ascent/.gerbil/lib/asp-gerbil-scheme/src/snapshot/graph~0.scm)
2026-10-04T06:37:08.1614786Z ... execute compile job (compile-file /home/runner/work/gerbil-ascent/gerbil-ascent/.gerbil/lib/asp-gerbil-scheme/src/snapshot/graph.scm)
2026-10-04T06:37:08.1615980Z ... execute compile job (compile-file /home/runner/work/gerbil-ascent/gerbil-ascent/.gerbil/lib/asp-gerbil-scheme/src/snapshot/facade.scm)
2026-10-04T06:37:35.8156003Z *** WARNING module std/net/request is DEPRECATED and will be removed in the future
2026-10-04T06:37:35.8156532Z ... cloning github.com/tao3k/poo-flow-core
2026-10-04T06:37:35.8157227Z ... checking out e85fd45303b208b23e5957fd316e7004994109a4
2026-10-04T06:37:35.8157771Z ... pulling
2026-10-04T06:37:35.8158232Z ... cloning github.com/tao3k/gerbil-poo
2026-10-04T06:37:35.8158820Z ... checking out 099b381588360a8a49fd772f666a1a00351366f5
2026-10-04T06:37:35.8159354Z ... pulling
2026-10-04T06:37:35.8159799Z ... build github.com/tao3k/gerbil-poo
2026-10-04T06:37:35.8160642Z ... build github.com/tao3k/poo-flow-core
2026-10-04T06:37:35.8161655Z ... cloning github.com/tao3k/asp-gerbil-scheme
2026-10-04T06:37:35.8161969Z ... checking out v0.1.2.2
2026-10-04T06:37:35.8162229Z ... fetching github.com/tao3k/gerbil-poo
2026-10-04T06:37:35.8163081Z ... checking out 099b381588360a8a49fd772f666a1a00351366f5
2026-10-04T06:37:35.8163493Z ... pulling
2026-10-04T06:37:35.8163820Z ... build github.com/tao3k/asp-gerbil-scheme
2026-10-04T06:37:35.8164354Z ... tagging packages
2026-10-04T06:37:37.2912939Z ascent-dependencies-ready
2026-10-04T06:37:37.3023643Z *** WARNING module std/net/request is DEPRECATED and will be removed in the future
2026-10-04T06:37:37.3385287Z ##[group]Run ASP_GERBIL_SCHEME_POLICY=1 gerbil build
2026-10-04T06:37:37.3385703Z [36;1mASP_GERBIL_SCHEME_POLICY=1 gerbil build[0m
2026-10-04T06:37:37.3458446Z shell: /usr/bin/bash -e {0}
2026-10-04T06:37:37.3458745Z env:
2026-10-04T06:37:37.3459196Z   GERBIL_RELEASE_ROOT: /home/runner/work/gerbil-ascent/gerbil-ascent/.ci/gerbil-release/v19
2026-10-04T06:37:37.3459980Z   GERBIL_PREFIX: /home/runner/work/gerbil-ascent/gerbil-ascent/.ci/gerbil-release/v19
2026-10-04T06:37:37.3460709Z   GERBIL_HOME: /home/runner/work/gerbil-ascent/gerbil-ascent/.ci/gerbil-release/v19/current
2026-10-04T06:37:37.3462555Z   GAMBOPT: ~~=/home/runner/work/gerbil-ascent/gerbil-ascent/.ci/gerbil-release/v19/current,~~bin=/home/runner/work/gerbil-ascent/gerbil-ascent/.ci/gerbil-release/v19/current/bin,~~lib=/home/runner/work/gerbil-ascent/gerbil-ascent/.ci/gerbil-release/v19/current/lib
2026-10-04T06:37:37.3463843Z ##[endgroup]
2026-10-04T06:37:38.8823176Z [asp-gerbil-scheme-policy] START selected modules=47
2026-10-04T06:37:40.3040349Z [asp-gerbil-scheme-policy] COMPLETE findings=0 errors=0
2026-10-04T06:37:42.2505385Z ... compile table/expression
2026-10-04T06:37:42.2653114Z ... compile table/funs
2026-10-04T06:37:45.0007839Z ... compile table/eqrel
2026-10-04T06:37:45.0265185Z ... compile table/trrel
2026-10-04T06:37:45.0552586Z ... compile program/aggregators
2026-10-04T06:37:45.0804751Z ... compile program/graph
2026-10-04T06:37:45.1201014Z ... compile program/analysis
2026-10-04T06:37:45.1468956Z ... compile program/admission
2026-10-04T06:37:45.1701808Z ... compile program/result
2026-10-04T06:37:45.1937130Z ... compile candidate/closure
2026-10-04T06:37:45.2268889Z ... compile candidate/types
2026-10-04T06:37:45.4282527Z ... compile interface/request
2026-10-04T06:37:45.4588266Z ... compile core/binary-program
2026-10-04T06:37:45.5084506Z ... compile table/provider
2026-10-04T06:37:45.5472606Z ... compile table/storage
2026-10-04T06:37:45.5728779Z ... compile program/funs
2026-10-04T06:37:45.6050340Z ... compile program/summary
2026-10-04T06:37:45.6322677Z ... compile table/access
2026-10-04T06:37:45.6545908Z ... compile table/interface
2026-10-04T06:37:45.6750094Z ... compile program/types
2026-10-04T06:37:45.7117987Z ... compile program/positive
2026-10-04T06:37:45.7513074Z ... compile program/objects
2026-10-04T06:37:45.8229757Z ... compile program/scheme-checked
2026-10-04T06:37:45.8423392Z ... compile program/planning
2026-10-04T06:37:45.9050101Z ... compile program/syntax
2026-10-04T06:37:49.3213283Z ... compile program/operator
2026-10-04T06:37:49.3994199Z ... compile candidate/program
2026-10-04T06:37:49.4192524Z ... compile program/update-selection
2026-10-04T06:37:49.4750772Z ... compile candidate/funs
2026-10-04T06:37:49.5037492Z ... compile program/reuse
2026-10-04T06:37:49.5281764Z ... compile candidate/provenance
2026-10-04T06:37:49.5759220Z ... compile candidate/finite-evidence
2026-10-04T06:37:49.6337853Z ... compile program/evaluate
2026-10-04T06:37:49.8951059Z ... compile candidate/provenance-graph
2026-10-04T06:37:49.9550752Z ... compile candidate/nonmembership
2026-10-04T06:37:50.0165847Z ... compile candidate/stratified-provenance
2026-10-04T06:37:50.0737516Z ... compile candidate/stratified-proof
2026-10-04T06:37:50.1238436Z ... compile program/session
2026-10-04T06:37:50.1703227Z ... compile candidate/stratified-producer
2026-10-04T06:37:50.2187263Z ... compile program/scheme-admission
2026-10-04T06:37:50.2800298Z ... compile program/scheme-language
2026-10-04T06:37:51.1615925Z ... compile program/operator-change
2026-10-04T06:37:51.1763090Z ... compile program/higher-order
2026-10-04T06:37:51.2571255Z ... compile program/operator-session
2026-10-04T06:37:51.3596507Z ... compile candidate/reasoning
2026-10-04T06:37:51.3703308Z ... compile program/interface
2026-10-04T06:37:51.4529267Z ... compile temporal/lens
2026-10-04T06:37:52.8303113Z ... execute compile job (compile-file /home/runner/work/gerbil-ascent/gerbil-ascent/.gerbil/lib/gerbil-ascent/table/expression~0.scm)
2026-10-04T06:37:52.8305150Z ... execute compile job (compile-file /home/runner/work/gerbil-ascent/gerbil-ascent/.gerbil/lib/gerbil-ascent/table/expression.scm)
2026-10-04T06:37:52.8306602Z ... execute compile job (compile-file /home/runner/work/gerbil-ascent/gerbil-ascent/.gerbil/lib/gerbil-ascent/table/funs~0.scm)
2026-10-04T06:37:52.8307929Z ... execute compile job (compile-file /home/runner/work/gerbil-ascent/gerbil-ascent/.gerbil/lib/gerbil-ascent/table/funs.scm)
2026-10-04T06:37:52.8309306Z ... execute compile job (compile-file /home/runner/work/gerbil-ascent/gerbil-ascent/.gerbil/lib/gerbil-ascent/table/eqrel~0.scm)
2026-10-04T06:37:52.8310692Z ... execute compile job (compile-file /home/runner/work/gerbil-ascent/gerbil-ascent/.gerbil/lib/gerbil-ascent/table/eqrel.scm)
2026-10-04T06:37:52.8312467Z ... execute compile job (compile-file /home/runner/work/gerbil-ascent/gerbil-ascent/.gerbil/lib/gerbil-ascent/table/trrel~0.scm)
2026-10-04T06:37:53.7974623Z ... execute compile job (compile-file /home/runner/work/gerbil-ascent/gerbil-ascent/.gerbil/lib/gerbil-ascent/table/trrel.scm)
2026-10-04T06:37:53.7976527Z ... execute compile job (compile-file /home/runner/work/gerbil-ascent/gerbil-ascent/.gerbil/lib/gerbil-ascent/program/aggregators~0.scm)
2026-10-04T06:37:53.7978449Z ... execute compile job (compile-file /home/runner/work/gerbil-ascent/gerbil-ascent/.gerbil/lib/gerbil-ascent/program/aggregators.scm)
2026-10-04T06:37:53.8013409Z ... execute compile job (compile-file /home/runner/work/gerbil-ascent/gerbil-ascent/.gerbil/lib/gerbil-ascent/program/graph~0.scm)
2026-10-04T06:37:53.8015085Z ... execute compile job (compile-file /home/runner/work/gerbil-ascent/gerbil-ascent/.gerbil/lib/gerbil-ascent/program/graph.scm)
2026-10-04T06:37:53.8016778Z ... execute compile job (compile-file /home/runner/work/gerbil-ascent/gerbil-ascent/.gerbil/lib/gerbil-ascent/program/analysis~0.scm)
2026-10-04T06:37:53.8018458Z ... execute compile job (compile-file /home/runner/work/gerbil-ascent/gerbil-ascent/.gerbil/lib/gerbil-ascent/program/analysis.scm)
2026-10-04T06:37:53.8020085Z ... execute compile job (compile-file /home/runner/work/gerbil-ascent/gerbil-ascent/.gerbil/lib/gerbil-ascent/program/admission~0.scm)
2026-10-04T06:37:55.1728284Z ... execute compile job (compile-file /home/runner/work/gerbil-ascent/gerbil-ascent/.gerbil/lib/gerbil-ascent/program/admission.scm)
2026-10-04T06:37:55.1752758Z ... execute compile job (compile-file /home/runner/work/gerbil-ascent/gerbil-ascent/.gerbil/lib/gerbil-ascent/program/result~0.scm)
2026-10-04T06:37:55.1782700Z ... execute compile job (compile-file /home/runner/work/gerbil-ascent/gerbil-ascent/.gerbil/lib/gerbil-ascent/program/result.scm)
2026-10-04T06:37:55.1812377Z ... execute compile job (compile-file /home/runner/work/gerbil-ascent/gerbil-ascent/.gerbil/lib/gerbil-ascent/candidate/closure~0.scm)
2026-10-04T06:37:55.1814550Z ... execute compile job (compile-file /home/runner/work/gerbil-ascent/gerbil-ascent/.gerbil/lib/gerbil-ascent/candidate/closure.scm)
2026-10-04T06:37:55.1842524Z ... execute compile job (compile-file /home/runner/work/gerbil-ascent/gerbil-ascent/.gerbil/lib/gerbil-ascent/candidate/types~0.scm)
2026-10-04T06:37:55.1872299Z ... execute compile job (compile-file /home/runner/work/gerbil-ascent/gerbil-ascent/.gerbil/lib/gerbil-ascent/candidate/types.scm)
2026-10-04T06:37:55.1902313Z ... execute compile job (compile-file /home/runner/work/gerbil-ascent/gerbil-ascent/.gerbil/lib/gerbil-ascent/candidate/types~1.scm)
2026-10-04T06:37:56.7893359Z ... execute compile job (compile-file /home/runner/work/gerbil-ascent/gerbil-ascent/.gerbil/lib/gerbil-ascent/interface/request~0.scm)
2026-10-04T06:37:56.7912982Z ... execute compile job (compile-file /home/runner/work/gerbil-ascent/gerbil-ascent/.gerbil/lib/gerbil-ascent/interface/request.scm)
2026-10-04T06:37:56.7942641Z ... execute compile job (compile-file /home/runner/work/gerbil-ascent/gerbil-ascent/.gerbil/lib/gerbil-ascent/core/binary-program~0.scm)
2026-10-04T06:37:56.7973189Z ... execute compile job (compile-file /home/runner/work/gerbil-ascent/gerbil-ascent/.gerbil/lib/gerbil-ascent/core/binary-program.scm)
2026-10-04T06:37:56.8002874Z ... execute compile job (compile-file /home/runner/work/gerbil-ascent/gerbil-ascent/.gerbil/lib/gerbil-ascent/table/provider~0.scm)
2026-10-04T06:37:56.8032525Z ... execute compile job (compile-file /home/runner/work/gerbil-ascent/gerbil-ascent/.gerbil/lib/gerbil-ascent/table/provider.scm)
2026-10-04T06:37:56.8062384Z ... execute compile job (compile-file /home/runner/work/gerbil-ascent/gerbil-ascent/.gerbil/lib/gerbil-ascent/table/storage~0.scm)
2026-10-04T06:37:56.8092378Z ... execute compile job (compile-file /home/runner/work/gerbil-ascent/gerbil-ascent/.gerbil/lib/gerbil-ascent/table/storage.scm)
2026-10-04T06:37:57.6345463Z ... execute compile job (compile-file /home/runner/work/gerbil-ascent/gerbil-ascent/.gerbil/lib/gerbil-ascent/program/funs~0.scm)
2026-10-04T06:37:57.6360482Z ... execute compile job (compile-file /home/runner/work/gerbil-ascent/gerbil-ascent/.gerbil/lib/gerbil-ascent/program/funs.scm)
2026-10-04T06:37:57.6362539Z ... execute compile job (compile-file /home/runner/work/gerbil-ascent/gerbil-ascent/.gerbil/lib/gerbil-ascent/program/summary~0.scm)
2026-10-04T06:37:57.6364223Z ... execute compile job (compile-file /home/runner/work/gerbil-ascent/gerbil-ascent/.gerbil/lib/gerbil-ascent/program/summary.scm)
2026-10-04T06:37:57.6367594Z ... execute compile job (compile-file /home/runner/work/gerbil-ascent/gerbil-ascent/.gerbil/lib/gerbil-ascent/table/access~0.scm)
2026-10-04T06:37:57.6387090Z ... execute compile job (compile-file /home/runner/work/gerbil-ascent/gerbil-ascent/.gerbil/lib/gerbil-ascent/table/access.scm)
2026-10-04T06:37:57.6388116Z ... execute compile job (compile-file /home/runner/work/gerbil-ascent/gerbil-ascent/.gerbil/lib/gerbil-ascent/table/interface.scm)
2026-10-04T06:37:59.4303705Z ... execute compile job (compile-file /home/runner/work/gerbil-ascent/gerbil-ascent/.gerbil/lib/gerbil-ascent/program/types~0.scm)
2026-10-04T06:37:59.4333056Z ... execute compile job (compile-file /home/runner/work/gerbil-ascent/gerbil-ascent/.gerbil/lib/gerbil-ascent/program/types.scm)
2026-10-04T06:37:59.4366348Z ... execute compile job (compile-file /home/runner/work/gerbil-ascent/gerbil-ascent/.gerbil/lib/gerbil-ascent/program/positive~0.scm)
2026-10-04T06:37:59.4392443Z ... execute compile job (compile-file /home/runner/work/gerbil-ascent/gerbil-ascent/.gerbil/lib/gerbil-ascent/program/positive.scm)
2026-10-04T06:37:59.4393980Z ... execute compile job (compile-file /home/runner/work/gerbil-ascent/gerbil-ascent/.gerbil/lib/gerbil-ascent/program/objects~0.scm)
2026-10-04T06:37:59.4422746Z ... execute compile job (compile-file /home/runner/work/gerbil-ascent/gerbil-ascent/.gerbil/lib/gerbil-ascent/program/objects.scm)
2026-10-04T06:37:59.4462563Z ... execute compile job (compile-file /home/runner/work/gerbil-ascent/gerbil-ascent/.gerbil/lib/gerbil-ascent/program/scheme-checked~0.scm)
2026-10-04T06:37:59.4492575Z ... execute compile job (compile-file /home/runner/work/gerbil-ascent/gerbil-ascent/.gerbil/lib/gerbil-ascent/program/scheme-checked.scm)
2026-10-04T06:38:00.9943341Z ... execute compile job (compile-file /home/runner/work/gerbil-ascent/gerbil-ascent/.gerbil/lib/gerbil-ascent/program/scheme-checked~1.scm)
2026-10-04T06:38:00.9972743Z ... execute compile job (compile-file /home/runner/work/gerbil-ascent/gerbil-ascent/.gerbil/lib/gerbil-ascent/program/planning~0.scm)
2026-10-04T06:38:00.9992420Z ... execute compile job (compile-file /home/runner/work/gerbil-ascent/gerbil-ascent/.gerbil/lib/gerbil-ascent/program/planning.scm)
2026-10-04T06:38:01.0022425Z ... execute compile job (compile-file /home/runner/work/gerbil-ascent/gerbil-ascent/.gerbil/lib/gerbil-ascent/program/syntax.scm)
2026-10-04T06:38:01.0052487Z ... execute compile job (compile-file /home/runner/work/gerbil-ascent/gerbil-ascent/.gerbil/lib/gerbil-ascent/program/operator~0.scm)
2026-10-04T06:38:01.0054412Z ... execute compile job (compile-file /home/runner/work/gerbil-ascent/gerbil-ascent/.gerbil/lib/gerbil-ascent/program/operator.scm)
2026-10-04T06:38:01.0056102Z ... execute compile job (compile-file /home/runner/work/gerbil-ascent/gerbil-ascent/.gerbil/lib/gerbil-ascent/candidate/program~0.scm)
2026-10-04T06:38:01.0082288Z ... execute compile job (compile-file /home/runner/work/gerbil-ascent/gerbil-ascent/.gerbil/lib/gerbil-ascent/candidate/program.scm)
2026-10-04T06:38:02.5892935Z ... execute compile job (compile-file /home/runner/work/gerbil-ascent/gerbil-ascent/.gerbil/lib/gerbil-ascent/program/update-selection~0.scm)
2026-10-04T06:38:02.5894889Z ... execute compile job (compile-file /home/runner/work/gerbil-ascent/gerbil-ascent/.gerbil/lib/gerbil-ascent/program/update-selection.scm)
2026-10-04T06:38:02.5896614Z ... execute compile job (compile-file /home/runner/work/gerbil-ascent/gerbil-ascent/.gerbil/lib/gerbil-ascent/candidate/funs~0.scm)
2026-10-04T06:38:02.5898259Z ... execute compile job (compile-file /home/runner/work/gerbil-ascent/gerbil-ascent/.gerbil/lib/gerbil-ascent/candidate/funs.scm)
2026-10-04T06:38:02.5899732Z ... execute compile job (compile-file /home/runner/work/gerbil-ascent/gerbil-ascent/.gerbil/lib/gerbil-ascent/program/reuse~0.scm)
2026-10-04T06:38:02.5901133Z ... execute compile job (compile-file /home/runner/work/gerbil-ascent/gerbil-ascent/.gerbil/lib/gerbil-ascent/program/reuse.scm)
2026-10-04T06:38:02.5902607Z ... execute compile job (compile-file /home/runner/work/gerbil-ascent/gerbil-ascent/.gerbil/lib/gerbil-ascent/program/reuse~1.scm)
2026-10-04T06:38:04.2712954Z ... execute compile job (compile-file /home/runner/work/gerbil-ascent/gerbil-ascent/.gerbil/lib/gerbil-ascent/candidate/provenance~0.scm)
2026-10-04T06:38:04.2742787Z ... execute compile job (compile-file /home/runner/work/gerbil-ascent/gerbil-ascent/.gerbil/lib/gerbil-ascent/candidate/provenance.scm)
2026-10-04T06:38:04.2749532Z ... execute compile job (compile-file /home/runner/work/gerbil-ascent/gerbil-ascent/.gerbil/lib/gerbil-ascent/candidate/provenance~1.scm)
2026-10-04T06:38:04.2783209Z ... execute compile job (compile-file /home/runner/work/gerbil-ascent/gerbil-ascent/.gerbil/lib/gerbil-ascent/candidate/finite-evidence~0.scm)
2026-10-04T06:38:04.2785579Z ... execute compile job (compile-file /home/runner/work/gerbil-ascent/gerbil-ascent/.gerbil/lib/gerbil-ascent/candidate/finite-evidence.scm)
2026-10-04T06:38:04.2787688Z ... execute compile job (compile-file /home/runner/work/gerbil-ascent/gerbil-ascent/.gerbil/lib/gerbil-ascent/candidate/finite-evidence~1.scm)
2026-10-04T06:38:04.2789677Z ... execute compile job (compile-file /home/runner/work/gerbil-ascent/gerbil-ascent/.gerbil/lib/gerbil-ascent/program/evaluate~0.scm)
2026-10-04T06:38:04.2793350Z ... execute compile job (compile-file /home/runner/work/gerbil-ascent/gerbil-ascent/.gerbil/lib/gerbil-ascent/program/evaluate.scm)
2026-10-04T06:38:06.3193026Z ... execute compile job (compile-file /home/runner/work/gerbil-ascent/gerbil-ascent/.gerbil/lib/gerbil-ascent/candidate/provenance-graph~0.scm)
2026-10-04T06:38:06.3194989Z ... execute compile job (compile-file /home/runner/work/gerbil-ascent/gerbil-ascent/.gerbil/lib/gerbil-ascent/candidate/provenance-graph.scm)
2026-10-04T06:38:06.3197259Z ... execute compile job (compile-file /home/runner/work/gerbil-ascent/gerbil-ascent/.gerbil/lib/gerbil-ascent/candidate/provenance-graph~1.scm)
2026-10-04T06:38:06.3199536Z ... execute compile job (compile-file /home/runner/work/gerbil-ascent/gerbil-ascent/.gerbil/lib/gerbil-ascent/candidate/nonmembership~0.scm)
2026-10-04T06:38:06.3202231Z ... execute compile job (compile-file /home/runner/work/gerbil-ascent/gerbil-ascent/.gerbil/lib/gerbil-ascent/candidate/nonmembership.scm)
2026-10-04T06:38:06.3204633Z ... execute compile job (compile-file /home/runner/work/gerbil-ascent/gerbil-ascent/.gerbil/lib/gerbil-ascent/candidate/nonmembership~1.scm)
2026-10-04T06:38:06.3206610Z ... execute compile job (compile-file /home/runner/work/gerbil-ascent/gerbil-ascent/.gerbil/lib/gerbil-ascent/candidate/stratified-provenance~0.scm)
2026-10-04T06:38:09.3138020Z ... execute compile job (compile-file /home/runner/work/gerbil-ascent/gerbil-ascent/.gerbil/lib/gerbil-ascent/candidate/stratified-provenance.scm)
2026-10-04T06:38:09.3163080Z ... execute compile job (compile-file /home/runner/work/gerbil-ascent/gerbil-ascent/.gerbil/lib/gerbil-ascent/candidate/stratified-provenance~1.scm)
2026-10-04T06:38:09.3192754Z ... execute compile job (compile-file /home/runner/work/gerbil-ascent/gerbil-ascent/.gerbil/lib/gerbil-ascent/candidate/stratified-proof~0.scm)
2026-10-04T06:38:09.3222450Z ... execute compile job (compile-file /home/runner/work/gerbil-ascent/gerbil-ascent/.gerbil/lib/gerbil-ascent/candidate/stratified-proof.scm)
2026-10-04T06:38:09.3237779Z ... execute compile job (compile-file /home/runner/work/gerbil-ascent/gerbil-ascent/.gerbil/lib/gerbil-ascent/program/session~0.scm)
2026-10-04T06:38:09.3244436Z ... execute compile job (compile-file /home/runner/work/gerbil-ascent/gerbil-ascent/.gerbil/lib/gerbil-ascent/program/session.scm)
2026-10-04T06:38:09.3246446Z ... execute compile job (compile-file /home/runner/work/gerbil-ascent/gerbil-ascent/.gerbil/lib/gerbil-ascent/candidate/stratified-producer~0.scm)
2026-10-04T06:38:10.6320663Z ... execute compile job (compile-file /home/runner/work/gerbil-ascent/gerbil-ascent/.gerbil/lib/gerbil-ascent/candidate/stratified-producer.scm)
2026-10-04T06:38:10.6323176Z ... execute compile job (compile-file /home/runner/work/gerbil-ascent/gerbil-ascent/.gerbil/lib/gerbil-ascent/program/scheme-admission~0.scm)
2026-10-04T06:38:10.6325236Z ... execute compile job (compile-file /home/runner/work/gerbil-ascent/gerbil-ascent/.gerbil/lib/gerbil-ascent/program/scheme-admission.scm)
2026-10-04T06:38:10.6327356Z ... execute compile job (compile-file /home/runner/work/gerbil-ascent/gerbil-ascent/.gerbil/lib/gerbil-ascent/program/scheme-admission~1.scm)
2026-10-04T06:38:10.6329277Z ... execute compile job (compile-file /home/runner/work/gerbil-ascent/gerbil-ascent/.gerbil/lib/gerbil-ascent/program/operator~1.scm)
2026-10-04T06:38:10.6331204Z ... execute compile job (compile-file /home/runner/work/gerbil-ascent/gerbil-ascent/.gerbil/lib/gerbil-ascent/program/operator-change~0.scm)
2026-10-04T06:38:10.6333334Z ... execute compile job (compile-file /home/runner/work/gerbil-ascent/gerbil-ascent/.gerbil/lib/gerbil-ascent/program/operator-change.scm)
2026-10-04T06:38:12.1616020Z ... execute compile job (compile-file /home/runner/work/gerbil-ascent/gerbil-ascent/.gerbil/lib/gerbil-ascent/program/higher-order~0.scm)
2026-10-04T06:38:12.1618279Z ... execute compile job (compile-file /home/runner/work/gerbil-ascent/gerbil-ascent/.gerbil/lib/gerbil-ascent/program/higher-order.scm)
2026-10-04T06:38:12.1620480Z ... execute compile job (compile-file /home/runner/work/gerbil-ascent/gerbil-ascent/.gerbil/lib/gerbil-ascent/program/higher-order~1.scm)
2026-10-04T06:38:12.1622959Z ... execute compile job (compile-file /home/runner/work/gerbil-ascent/gerbil-ascent/.gerbil/lib/gerbil-ascent/program/operator-session~0.scm)
2026-10-04T06:38:12.1624966Z ... execute compile job (compile-file /home/runner/work/gerbil-ascent/gerbil-ascent/.gerbil/lib/gerbil-ascent/program/operator-session.scm)
2026-10-04T06:38:12.1626845Z ... execute compile job (compile-file /home/runner/work/gerbil-ascent/gerbil-ascent/.gerbil/lib/gerbil-ascent/program/operator-session~1.scm)
2026-10-04T06:38:12.1628909Z ... execute compile job (compile-file /home/runner/work/gerbil-ascent/gerbil-ascent/.gerbil/lib/gerbil-ascent/program/scheme-language.scm)
2026-10-04T06:38:12.1630798Z ... execute compile job (compile-file /home/runner/work/gerbil-ascent/gerbil-ascent/.gerbil/lib/gerbil-ascent/program/scheme-language~1.scm)
2026-10-04T06:38:21.9967799Z ... execute compile job (compile-file /home/runner/work/gerbil-ascent/gerbil-ascent/.gerbil/lib/gerbil-ascent/candidate/reasoning~0.scm)
2026-10-04T06:38:21.9969930Z ... execute compile job (compile-file /home/runner/work/gerbil-ascent/gerbil-ascent/.gerbil/lib/gerbil-ascent/candidate/reasoning.scm)
2026-10-04T06:38:21.9971999Z ... execute compile job (compile-file /home/runner/work/gerbil-ascent/gerbil-ascent/.gerbil/lib/gerbil-ascent/candidate/reasoning~1.scm)
2026-10-04T06:38:21.9973532Z ... execute compile job (compile-file /home/runner/work/gerbil-ascent/gerbil-ascent/.gerbil/lib/gerbil-ascent/program/interface.scm)
2026-10-04T06:38:21.9974991Z ... execute compile job (compile-file /home/runner/work/gerbil-ascent/gerbil-ascent/.gerbil/lib/gerbil-ascent/temporal/lens~0.scm)
2026-10-04T06:38:21.9976401Z ... execute compile job (compile-file /home/runner/work/gerbil-ascent/gerbil-ascent/.gerbil/lib/gerbil-ascent/temporal/lens.scm)
2026-10-04T06:38:21.9977814Z ... execute compile job (compile-file /home/runner/work/gerbil-ascent/gerbil-ascent/.gerbil/lib/gerbil-ascent/program/syntax~1.scm)
2026-10-04T06:38:22.0768449Z *** WARNING module std/net/request is DEPRECATED and will be removed in the future
2026-10-04T06:38:22.0768951Z ... build in current directory
2026-10-04T06:38:22.1069568Z ##[group]Run just test
2026-10-04T06:38:22.1069863Z [36;1mjust test[0m
2026-10-04T06:38:22.1137315Z shell: /usr/bin/bash -e {0}
2026-10-04T06:38:22.1137602Z env:
2026-10-04T06:38:22.1138016Z   GERBIL_RELEASE_ROOT: /home/runner/work/gerbil-ascent/gerbil-ascent/.ci/gerbil-release/v19
2026-10-04T06:38:22.1138706Z   GERBIL_PREFIX: /home/runner/work/gerbil-ascent/gerbil-ascent/.ci/gerbil-release/v19
2026-10-04T06:38:22.1139371Z   GERBIL_HOME: /home/runner/work/gerbil-ascent/gerbil-ascent/.ci/gerbil-release/v19/current
2026-10-04T06:38:22.1140756Z   GAMBOPT: ~~=/home/runner/work/gerbil-ascent/gerbil-ascent/.ci/gerbil-release/v19/current,~~bin=/home/runner/work/gerbil-ascent/gerbil-ascent/.ci/gerbil-release/v19/current/bin,~~lib=/home/runner/work/gerbil-ascent/gerbil-ascent/.ci/gerbil-release/v19/current/lib
2026-10-04T06:38:22.1142277Z ##[endgroup]
2026-10-04T06:38:22.1258275Z GERBIL_LOADPATH="/home/runner/work/gerbil-ascent/gerbil-ascent${GERBIL_LOADPATH:+:$GERBIL_LOADPATH}" gerbil env gxi -:max-heap=1G,debug=q t/harness/run.ss test "auto" all
2026-10-04T06:38:34.5005751Z ... compile table/expression
2026-10-04T06:38:40.3940827Z ... compile table/funs
2026-10-04T06:38:40.8326946Z ... compile table/eqrel
2026-10-04T06:38:41.3176488Z ... compile table/trrel
2026-10-04T06:38:41.8707036Z ... compile program/aggregators
2026-10-04T06:38:42.2445918Z ... compile program/graph
2026-10-04T06:38:42.6952934Z ... compile program/analysis
2026-10-04T06:38:43.2647192Z ... compile program/admission
2026-10-04T06:38:43.6406107Z ... compile program/result
2026-10-04T06:38:44.0896871Z ... compile candidate/closure
2026-10-04T06:38:45.0694902Z ... compile candidate/types
2026-10-04T06:38:46.1672126Z ... compile interface/request
2026-10-04T06:38:46.5520900Z ... compile t/scenarios/performance/ascent-table-expression/baseline
2026-10-04T06:38:46.9750178Z ... compile t/qualification/ascent-invalid-program-test
2026-10-04T06:38:47.9236514Z ... compile t/qualification/ascent-observability-test
2026-10-04T06:38:48.3989665Z ... compile t/qualification/ascent-poo-primitives-test
2026-10-04T06:38:48.9628013Z ... compile core/binary-program
2026-10-04T06:38:50.5624376Z ... compile t/qualification/ascent-materialization-test
2026-10-04T06:38:52.0545642Z ... compile t/qualification/ascent-table-expression-test
2026-10-04T06:38:53.5082062Z ... compile table/provider
2026-10-04T06:38:53.9030377Z ... compile table/storage
2026-10-04T06:38:54.4064942Z ... compile program/funs
2026-10-04T06:38:55.5463808Z ... compile program/summary
2026-10-04T06:38:56.1278098Z ... compile t/qualification/ascent-closure-candidates-test
2026-10-04T06:38:56.9742410Z ... compile t/qualification/ascent-request-projection-test
2026-10-04T06:38:57.4630989Z ... compile t/qualification/ascent-binary-program-test
2026-10-04T06:39:01.3715081Z ... compile table/access
2026-10-04T06:39:01.7231538Z ... compile table/interface
2026-10-04T06:39:01.9069238Z ... compile program/types
2026-10-04T06:39:02.9890292Z ... compile t/qualification/ascent-set-batch-test
2026-10-04T06:39:03.7664548Z ... compile program/positive
2026-10-04T06:39:04.4500291Z ... compile t/qualification/ascent-binding-test
2026-10-04T06:39:05.7287271Z ... compile t/qualification/ascent-strata-test
2026-10-04T06:39:06.4335858Z ... compile t/qualification/ascent-byods-invariants-test
2026-10-04T06:39:08.1877515Z ... compile program/objects
2026-10-04T06:39:09.7371123Z ... compile t/qualification/ascent-contract-union-test
2026-10-04T06:39:10.3449445Z ... compile program/scheme-checked
2026-10-04T06:39:11.9096689Z ... compile program/planning
2026-10-04T06:39:12.6048602Z ... compile program/syntax
2026-10-04T06:39:25.6377071Z ... compile program/operator
2026-10-04T06:39:27.7677303Z ... compile candidate/program
2026-10-04T06:39:29.8441774Z ... compile program/update-selection
2026-10-04T06:39:30.4443805Z ... compile program/operator-change
2026-10-04T06:39:31.4706627Z ... compile program/higher-order
2026-10-04T06:39:33.1747059Z ... compile candidate/funs
2026-10-04T06:39:33.8910920Z ... compile program/reuse
2026-10-04T06:39:34.4960023Z ... compile candidate/provenance
2026-10-04T06:39:36.4458949Z ... compile candidate/finite-evidence
2026-10-04T06:39:38.1568799Z ... compile program/evaluate
2026-10-04T06:39:42.2506566Z ... compile candidate/provenance-graph
2026-10-04T06:39:43.9159303Z ... compile candidate/nonmembership
2026-10-04T06:39:45.8560602Z ... compile candidate/stratified-provenance
2026-10-04T06:39:47.4246704Z ... compile candidate/stratified-proof
2026-10-04T06:39:49.1106854Z ... compile t/qualification/ascent-binding-program-test
2026-10-04T06:39:49.5792624Z ... compile program/session
2026-10-04T06:39:50.5445161Z ... compile t/qualification/ascent-set-source-test
2026-10-04T06:39:52.2154382Z ... compile t/qualification/ascent-source-admission-test
2026-10-04T06:39:53.4810038Z ... compile candidate/stratified-producer
2026-10-04T06:39:54.6584302Z ... compile program/scheme-admission
2026-10-04T06:39:56.3498765Z ... compile program/scheme-language
2026-10-04T06:40:00.9337443Z ... compile program/operator-session
2026-10-04T06:40:01.6096493Z ... compile candidate/reasoning
2026-10-04T06:40:03.7400353Z ... compile t/qualification/scheme-closure-contract-test
2026-10-04T06:40:04.4484711Z ... compile t/qualification/scheme-native-language-test
2026-10-04T06:40:05.3255168Z ... compile t/qualification/scheme-native-reduction-test
2026-10-04T06:40:06.0859896Z ... compile t/qualification/scheme-higher-order-test
2026-10-04T06:40:07.1970168Z ... compile t/qualification/scheme-session-deletion-test
2026-10-04T06:40:09.1387623Z ... compile program/interface
2026-10-04T06:40:09.3477546Z ... compile temporal/lens
2026-10-04T06:40:11.2115642Z ... compile t/qualification/ascent-candidate-description-test
2026-10-04T06:40:11.9990832Z ... compile t/qualification/ascent-positive-provenance-test
2026-10-04T06:40:13.5624414Z ... compile t/qualification/ascent-finite-evidence-test
2026-10-04T06:40:14.4713241Z ... compile t/qualification/ascent-reasoning-library-test
2026-10-04T06:40:17.9813276Z ... compile t/qualification/ascent-positive-nonmembership-test
2026-10-04T06:40:19.2390780Z ... compile t/qualification/scheme-model-closure-test
2026-10-04T06:40:21.5157758Z ... compile t/qualification/scheme-stratified-provenance-test
2026-10-04T06:40:23.4845359Z ... compile t/qualification/ascent-stratified-proof-test
2026-10-04T06:40:26.0764807Z ... compile t/qualification/scheme-provenance-graph-test
2026-10-04T06:40:27.5014776Z ... compile t/qualification/ascent-declaration-scope-test
2026-10-04T06:40:28.0629306Z ... compile t/qualification/ascent-index-program-test
2026-10-04T06:40:29.8479906Z ... compile t/qualification/ascent-module-program-test
2026-10-04T06:40:30.5606263Z ... compile t/qualification/ascent-mutual-program-test
2026-10-04T06:40:31.6220807Z ... compile t/qualification/ascent-rule-program-test
2026-10-04T06:40:36.3656852Z ... compile t/qualification/scheme-native-integration-test
2026-10-04T06:40:37.6797745Z ... compile t/qualification/scheme-operator-retained-test
2026-10-04T06:40:40.0803933Z ... compile t/qualification/scheme-relational-test
2026-10-04T06:40:46.8191150Z ... compile t/qualification/ascent-aggregate-program-test
2026-10-04T06:40:47.9391190Z ... compile t/qualification/ascent-byods-index-test
2026-10-04T06:40:49.2208681Z ... compile t/qualification/ascent-eqrel-program-test
2026-10-04T06:40:53.6195526Z ... compile t/qualification/ascent-lattice-program-test
2026-10-04T06:40:55.5240203Z ... compile t/qualification/ascent-scc-summary-test
2026-10-04T06:40:56.4649594Z ... compile t/qualification/ascent-timeout-test
2026-10-04T06:40:59.2390386Z ... compile t/qualification/ascent-timing-test
2026-10-04T06:40:59.9295980Z ... compile t/qualification/ascent-syntax-test
2026-10-04T06:41:03.4866114Z ... compile t/qualification/ascent-result-publication-test
2026-10-04T06:41:04.7389506Z ... compile t/qualification/ascent-index-lifecycle-test
2026-10-04T06:41:05.6724397Z ... compile t/qualification/ascent-multi-frontier-test
2026-10-04T06:41:07.0840715Z ... compile t/qualification/ascent-size-test
2026-10-04T06:41:08.2412644Z ... compile t/qualification/ascent-set-emit-test
2026-10-04T06:41:10.2305455Z ... compile t/qualification/ascent-set-size-test
2026-10-04T06:41:11.8145023Z ... compile t/qualification/ascent-workspace-test
2026-10-04T06:41:13.2060797Z ... compile t/qualification/ascent-positive-plan-test
2026-10-04T06:41:15.8860966Z ... compile t/qualification/scheme-library-contract-test
2026-10-04T06:41:18.2389280Z ... compile t/qualification/scheme-operator-test
2026-10-04T06:41:21.8727253Z ... compile t/qualification/ascent-temporal-lens-test
2026-10-04T06:41:27.0278560Z [ascent-test] PLAN parallel=53 exclusive=4 jobs=4 logs=/home/runner/work/gerbil-ascent/gerbil-ascent/.cache/ascent/native-library/test.QGOBcX
2026-10-04T06:41:27.0373192Z [ascent-test] RUN t/qualification/ascent-aggregate-program-test.ss
2026-10-04T06:41:27.0413064Z [ascent-test] RUN t/qualification/ascent-binary-program-test.ss
2026-10-04T06:41:27.0420170Z [ascent-test] RUN t/qualification/ascent-binding-program-test.ss
2026-10-04T06:41:27.0421573Z [ascent-test] RUN t/qualification/ascent-binding-test.ss
2026-10-04T06:41:28.8570706Z [ascent-test] PASS t/qualification/ascent-binary-program-test.ss
2026-10-04T06:41:28.8622265Z [ascent-test] RUN t/qualification/ascent-byods-index-test.ss
2026-10-04T06:41:29.1172708Z [ascent-test] PASS t/qualification/ascent-aggregate-program-test.ss
2026-10-04T06:41:29.1192582Z [ascent-test] RUN t/qualification/ascent-byods-invariants-test.ss
2026-10-04T06:41:29.1522787Z [ascent-test] PASS t/qualification/ascent-binding-test.ss
2026-10-04T06:41:29.1558298Z [ascent-test] RUN t/qualification/ascent-candidate-description-test.ss
2026-10-04T06:41:29.3342563Z [ascent-test] PASS t/qualification/ascent-binding-program-test.ss
2026-10-04T06:41:29.3372562Z [ascent-test] RUN t/qualification/ascent-closure-candidates-test.ss
2026-10-04T06:41:30.8626256Z [ascent-test] PASS t/qualification/ascent-byods-index-test.ss
2026-10-04T06:41:30.8665578Z [ascent-test] RUN t/qualification/ascent-contract-union-test.ss
2026-10-04T06:41:31.2151844Z [ascent-test] PASS t/qualification/ascent-candidate-description-test.ss
2026-10-04T06:41:31.2190321Z [ascent-test] RUN t/qualification/ascent-declaration-scope-test.ss
2026-10-04T06:41:31.2796878Z [ascent-test] PASS t/qualification/ascent-closure-candidates-test.ss
2026-10-04T06:41:31.2852653Z [ascent-test] RUN t/qualification/ascent-eqrel-program-test.ss
2026-10-04T06:41:32.0347148Z [ascent-test] RUNNING logs=/home/runner/work/gerbil-ascent/gerbil-ascent/.cache/ascent/native-library/test.QGOBcX
2026-10-04T06:41:32.7175044Z [ascent-test] PASS t/qualification/ascent-contract-union-test.ss
2026-10-04T06:41:32.7223509Z [ascent-test] RUN t/qualification/ascent-finite-evidence-test.ss
2026-10-04T06:41:33.9383885Z [ascent-test] PASS t/qualification/ascent-eqrel-program-test.ss
2026-10-04T06:41:33.9412302Z [ascent-test] RUN t/qualification/ascent-index-lifecycle-test.ss
2026-10-04T06:41:34.8708021Z [ascent-test] PASS t/qualification/ascent-byods-invariants-test.ss
2026-10-04T06:41:34.8792376Z [ascent-test] RUN t/qualification/ascent-index-program-test.ss
2026-10-04T06:41:36.2513334Z [ascent-test] PASS t/qualification/ascent-index-lifecycle-test.ss
2026-10-04T06:41:36.2553908Z [ascent-test] RUN t/qualification/ascent-invalid-program-test.ss
2026-10-04T06:41:36.4264690Z [ascent-test] PASS t/qualification/ascent-declaration-scope-test.ss
2026-10-04T06:41:36.4314747Z [ascent-test] RUN t/qualification/ascent-lattice-program-test.ss
2026-10-04T06:41:37.0372789Z [ascent-test] RUNNING logs=/home/runner/work/gerbil-ascent/gerbil-ascent/.cache/ascent/native-library/test.QGOBcX
2026-10-04T06:41:37.2622584Z [ascent-test] PASS t/qualification/ascent-index-program-test.ss
2026-10-04T06:41:37.2652261Z [ascent-test] RUN t/qualification/ascent-materialization-test.ss
2026-10-04T06:41:38.5504832Z [ascent-test] PASS t/qualification/ascent-lattice-program-test.ss
2026-10-04T06:41:38.5564101Z [ascent-test] RUN t/qualification/ascent-module-program-test.ss
2026-10-04T06:41:39.1632328Z [ascent-test] PASS t/qualification/ascent-materialization-test.ss
2026-10-04T06:41:39.1665186Z [ascent-test] RUN t/qualification/ascent-multi-frontier-test.ss
2026-10-04T06:41:40.8863903Z [ascent-test] PASS t/qualification/ascent-invalid-program-test.ss
2026-10-04T06:41:40.8922925Z [ascent-test] RUN t/qualification/ascent-poo-primitives-test.ss
2026-10-04T06:41:41.4522543Z [ascent-test] PASS t/qualification/ascent-multi-frontier-test.ss
2026-10-04T06:41:41.4572371Z [ascent-test] RUN t/qualification/ascent-positive-nonmembership-test.ss
2026-10-04T06:41:41.7533445Z [ascent-test] PASS t/qualification/ascent-module-program-test.ss
2026-10-04T06:41:41.7560934Z [ascent-test] RUN t/qualification/ascent-positive-plan-test.ss
2026-10-04T06:41:42.0418810Z [ascent-test] RUNNING logs=/home/runner/work/gerbil-ascent/gerbil-ascent/.cache/ascent/native-library/test.QGOBcX
2026-10-04T06:41:42.5000924Z [ascent-test] PASS t/qualification/ascent-finite-evidence-test.ss
2026-10-04T06:41:42.5034522Z [ascent-test] RUN t/qualification/ascent-positive-provenance-test.ss
2026-10-04T06:41:43.3261252Z [ascent-test] PASS t/qualification/ascent-positive-nonmembership-test.ss
2026-10-04T06:41:43.3304728Z [ascent-test] RUN t/qualification/ascent-reasoning-library-test.ss
2026-10-04T06:41:43.5762715Z [ascent-test] PASS t/qualification/ascent-poo-primitives-test.ss
2026-10-04T06:41:43.5790798Z [ascent-test] RUN t/qualification/ascent-request-projection-test.ss
2026-10-04T06:41:44.0712663Z [ascent-test] PASS t/qualification/ascent-positive-provenance-test.ss
2026-10-04T06:41:44.0742081Z [ascent-test] RUN t/qualification/ascent-result-publication-test.ss
2026-10-04T06:41:44.9812608Z [ascent-test] PASS t/qualification/ascent-request-projection-test.ss
2026-10-04T06:41:44.9842486Z [ascent-test] RUN t/qualification/ascent-scc-summary-test.ss
2026-10-04T06:41:46.2102603Z [ascent-test] PASS t/qualification/ascent-result-publication-test.ss
2026-10-04T06:41:46.2142261Z [ascent-test] RUN t/qualification/ascent-set-batch-test.ss
2026-10-04T06:41:46.8749971Z [ascent-test] PASS t/qualification/ascent-scc-summary-test.ss
2026-10-04T06:41:46.8802439Z [ascent-test] RUN t/qualification/ascent-set-emit-test.ss
2026-10-04T06:41:47.0443858Z [ascent-test] RUNNING logs=/home/runner/work/gerbil-ascent/gerbil-ascent/.cache/ascent/native-library/test.QGOBcX
2026-10-04T06:41:49.8242866Z [ascent-test] PASS t/qualification/ascent-set-emit-test.ss
2026-10-04T06:41:49.8258667Z [ascent-test] RUN t/qualification/ascent-set-size-test.ss
2026-10-04T06:41:49.9838917Z [ascent-test] PASS t/qualification/ascent-set-batch-test.ss
2026-10-04T06:41:49.9878753Z [ascent-test] RUN t/qualification/ascent-set-source-test.ss
2026-10-04T06:41:50.2714468Z [ascent-test] PASS t/qualification/ascent-reasoning-library-test.ss
2026-10-04T06:41:50.2763129Z [ascent-test] RUN t/qualification/ascent-size-test.ss
2026-10-04T06:41:52.0472906Z [ascent-test] RUNNING logs=/home/runner/work/gerbil-ascent/gerbil-ascent/.cache/ascent/native-library/test.QGOBcX
2026-10-04T06:41:52.6342451Z [ascent-test] PASS t/qualification/ascent-set-source-test.ss
2026-10-04T06:41:52.6382446Z [ascent-test] RUN t/qualification/ascent-source-admission-test.ss
2026-10-04T06:41:52.9049648Z [ascent-test] PASS t/qualification/ascent-set-size-test.ss
2026-10-04T06:41:52.9092409Z [ascent-test] RUN t/qualification/ascent-strata-test.ss
2026-10-04T06:41:53.1212659Z [ascent-test] PASS t/qualification/ascent-size-test.ss
2026-10-04T06:41:53.1242500Z [ascent-test] RUN t/qualification/ascent-stratified-proof-test.ss
2026-10-04T06:41:54.8643706Z [ascent-test] PASS t/qualification/ascent-source-admission-test.ss
2026-10-04T06:41:54.8692473Z [ascent-test] RUN t/qualification/ascent-syntax-test.ss
2026-10-04T06:41:54.9526002Z [ascent-test] PASS t/qualification/ascent-strata-test.ss
2026-10-04T06:41:54.9583449Z [ascent-test] RUN t/qualification/ascent-table-expression-test.ss
2026-10-04T06:41:56.1162757Z [ascent-test] PASS t/qualification/ascent-positive-plan-test.ss
2026-10-04T06:41:56.1192669Z [ascent-test] RUN t/qualification/ascent-temporal-lens-test.ss
2026-10-04T06:41:56.7311790Z [ascent-test] PASS t/qualification/ascent-table-expression-test.ss
2026-10-04T06:41:56.7392408Z [ascent-test] RUN t/qualification/ascent-timeout-test.ss
2026-10-04T06:41:57.0522870Z [ascent-test] RUNNING logs=/home/runner/work/gerbil-ascent/gerbil-ascent/.cache/ascent/native-library/test.QGOBcX
2026-10-04T06:41:57.4900542Z [ascent-test] PASS t/qualification/ascent-syntax-test.ss
2026-10-04T06:41:57.4942297Z [ascent-test] RUN t/qualification/ascent-timing-test.ss
2026-10-04T06:41:58.9123651Z [ascent-test] PASS t/qualification/ascent-timeout-test.ss
2026-10-04T06:41:58.9149927Z [ascent-test] RUN t/qualification/ascent-workspace-test.ss
2026-10-04T06:41:59.3330525Z [ascent-test] PASS t/qualification/ascent-timing-test.ss
2026-10-04T06:41:59.3372720Z [ascent-test] RUN t/qualification/scheme-closure-contract-test.ss
2026-10-04T06:42:00.2526256Z [ascent-test] PASS t/qualification/ascent-stratified-proof-test.ss
2026-10-04T06:42:00.2574000Z [ascent-test] RUN t/qualification/scheme-higher-order-test.ss
2026-10-04T06:42:01.3302866Z [ascent-test] PASS t/qualification/ascent-workspace-test.ss
2026-10-04T06:42:01.3332514Z [ascent-test] RUN t/qualification/scheme-library-contract-test.ss
2026-10-04T06:42:01.4172648Z [ascent-test] PASS t/qualification/scheme-closure-contract-test.ss
2026-10-04T06:42:01.4202336Z [ascent-test] RUN t/qualification/scheme-model-closure-test.ss
2026-10-04T06:42:02.0552762Z [ascent-test] RUNNING logs=/home/runner/work/gerbil-ascent/gerbil-ascent/.cache/ascent/native-library/test.QGOBcX
2026-10-04T06:42:02.5154573Z [ascent-test] PASS t/qualification/scheme-higher-order-test.ss
2026-10-04T06:42:02.5212558Z [ascent-test] RUN t/qualification/scheme-native-integration-test.ss
2026-10-04T06:42:04.3261196Z [ascent-test] PASS t/qualification/scheme-model-closure-test.ss
2026-10-04T06:42:04.3323344Z [ascent-test] RUN t/qualification/scheme-native-language-test.ss
2026-10-04T06:42:04.8370585Z [ascent-test] PASS t/qualification/scheme-native-integration-test.ss
2026-10-04T06:42:04.8426944Z [ascent-test] RUN t/qualification/scheme-native-reduction-test.ss
2026-10-04T06:42:06.5602494Z [ascent-test] PASS t/qualification/scheme-native-language-test.ss
2026-10-04T06:42:06.5632422Z [ascent-test] RUN t/qualification/scheme-operator-test.ss
2026-10-04T06:42:06.8349800Z [ascent-test] PASS t/qualification/scheme-native-reduction-test.ss
2026-10-04T06:42:06.8407271Z [ascent-test] RUN t/qualification/scheme-provenance-graph-test.ss
2026-10-04T06:42:07.0572766Z [ascent-test] RUNNING logs=/home/runner/work/gerbil-ascent/gerbil-ascent/.cache/ascent/native-library/test.QGOBcX
2026-10-04T06:42:10.8102512Z [ascent-test] PASS t/qualification/ascent-temporal-lens-test.ss
2026-10-04T06:42:10.8162169Z [ascent-test] RUN t/qualification/scheme-relational-test.ss
2026-10-04T06:42:12.0612890Z [ascent-test] RUNNING logs=/home/runner/work/gerbil-ascent/gerbil-ascent/.cache/ascent/native-library/test.QGOBcX
2026-10-04T06:42:17.0689265Z [ascent-test] RUNNING logs=/home/runner/work/gerbil-ascent/gerbil-ascent/.cache/ascent/native-library/test.QGOBcX
2026-10-04T06:42:17.8854009Z [ascent-test] PASS t/qualification/scheme-library-contract-test.ss
2026-10-04T06:42:17.8927467Z [ascent-test] RUN t/qualification/scheme-session-deletion-test.ss
2026-10-04T06:42:20.3133921Z [ascent-test] PASS t/qualification/scheme-relational-test.ss
2026-10-04T06:42:20.3135196Z [ascent-test] RUN t/qualification/scheme-stratified-provenance-test.ss
2026-10-04T06:42:21.5376746Z [ascent-test] PASS t/qualification/scheme-operator-test.ss
2026-10-04T06:42:22.0728090Z [ascent-test] RUNNING logs=/home/runner/work/gerbil-ascent/gerbil-ascent/.cache/ascent/native-library/test.QGOBcX
2026-10-04T06:42:23.9020853Z [ascent-test] PASS t/qualification/scheme-provenance-graph-test.ss
2026-10-04T06:42:25.9641714Z [ascent-test] PASS t/qualification/scheme-stratified-provenance-test.ss
2026-10-04T06:42:27.0747426Z [ascent-test] RUNNING logs=/home/runner/work/gerbil-ascent/gerbil-ascent/.cache/ascent/native-library/test.QGOBcX
2026-10-04T06:42:28.8697083Z [ascent-test] PASS t/qualification/scheme-session-deletion-test.ss
2026-10-04T06:42:28.8788576Z [ascent-test] START t/qualification/ascent-mutual-program-test.ss
2026-10-04T06:42:29.7239005Z NATIVE-MODULES-OK
2026-10-04T06:42:30.0624773Z HARNESS ("/home/runner/work/gerbil-ascent/gerbil-ascent/.cache/ascent/native-library/lib/gerbil-ascent/t/qualification/ascent-mutual-program-test.ssi")
2026-10-04T06:42:30.0626402Z MODULE /home/runner/work/gerbil-ascent/gerbil-ascent/.cache/ascent/native-library/lib/gerbil-ascent/t/qualification/ascent-mutual-program-test.ssi
2026-10-04T06:42:30.0627503Z SUITE ASCENT mutually recursive relations
2026-10-04T06:42:30.0627971Z CASE cycle reaches a fixed point across two relations
2026-10-04T06:42:30.0844616Z CASE-OK cycle reaches a fixed point across two relations
2026-10-04T06:42:30.0845627Z CASE source order does not change the fixed point
2026-10-04T06:42:30.1248307Z CASE-OK source order does not change the fixed point
2026-10-04T06:42:30.1249409Z CASE retained multi-head SCC matches fresh snapshots after source additions
2026-10-04T06:42:30.2122501Z CASE-OK retained multi-head SCC matches fresh snapshots after source additions
2026-10-04T06:42:30.2123214Z CASE independent fixed-point runs are reentrant across workers
2026-10-04T06:42:30.3846237Z CASE-OK independent fixed-point runs are reentrant across workers
2026-10-04T06:42:30.3847301Z SUITE-OK ASCENT mutually recursive relations
2026-10-04T06:42:30.3849130Z MODULE-OK /home/runner/work/gerbil-ascent/gerbil-ascent/.cache/ascent/native-library/lib/gerbil-ascent/t/qualification/ascent-mutual-program-test.ssi
2026-10-04T06:42:30.3851841Z HARNESS-OK ("/home/runner/work/gerbil-ascent/gerbil-ascent/.cache/ascent/native-library/lib/gerbil-ascent/t/qualification/ascent-mutual-program-test.ssi")
2026-10-04T06:42:30.3852994Z OK
2026-10-04T06:42:30.4271595Z [ascent-test] PASS t/qualification/ascent-mutual-program-test.ss (2s)
2026-10-04T06:42:30.4370324Z [ascent-test] START t/qualification/ascent-observability-test.ss
2026-10-04T06:42:31.2740983Z NATIVE-MODULES-OK
2026-10-04T06:42:31.5873029Z HARNESS ("/home/runner/work/gerbil-ascent/gerbil-ascent/.cache/ascent/native-library/lib/gerbil-ascent/t/qualification/ascent-observability-test.ssi")
2026-10-04T06:42:31.5874517Z MODULE /home/runner/work/gerbil-ascent/gerbil-ascent/.cache/ascent/native-library/lib/gerbil-ascent/t/qualification/ascent-observability-test.ssi
2026-10-04T06:42:31.5875417Z SUITE ASCENT Core Observability profile
2026-10-04T06:42:31.5875895Z CASE a POO slot override rejects an over-budget SS Case
2026-10-04T06:42:31.5896518Z CASE-OK a POO slot override rejects an over-budget SS Case
2026-10-04T06:42:31.5897312Z CASE a POO Case slot interrupts a stalled operation
2026-10-04T06:42:31.6160384Z CASE-OK a POO Case slot interrupts a stalled operation
2026-10-04T06:42:31.6161787Z SUITE-OK ASCENT Core Observability profile
2026-10-04T06:42:31.6163142Z MODULE-OK /home/runner/work/gerbil-ascent/gerbil-ascent/.cache/ascent/native-library/lib/gerbil-ascent/t/qualification/ascent-observability-test.ssi
2026-10-04T06:42:31.6165173Z HARNESS-OK ("/home/runner/work/gerbil-ascent/gerbil-ascent/.cache/ascent/native-library/lib/gerbil-ascent/t/qualification/ascent-observability-test.ssi")
2026-10-04T06:42:31.6166096Z OK
2026-10-04T06:42:31.6534688Z [ascent-test] PASS t/qualification/ascent-observability-test.ss (1s)
2026-10-04T06:42:31.6633987Z [ascent-test] START t/qualification/ascent-rule-program-test.ss
2026-10-04T06:42:32.0766577Z [ascent-test] RUNNING logs=/home/runner/work/gerbil-ascent/gerbil-ascent/.cache/ascent/native-library/test.QGOBcX
2026-10-04T06:42:32.4965988Z NATIVE-MODULES-OK
2026-10-04T06:42:32.8496296Z HARNESS ("/home/runner/work/gerbil-ascent/gerbil-ascent/.cache/ascent/native-library/lib/gerbil-ascent/t/qualification/ascent-rule-program-test.ssi")
2026-10-04T06:42:32.8498151Z MODULE /home/runner/work/gerbil-ascent/gerbil-ascent/.cache/ascent/native-library/lib/gerbil-ascent/t/qualification/ascent-rule-program-test.ssi
2026-10-04T06:42:32.8499334Z SUITE ASCENT positive relations with arbitrary columns
2026-10-04T06:42:32.8500242Z CASE declaration compilation never invokes storage or rule callbacks
2026-10-04T06:42:32.9258597Z CASE-OK declaration compilation never invokes storage or rule callbacks
2026-10-04T06:42:32.9259552Z CASE heads split across strata retain duplicates and source rule order
2026-10-04T06:42:33.0021149Z CASE-OK heads split across strata retain duplicates and source rule order
2026-10-04T06:42:33.0022478Z CASE mixed ternary inputs derive four-column, unary and recursive rows
2026-10-04T06:42:33.1927485Z CASE-OK mixed ternary inputs derive four-column, unary and recursive rows
2026-10-04T06:42:33.1928410Z CASE source withdrawal recomputes without changing earlier result
2026-10-04T06:42:33.5774806Z CASE-OK source withdrawal recomputes without changing earlier result
2026-10-04T06:42:33.5775584Z CASE positive session retains rows across source additions
2026-10-04T06:42:33.6534793Z CASE-OK positive session retains rows across source additions
2026-10-04T06:42:33.6535477Z CASE ten thousand positive appends retain order and recover state
2026-10-04T06:42:33.7242802Z CASE-OK ten thousand positive appends retain order and recover state
2026-10-04T06:42:33.7243535Z CASE staged Set rows share one global output budget
2026-10-04T06:42:33.7934507Z CASE-OK staged Set rows share one global output budget
2026-10-04T06:42:33.7935176Z CASE batched Set duplicates retain first source order
2026-10-04T06:42:33.8614011Z CASE-OK batched Set duplicates retain first source order
2026-10-04T06:42:33.8614639Z CASE session recomputes negation after source updates
2026-10-04T06:42:33.9327035Z CASE-OK session recomputes negation after source updates
2026-10-04T06:42:33.9327884Z CASE nonpositive recomputation rejects over-budget source atomically
2026-10-04T06:42:34.0053375Z CASE-OK nonpositive recomputation rejects over-budget source atomically
2026-10-04T06:42:34.0054103Z CASE empty rule set preserves sources and returns
2026-10-04T06:42:34.0730467Z CASE-OK empty rule set preserves sources and returns
2026-10-04T06:42:34.0731198Z CASE POO rule refinement receives its own immutable analysis
2026-10-04T06:42:34.1458929Z CASE-OK POO rule refinement receives its own immutable analysis
2026-10-04T06:42:34.1459745Z CASE zero-column fact gates typed boolean and string rows
2026-10-04T06:42:34.2261633Z CASE-OK zero-column fact gates typed boolean and string rows
2026-10-04T06:42:34.2262376Z CASE arity, unsafe heads, and derived budgets reject
2026-10-04T06:42:34.5714787Z CASE-OK arity, unsafe heads, and derived budgets reject
2026-10-04T06:42:34.5715478Z SUITE-OK ASCENT positive relations with arbitrary columns
2026-10-04T06:42:34.5716693Z MODULE-OK /home/runner/work/gerbil-ascent/gerbil-ascent/.cache/ascent/native-library/lib/gerbil-ascent/t/qualification/ascent-rule-program-test.ssi
2026-10-04T06:42:34.5718847Z HARNESS-OK ("/home/runner/work/gerbil-ascent/gerbil-ascent/.cache/ascent/native-library/lib/gerbil-ascent/t/qualification/ascent-rule-program-test.ssi")
2026-10-04T06:42:34.5719939Z OK
2026-10-04T06:42:34.6125642Z [ascent-test] PASS t/qualification/ascent-rule-program-test.ss (3s)
2026-10-04T06:42:34.6220822Z [ascent-test] START t/qualification/scheme-operator-retained-test.ss
2026-10-04T06:42:35.4559296Z NATIVE-MODULES-OK
2026-10-04T06:42:35.7501149Z HARNESS ("/home/runner/work/gerbil-ascent/gerbil-ascent/.cache/ascent/native-library/lib/gerbil-ascent/t/qualification/scheme-operator-retained-test.ssi")
2026-10-04T06:42:35.7503559Z MODULE /home/runner/work/gerbil-ascent/gerbil-ascent/.cache/ascent/native-library/lib/gerbil-ascent/t/qualification/scheme-operator-retained-test.ssi
2026-10-04T06:42:35.7504881Z SUITE retained first-class relational operators
2026-10-04T06:42:35.7505571Z CASE all finite graphs survive append, duplicate and withdrawal
2026-10-04T06:42:36.0122477Z PROGRESS retained graphs 2/64
2026-10-04T06:42:36.2097158Z PROGRESS retained graphs 4/64
2026-10-04T06:42:36.3729415Z PROGRESS retained graphs 6/64
2026-10-04T06:42:36.5650595Z PROGRESS retained graphs 8/64
2026-10-04T06:42:36.7238739Z PROGRESS retained graphs 10/64
2026-10-04T06:42:36.9190102Z PROGRESS retained graphs 12/64
2026-10-04T06:42:37.0790229Z [ascent-test] RUNNING logs=/home/runner/work/gerbil-ascent/gerbil-ascent/.cache/ascent/native-library/test.QGOBcX
2026-10-04T06:42:37.1136438Z PROGRESS retained graphs 14/64
2026-10-04T06:42:37.2722089Z PROGRESS retained graphs 16/64
2026-10-04T06:42:37.4670229Z PROGRESS retained graphs 18/64
2026-10-04T06:42:37.6560647Z PROGRESS retained graphs 20/64
2026-10-04T06:42:37.8169366Z PROGRESS retained graphs 22/64
2026-10-04T06:42:38.0111857Z PROGRESS retained graphs 24/64
2026-10-04T06:42:38.2032207Z PROGRESS retained graphs 26/64
2026-10-04T06:42:38.3648127Z PROGRESS retained graphs 28/64
2026-10-04T06:42:38.5600424Z PROGRESS retained graphs 30/64
2026-10-04T06:42:38.7573328Z PROGRESS retained graphs 32/64
2026-10-04T06:42:38.9167539Z PROGRESS retained graphs 34/64
2026-10-04T06:42:39.1148211Z PROGRESS retained graphs 36/64
2026-10-04T06:42:39.3082981Z PROGRESS retained graphs 38/64
2026-10-04T06:42:39.4705848Z PROGRESS retained graphs 40/64
2026-10-04T06:42:39.6724513Z PROGRESS retained graphs 42/64
2026-10-04T06:42:39.8687460Z PROGRESS retained graphs 44/64
2026-10-04T06:42:40.0289110Z PROGRESS retained graphs 46/64
2026-10-04T06:42:40.2221192Z PROGRESS retained graphs 48/64
2026-10-04T06:42:40.4153123Z PROGRESS retained graphs 50/64
2026-10-04T06:42:40.5749931Z PROGRESS retained graphs 52/64
2026-10-04T06:42:40.7698675Z PROGRESS retained graphs 54/64
2026-10-04T06:42:40.9640007Z PROGRESS retained graphs 56/64
2026-10-04T06:42:41.1268991Z PROGRESS retained graphs 58/64
2026-10-04T06:42:41.3199255Z PROGRESS retained graphs 60/64
2026-10-04T06:42:41.5125446Z PROGRESS retained graphs 62/64
2026-10-04T06:42:41.6738461Z PROGRESS retained graphs 64/64
2026-10-04T06:42:41.6738969Z CASE-OK all finite graphs survive append, duplicate and withdrawal
2026-10-04T06:42:41.6739547Z CASE fixed captured source and finite mapping share retained solve
2026-10-04T06:42:41.8587817Z CASE-OK fixed captured source and finite mapping share retained solve
2026-10-04T06:42:41.8588520Z CASE batch replacement commits both sources and nested closure
2026-10-04T06:42:42.0808551Z [ascent-test] RUNNING logs=/home/runner/work/gerbil-ascent/gerbil-ascent/.cache/ascent/native-library/test.QGOBcX
2026-10-04T06:42:42.1882922Z PROGRESS nested source cuts 2/64
2026-10-04T06:42:42.3969237Z PROGRESS nested source cuts 4/64
2026-10-04T06:42:42.5989237Z PROGRESS nested source cuts 6/64
2026-10-04T06:42:42.7675823Z PROGRESS nested source cuts 8/64
2026-10-04T06:42:42.9669008Z PROGRESS nested source cuts 10/64
2026-10-04T06:42:43.1660879Z PROGRESS nested source cuts 12/64
2026-10-04T06:42:43.3655263Z PROGRESS nested source cuts 14/64
2026-10-04T06:42:43.5332265Z PROGRESS nested source cuts 16/64
2026-10-04T06:42:43.7372263Z PROGRESS nested source cuts 18/64
2026-10-04T06:42:43.9394306Z PROGRESS nested source cuts 20/64
2026-10-04T06:42:44.1410176Z PROGRESS nested source cuts 22/64
2026-10-04T06:42:44.3096862Z PROGRESS nested source cuts 24/64
2026-10-04T06:42:44.5134706Z PROGRESS nested source cuts 26/64
2026-10-04T06:42:44.7174036Z PROGRESS nested source cuts 28/64
2026-10-04T06:42:44.9193000Z PROGRESS nested source cuts 30/64
2026-10-04T06:42:45.0872465Z PROGRESS nested source cuts 32/64
2026-10-04T06:42:45.2900929Z PROGRESS nested source cuts 34/64
2026-10-04T06:42:45.4925338Z PROGRESS nested source cuts 36/64
2026-10-04T06:42:45.6929901Z PROGRESS nested source cuts 38/64
2026-10-04T06:42:45.8579611Z PROGRESS nested source cuts 40/64
2026-10-04T06:42:46.0564525Z PROGRESS nested source cuts 42/64
2026-10-04T06:42:46.2547128Z PROGRESS nested source cuts 44/64
2026-10-04T06:42:46.4565027Z PROGRESS nested source cuts 46/64
2026-10-04T06:42:46.6245702Z PROGRESS nested source cuts 48/64
2026-10-04T06:42:46.8259956Z PROGRESS nested source cuts 50/64
2026-10-04T06:42:47.0271200Z PROGRESS nested source cuts 52/64
2026-10-04T06:42:47.0827161Z [ascent-test] RUNNING logs=/home/runner/work/gerbil-ascent/gerbil-ascent/.cache/ascent/native-library/test.QGOBcX
2026-10-04T06:42:47.2299848Z PROGRESS nested source cuts 54/64
2026-10-04T06:42:47.3984374Z PROGRESS nested source cuts 56/64
2026-10-04T06:42:47.6019003Z PROGRESS nested source cuts 58/64
2026-10-04T06:42:47.8061701Z PROGRESS nested source cuts 60/64
2026-10-04T06:42:48.0057073Z PROGRESS nested source cuts 62/64
2026-10-04T06:42:48.1727886Z PROGRESS nested source cuts 64/64
2026-10-04T06:42:48.1728597Z CASE-OK batch replacement commits both sources and nested closure
2026-10-04T06:42:48.1729320Z CASE failed batch preserves all sources and the prior result
2026-10-04T06:42:48.4605584Z CASE-OK failed batch preserves all sources and the prior result
2026-10-04T06:42:48.4606392Z CASE invalid or over-budget update preserves last result
2026-10-04T06:42:48.5786322Z CASE-OK invalid or over-budget update preserves last result
2026-10-04T06:42:48.5787176Z CASE failed output budget does not publish an insertion
2026-10-04T06:42:48.6750739Z CASE-OK failed output budget does not publish an insertion
2026-10-04T06:42:48.6751686Z SUITE-OK retained first-class relational operators
2026-10-04T06:42:48.6752902Z MODULE-OK /home/runner/work/gerbil-ascent/gerbil-ascent/.cache/ascent/native-library/lib/gerbil-ascent/t/qualification/scheme-operator-retained-test.ssi
2026-10-04T06:42:48.6754760Z HARNESS-OK ("/home/runner/work/gerbil-ascent/gerbil-ascent/.cache/ascent/native-library/lib/gerbil-ascent/t/qualification/scheme-operator-retained-test.ssi")
2026-10-04T06:42:48.6755874Z OK
2026-10-04T06:42:48.7229855Z [ascent-test] PASS t/qualification/scheme-operator-retained-test.ss (14s)
2026-10-04T06:42:52.1781880Z *** WARNING module std/net/request is DEPRECATED and will be removed in the future
2026-10-04T06:42:52.2148972Z ##[group]Run just build-dsl-closure
2026-10-04T06:42:52.2149320Z [36;1mjust build-dsl-closure[0m
2026-10-04T06:42:52.2214808Z shell: /usr/bin/bash -e {0}
2026-10-04T06:42:52.2215088Z env:
2026-10-04T06:42:52.2215501Z   GERBIL_RELEASE_ROOT: /home/runner/work/gerbil-ascent/gerbil-ascent/.ci/gerbil-release/v19
2026-10-04T06:42:52.2216174Z   GERBIL_PREFIX: /home/runner/work/gerbil-ascent/gerbil-ascent/.ci/gerbil-release/v19
2026-10-04T06:42:52.2216823Z   GERBIL_HOME: /home/runner/work/gerbil-ascent/gerbil-ascent/.ci/gerbil-release/v19/current
2026-10-04T06:42:52.2218192Z   GAMBOPT: ~~=/home/runner/work/gerbil-ascent/gerbil-ascent/.ci/gerbil-release/v19/current,~~bin=/home/runner/work/gerbil-ascent/gerbil-ascent/.ci/gerbil-release/v19/current/bin,~~lib=/home/runner/work/gerbil-ascent/gerbil-ascent/.ci/gerbil-release/v19/current/lib
2026-10-04T06:42:52.2219357Z ##[endgroup]
2026-10-04T06:42:54.0902474Z DSL-SOURCE-FROZEN
2026-10-04T06:42:58.2739551Z ... compile t/qualification/ascent-byods-lattice-fixture
2026-10-04T06:43:01.4032842Z ... compile t/qualification/ascent-session-corpus
2026-10-04T06:43:02.0833722Z ... compile t/qualification/ascent-arity-repetition-output
2026-10-04T06:43:02.8395759Z ... compile tools/model-source-closure
2026-10-04T06:43:03.4002779Z ... compile t/qualification/ascent-byods-lattice-session-output
2026-10-04T06:43:03.8779150Z ... compile t/qualification/ascent-byods-session-output
2026-10-04T06:43:04.3359242Z ... compile t/qualification/ascent-multi-source-session-output
2026-10-04T06:43:04.7507671Z ... compile t/qualification/ascent-grouped-eqrel-session-output
2026-10-04T06:43:05.4450634Z compile t/harness/dsl-closure.ss
2026-10-04T06:43:05.4451689Z compile gerbil-ascent/t/harness/dsl-closure
2026-10-04T06:43:05.4452762Z compile /home/runner/work/gerbil-ascent/gerbil-ascent/.cache/ascent/native-library/lib/gerbil-ascent/t/harness/dsl-closure~0.scm
2026-10-04T06:43:05.4454260Z compile /home/runner/work/gerbil-ascent/gerbil-ascent/.cache/ascent/native-library/lib/gerbil-ascent/t/harness/dsl-closure.scm
2026-10-04T06:43:05.4455719Z compile /home/runner/work/gerbil-ascent/gerbil-ascent/.cache/ascent/native-library/lib/gerbil-ascent/t/harness/dsl-closure.ssi
2026-10-04T06:43:05.4456713Z compile exe t/harness/dsl-closure.ss
2026-10-04T06:43:05.4457267Z ... execute compile job ((compile-exe t/harness/dsl-closure.ss))
2026-10-04T06:43:06.5042412Z invoke (/home/runner/work/gerbil-ascent/gerbil-ascent/.ci/gerbil-release/v19/current/bin/gsc -link -target C /home/runner/work/gerbil-ascent/gerbil-ascent/.ci/gerbil-release/v19/current/lib/static/gerbil__runtime__gambit.c /home/runner/work/gerbil-ascent/gerbil-ascent/.ci/gerbil-release/v19/current/lib/static/gerbil__runtime__util.c /home/runner/work/gerbil-ascent/gerbil-ascent/.ci/gerbil-release/v19/current/lib/static/gerbil__runtime__table.c /home/runner/work/gerbil-ascent/gerbil-ascent/.ci/gerbil-release/v19/current/lib/static/gerbil__runtime__control.c /home/runner/work/gerbil-ascent/gerbil-ascent/.ci/gerbil-release/v19/current/lib/static/gerbil__runtime__system.c /home/runner/work/gerbil-ascent/gerbil-ascent/.ci/gerbil-release/v19/current/lib/static/gerbil__runtime__c3.c /home/runner/work/gerbil-ascent/gerbil-ascent/.ci/gerbil-release/v19/current/lib/static/gerbil__runtime__mop.c /home/runner/work/gerbil-ascent/gerbil-ascent/.ci/gerbil-release/v19/current/lib/static/gerbil__runtime__mop-system-classes.c /home/runner/work/gerbil-ascent/gerbil-ascent/.ci/gerbil-release/v19/current/lib/static/gerbil__runtime__error.c /home/runner/work/gerbil-ascent/gerbil-ascent/.ci/gerbil-release/v19/current/lib/static/gerbil__runtime__interface.c /home/runner/work/gerbil-ascent/gerbil-ascent/.ci/gerbil-release/v19/current/lib/static/gerbil__runtime__hash.c /home/runner/work/gerbil-ascent/gerbil-ascent/.ci/gerbil-release/v19/current/lib/static/gerbil__runtime__thread.c /home/runner/work/gerbil-ascent/gerbil-ascent/.ci/gerbil-release/v19/current/lib/static/gerbil__runtime__syntax.c /home/runner/work/gerbil-ascent/gerbil-ascent/.ci/gerbil-release/v19/current/lib/static/gerbil__runtime__eval.c /home/runner/work/gerbil-ascent/gerbil-ascent/.ci/gerbil-release/v19/current/lib/static/gerbil__runtime__repl.c /home/runner/work/gerbil-ascent/gerbil-ascent/.ci/gerbil-release/v19/current/lib/static/gerbil__runtime__loader.c /home/runner/work/gerbil-ascent/gerbil-ascent/.ci/gerbil-release/v19/current/lib/static/gerbil__runtime__init.c /home/runner/work/gerbil-ascent/gerbil-ascent/.ci/gerbil-release/v19/current/lib/static/gerbil__runtime.c /home/runner/work/gerbil-ascent/gerbil-ascent/.ci/gerbil-release/v19/current/lib/static/gerbil__base.c /home/runner/work/gerbil-ascent/gerbil-ascent/.ci/gerbil-release/v19/current/lib/static/std__error.c /home/runner/work/gerbil-ascent/gerbil-ascent/.ci/gerbil-release/v19/current/lib/static/std__interface.c /home/runner/work/gerbil-ascent/gerbil-ascent/.ci/gerbil-release/v19/current/lib/static/std__serde__scan.c /home/runner/work/gerbil-ascent/gerbil-ascent/.ci/gerbil-release/v19/current/lib/static/std__encoding__json__env.c /home/runner/work/gerbil-ascent/gerbil-ascent/.ci/gerbil-release/v19/current/lib/static/std__text__parser__char-set.c /home/runner/work/gerbil-ascent/gerbil-ascent/.ci/gerbil-release/v19/current/lib/static/std__list__list-builder.c /home/runner/work/gerbil-ascent/gerbil-ascent/.ci/gerbil-release/v19/current/lib/static/std__list__list.c /home/runner/work/gerbil-ascent/gerbil-ascent/.ci/gerbil-release/v19/current/lib/static/std__encoding__hex.c /home/runner/work/gerbil-ascent/gerbil-ascent/.ci/gerbil-release/v19/current/lib/static/std__number__misc.c /home/runner/work/gerbil-ascent/gerbil-ascent/.ci/gerbil-release/v19/current/lib/static/std__ffi~C-struct.c /home/runner/work/gerbil-ascent/gerbil-ascent/.ci/gerbil-release/v19/current/lib/static/std__ffi.c /home/runner/work/gerbil-ascent/gerbil-ascent/.ci/gerbil-release/v19/current/lib/static/std__vector__u8vector.c /home/runner/work/gerbil-ascent/gerbil-ascent/.ci/gerbil-release/v19/current/lib/static/std__iter__interface.c /home/runner/work/gerbil-ascent/gerbil-ascent/.ci/gerbil-release/v19/current/lib/static/std__iter__iterators.c /home/runner/work/gerbil-ascent/gerbil-ascent/.ci/gerbil-release/v19/current/lib/static/std__iter__macros.c /home/runner/work/gerbil-ascent/gerbil-ascent/.ci/gerbil-release/v19/current/lib/static/std__iter__api.c /home/runner/work/gerbil-ascent/gerbil-ascent/.ci/gerbil-release/v19/current/lib/static/std__iter.c /home/runner/work/gerbil-ascent/gerbil-ascent/.ci/gerbil-release/v19/current/lib/static/std__text__parser__base.c /home/runner/work/gerbil-ascent/gerbil-ascent/.ci/gerbil-release/v19/current/lib/static/std__io__interface__base.c /home/runner/work/gerbil-ascent/gerbil-ascent/.ci/gerbil-release/v19/current/lib/static/std__string__utf8.c /home/runner/work/gerbil-ascent/gerbil-ascent/.ci/gerbil-release/v19/current/lib/static/std__net__address__types.c /home/runner/work/gerbil-ascent/gerbil-ascent/.ci/gerbil-release/v19/current/lib/static/std__time__time.c /home/runner/work/gerbil-ascent/gerbil-ascent/.ci/gerbil-release/v19/current/lib/static/std__time__timeout.c /home/runner/work/gerbil-ascent/gerbil-ascent/.ci/gerbil-release/v19/current/lib/static/std__os__error.c /home/runner/work/gerbil-ascent/gerbil-ascent/.ci/gerbil-release/v19/current/lib/static/std__os__time.c /home/runner/work/gerbil-ascent/gerbil-ascent/.ci/gerbil-release/v19/current/lib/static/std__os__sockaddr.c /home/runner/work/gerbil-ascent/gerbil-ascent/.ci/gerbil-release/v19/current/lib/static/std__os__device.c /home/runner/work/gerbil-ascent/gerbil-ascent/.ci/gerbil-release/v19/current/lib/static/std__os__fcntl.c /home/runner/work/gerbil-ascent/gerbil-ascent/.ci/gerbil-release/v19/current/lib/static/std__os__socket.c /home/runner/work/gerbil-ascent/gerbil-ascent/.ci/gerbil-release/v19/current/lib/static/std__os__sockopt.c /home/runner/work/gerbil-ascent/gerbil-ascent/.ci/gerbil-release/v19/current/lib/static/std__io__interface__socket.c /home/runner/work/gerbil-ascent/gerbil-ascent/.ci/gerbil-release/v19/current/lib/static/std__io__interface__bio.c /home/runner/work/gerbil-ascent/gerbil-ascent/.ci/gerbil-release/v19/current/lib/static/std__io__interface.c /home/runner/work/gerbil-ascent/gerbil-ascent/.ci/gerbil-release/v19/current/lib/static/std__os__file.c /home/runner/work/gerbil-ascent/gerbil-ascent/.ci/gerbil-release/v19/current/lib/static/std__os__flock.c /home/runner/work/gerbil-ascent/gerbil-ascent/.ci/gerbil-release/v19/current/lib/static/std__io__file.c /home/runner/work/gerbil-ascent/gerbil-ascent/.ci/gerbil-release/v19/current/lib/static/std__encoding__base64.c /home/runner/work/gerbil-ascent/gerbil-ascent/.ci/gerbil-release/v19/current/lib/static/std__crypto__libcrypto.c /home/runner/work/gerbil-ascent/gerbil-ascent/.ci/gerbil-release/v19/current/lib/static/std__crypto__error.c /home/runner/work/gerbil-ascent/gerbil-ascent/.ci/gerbil-release/v19/current/lib/static/std__crypto__random.c /home/runner/work/gerbil-ascent/gerbil-ascent/.ci/gerbil-release/v19/current/lib/static/std__io__tempfile.c /home/runner/work/gerbil-ascent/gerbil-ascent/.ci/gerbil-release/v19/current/lib/static/std__io__bio__types.c /home/runner/work/gerbil-ascent/gerbil-ascent/.ci/gerbil-release/v19/current/lib/static/std__io__bio__macros.c /home/runner/work/gerbil-ascent/gerbil-ascent/.ci/gerbil-release/v19/current/lib/static/std__sync__spinlock.c /home/runner/work/gerbil-ascent/gerbil-ascent/.ci/gerbil-release/v19/current/lib/static/std__cache.c /home/runner/work/gerbil-ascent/gerbil-ascent/.ci/gerbil-release/v19/current/lib/static/std__io__bio__cache.c /home/runner/work/gerbil-ascent/gerbil-ascent/.ci/gerbil-release/v19/current/lib/static/std__io__bio__buffer.c /home/runner/work/gerbil-ascent/gerbil-ascent/.ci/gerbil-release/v19/current/lib/static/std__io__bio__output.c /home/runner/work/gerbil-ascent/gerbil-ascent/.ci/gerbil-release/v19/current/lib/static/std__io__bio__input.c /home/runner/work/gerbil-ascent/gerbil-ascent/.ci/gerbil-release/v19/current/lib/static/std__io__bio__delimited.c /home/runner/work/gerbil-ascent/gerbil-ascent/.ci/gerbil-release/v19/current/lib/static/std__io__bio__port.c /home/runner/work/gerbil-ascent/gerbil-ascent/.ci/gerbil-release/v19/current/lib/static/std__io__bio__srcsnk.c /home/runner/work/gerbil-ascent/gerbil-ascent/.ci/gerbil-release/v19/current/lib/static/std__io__bio__memory.c /home/runner/work/gerbil-ascent/gerbil-ascent/.ci/gerbil-release/v19/current/lib/static/std__io__bio__writer.c /home/runner/work/gerbil-ascent/gerbil-ascent/.ci/gerbil-release/v19/current/lib/static/std__io__bio__reader.c /home/runner/work/gerbil-ascent/gerbil-ascent/.ci/gerbil-release/v19/current/lib/static/std__io__bio__api.c /home/runner/work/gerbil-ascent/gerbil-ascent/.ci/gerbil-release/v19/current/lib/static/std__io__util.c /home/runner/work/gerbil-ascent/gerbil-ascent/.ci/gerbil-release/v19/current/lib/static/std__io__detachable.c /home/runner/work/gerbil-ascent/gerbil-ascent/.ci/gerbil-release/v19/current/lib/static/std__io__delimited.c /home/runner/work/gerbil-ascent/gerbil-ascent/.ci/gerbil-release/v19/current/lib/static/std__io__dummy.c /home/runner/work/gerbil-ascent/gerbil-ascent/.ci/gerbil-release/v19/current/lib/static/std__io__counter.c /home/runner/work/gerbil-ascent/gerbil-ascent/.ci/gerbil-release/v19/current/lib/static/std__io__socket__sockaddr.c /home/runner/work/gerbil-ascent/gerbil-ascent/.ci/gerbil-release/v19/current/lib/static/std__sync__rwlock.c /home/runner/work/gerbil-ascent/gerbil-ascent/.ci/gerbil-release/v19/current/lib/static/std__serde__util.c /home/runner/work/gerbil-ascent/gerbil-ascent/.ci/gerbil-release/v19/current/lib/static/std__serde__interface.c /home/runner/work/gerbil-ascent/gerbil-ascent/.ci/gerbil-release/v19/current/lib/static/std__hash__types.c /home/runner/work/gerbil-ascent/gerbil-ascent/.ci/gerbil-release/v19/current/lib/static/std__serde__deserialize.c /home/runner/work/gerbil-ascent/gerbil-ascent/.ci/gerbil-release/v19/current/lib/static/std__net__address__serde.c /home/runner/work/gerbil-ascent/gerbil-ascent/.ci/gerbil-release/v19/current/lib/static/std__format__ascii.c /home/runner/work/gerbil-ascent/gerbil-ascent/.ci/gerbil-release/v19/current/lib/static/std__format__env~integer-conversions.c /home/runner/work/gerbil-ascent/gerbil-ascent/.ci/gerbil-release/v19/current/lib/static/std__format__env.c /home/runner/work/gerbil-ascent/gerbil-ascent/.ci/gerbil-release/v19/current/lib/static/std__number__writer.c /home/runner/work/gerbil-ascent/gerbil-ascent/.ci/gerbil-release/v19/current/lib/static/std__serde__interned.c /home/runner/work/gerbil-ascent/gerbil-ascent/.ci/gerbil-release/v19/current/lib/static/std__serde__scanner.c /home/runner/work/gerbil-ascent/gerbil-ascent/.ci/gerbil-release/v19/current/lib/static/std__serde__serialize.c /home/runner/work/gerbil-ascent/gerbil-ascent/.ci/gerbil-release/v19/current/lib/static/std__format__ioutil.c /home/runner/work/gerbil-ascent/gerbil-ascent/.ci/gerbil-release/v19/current/lib/static/std__format__reader.c /home/runner/work/gerbil-ascent/gerbil-ascent/.ci/gerbil-release/v19/current/lib/static/std__format__writer.c /home/runner/work/gerbil-ascent/gerbil-ascent/.ci/gerbil-release/v19/current/lib/static/std__format__io.c /home/runner/work/gerbil-ascent/gerbil-ascent/.ci/gerbil-release/v19/current/lib/static/std__format__format-string.c /home/runner/work/gerbil-ascent/gerbil-ascent/.ci/gerbil-release/v19/current/lib/static/std__format__format.c /home/runner/work/gerbil-ascent/gerbil-ascent/.ci/gerbil-release/v19/current/lib/static/std__format__api.c /home/runner/work/gerbil-ascent/gerbil-ascent/.ci/gerbil-release/v19/current/lib/static/std__format.c /home/runner/work/gerbil-ascent/gerbil-ascent/.ci/gerbil-release/v19/current/lib/static/std__string__stringer.c /home/runner/work/gerbil-ascent/gerbil-ascent/.ci/gerbil-release/v19/current/lib/static/std__net__address__stringer.c /home/runner/work/gerbil-ascent/gerbil-ascent/.ci/gerbil-release/v19/current/lib/static/std__list__random.c /home/runner/work/gerbil-ascent/gerbil-ascent/.ci/gerbil-release/v19/current/lib/static/std__net__address__resolver.c /home/runner/work/gerbil-ascent/gerbil-ascent/.ci/gerbil-release/v19/current/lib/static/std__text__pregexp.c /home/runner/work/gerbil-ascent/gerbil-ascent/.ci/gerbil-release/v19/current/lib/static/std__net__address__parser.c /home/runner/work/gerbil-ascent/gerbil-ascent/.ci/gerbil-release/v19/current/lib/static/std__net__address__api.c /home/runner/work/gerbil-ascent/gerbil-ascent/.ci/gerbil-release/v19/current/lib/static/std__net__address.c /home/runner/work/gerbil-ascent/gerbil-ascent/.ci/gerbil-release/v19/current/lib/static/std__io__socket__types.c /home/runner/work/gerbil-ascent/gerbil-ascent/.ci/gerbil-release/v19/current/lib/static/std__io__socket__basic.c /home/runner/work/gerbil-ascent/gerbil-ascent/.ci/gerbil-release/v19/current/lib/static/std__io__socket__datagram.c /home/runner/work/gerbil-ascent/gerbil-ascent/.ci/gerbil-release/v19/current/lib/static/std__io__socket__server.c /home/runner/work/gerbil-ascent/gerbil-ascent/.ci/gerbil-release/v19/current/lib/static/std__io__socket__client.c /home/runner/work/gerbil-ascent/gerbil-ascent/.ci/gerbil-release/v19/current/lib/static/std__io__socket__stream.c /home/runner/work/gerbil-ascent/gerbil-ascent/.ci/gerbil-release/v19/current/lib/static/std__io__socket__socket.c /home/runner/work/gerbil-ascent/gerbil-ascent/.ci/gerbil-release/v19/current/lib/static/std__io__socket__api.c /home/runner/work/gerbil-ascent/gerbil-ascent/.ci/gerbil-release/v19/current/lib/static/std__io__api.c /home/runner/work/gerbil-ascent/gerbil-ascent/.ci/gerbil-release/v19/current/lib/static/std__io.c /home/runner/work/gerbil-ascent/gerbil-ascent/.ci/gerbil-release/v19/current/lib/static/std__text__parser__ll1.c /home/runner/work/gerbil-ascent/gerbil-ascent/.ci/gerbil-release/v19/current/lib/static/std__list__alist.c /home/runner/work/gerbil-ascent/gerbil-ascent/.ci/gerbil-release/v19/current/lib/static/std__list__walist.c /home/runner/work/gerbil-ascent/gerbil-ascent/.ci/gerbil-release/v19/current/lib/static/std__encoding__json__reader.c /home/runner/work/gerbil-ascent/gerbil-ascent/.ci/gerbil-release/v19/current/lib/static/std__encoding__json__writer.c /home/runner/work/gerbil-ascent/gerbil-ascent/.ci/gerbil-release/v19/current/lib/static/std__encoding__json__io.c /home/runner/work/gerbil-ascent/gerbil-ascent/.ci/gerbil-release/v19/current/lib/static/std__misc__ports.c /home/runner/work/gerbil-ascent/gerbil-ascent/.ci/gerbil-release/v19/current/lib/static/std__list__plist.c /home/runner/work/gerbil-ascent/gerbil-ascent/.ci/gerbil-release/v19/current/lib/static/std__encoding__json__util.c /home/runner/work/gerbil-ascent/gerbil-ascent/.ci/gerbil-release/v19/current/lib/static/std__encoding__json__api.c /home/runner/work/gerbil-ascent/gerbil-ascent/.ci/gerbil-release/v19/current/lib/static/std__encoding__json.c /home/runner/work/gerbil-ascent/gerbil-ascent/.ci/gerbil-release/v19/current/lib/static/gerbil__expander__common.c /home/runner/work/gerbil-ascent/gerbil-ascent/.ci/gerbil-release/v19/current/lib/static/gerbil__expander__stx.c /home/runner/work/gerbil-ascent/gerbil-ascent/.ci/gerbil-release/v19/current/lib/static/gerbil__expander__core.c /home/runner/work/gerbil-ascent/gerbil-ascent/.ci/gerbil-release/v19/current/lib/static/gerbil__expander__compile.c /home/runner/work/gerbil-ascent/gerbil-ascent/.ci/gerbil-release/v19/current/lib/static/gerbil__expander__top.c /home/runner/work/gerbil-ascent/gerbil-ascent/.ci/gerbil-release/v19/current/lib/static/gerbil__expander__module.c /home/runner/work/gerbil-ascent/gerbil-ascent/.ci/gerbil-release/v19/current/lib/static/gerbil__expander__root.c /home/runner/work/gerbil-ascent/gerbil-ascent/.ci/gerbil-release/v19/current/lib/static/gerbil__expander__init.c /home/runner/work/gerbil-ascent/gerbil-ascent/.ci/gerbil-release/v19/current/lib/static/gerbil__expander__stxcase.c /home/runner/work/gerbil-ascent/gerbil-ascent/.ci/gerbil-release/v19/current/lib/static/gerbil__expander.c /home/runner/work/gerbil-ascent/gerbil-ascent/.ci/gerbil-release/v19/current/lib/static/gerbil__compiler__base.c /home/runner/work/gerbil-ascent/gerbil-ascent/.ci/gerbil-release/v19/current/lib/static/gerbil__compiler__method.c /home/runner/work/gerbil-ascent/gerbil-ascent/.ci/gerbil-release/v19/current/lib/static/gerbil__compiler__compile.c /home/runner/work/gerbil-ascent/gerbil-ascent/.ci/gerbil-release/v19/current/lib/static/gerbil__compiler__optimize-base.c /home/runner/work/gerbil-ascent/gerbil-ascent/.ci/gerbil-release/v19/current/lib/static/gerbil__compiler__optimize-xform.c /home/runner/work/gerbil-ascent/gerbil-ascent/.ci/gerbil-release/v19/current/lib/static/gerbil__compiler__optimize-top.c /home/runner/work/gerbil-ascent/gerbil-ascent/.ci/gerbil-release/v19/current/lib/static/gerbil__compiler__optimize-call.c /home/runner/work/gerbil-ascent/gerbil-ascent/.ci/gerbil-release/v19/current/lib/static/gerbil__compiler__optimize-ann.c /home/runner/work/gerbil-ascent/gerbil-ascent/.ci/gerbil-release/v19/current/lib/static/gerbil__compiler__optimize-spec.c /home/runner/work/gerbil-ascent/gerbil-ascent/.ci/gerbil-release/v19/current/lib/static/gerbil__compiler__optimize.c /home/runner/work/gerbil-ascent/gerbil-ascent/.ci/gerbil-release/v19/current/lib/static/gerbil__compiler__driver.c /home/runner/work/gerbil-ascent/gerbil-ascent/.ci/gerbil-release/v19/current/lib/static/std__func.c /home/runner/work/gerbil-ascent/gerbil-ascent/.ci/gerbil-release/v19/current/lib/static/std__values.c /home/runner/work/gerbil-ascent/gerbil-ascent/.ci/gerbil-release/v19/current/lib/static/std__stxparam.c /home/runner/work/gerbil-ascent/gerbil-ascent/.ci/gerbil-release/v19/current/lib/static/std__string__symbol.c /home/runner/work/gerbil-ascent/gerbil-ascent/.ci/gerbil-release/v19/current/lib/static/std__hash__misc.c /home/runner/work/gerbil-ascent/gerbil-ascent/.ci/gerbil-release/v19/current/lib/static/std__assert.c /home/runner/work/gerbil-ascent/gerbil-ascent/.ci/gerbil-release/v19/current/lib/static/std__vector__vector.c /home/runner/work/gerbil-ascent/gerbil-ascent/.ci/gerbil-release/v19/current/lib/static/std__test__base.c /home/runner/work/gerbil-ascent/gerbil-ascent/.ci/gerbil-release/v19/current/lib/static/std__crypto__digest.c /home/runner/work/gerbil-ascent/gerbil-ascent/.ci/gerbil-release/v19/current/lib/static/std__test__unit.c /home/runner/work/gerbil-ascent/gerbil-ascent/.ci/gerbil-release/v19/current/lib/static/std__test.c /home/runner/work/gerbil-ascent/gerbil-ascent/.cache/ascent/native-library/lib/static/gerbil-ascent__tools__model-source-closure.scm /home/runner/work/gerbil-ascent/gerbil-ascent/.cache/ascent/native-library/lib/static/gerbil-ascent__table__trrel.scm /home/runner/work/gerbil-ascent/gerbil-ascent/.cache/ascent/native-library/lib/static/gerbil-ascent__table__eqrel.scm /home/runner/work/gerbil-ascent/gerbil-ascent/.gerbil/lib/static/clan__poo__support__base.scm /home/runner/work/gerbil-ascent/gerbil-ascent/.gerbil/lib/static/clan__poo__object.scm /home/runner/work/gerbil-ascent/gerbil-ascent/.gerbil/lib/static/clan__poo__support__repr.scm /home/runner/work/gerbil-ascent/gerbil-ascent/.gerbil/lib/static/clan__poo__support__json.scm /home/runner/work/gerbil-ascent/gerbil-ascent/.gerbil/lib/static/clan__poo__support__io.scm /home/runner/work/gerbil-ascent/gerbil-ascent/.gerbil/lib/static/clan__poo__mop.scm /home/runner/work/gerbil-ascent/gerbil-ascent/.gerbil/lib/static/core__types.scm /home/runner/work/gerbil-ascent/gerbil-ascent/.cache/ascent/native-library/lib/static/gerbil-ascent__table__storage.scm /home/runner/work/gerbil-ascent/gerbil-ascent/.cache/ascent/native-library/lib/static/gerbil-ascent__table__funs.scm /home/runner/work/gerbil-ascent/gerbil-ascent/.cache/ascent/native-library/lib/static/gerbil-ascent__table__provider.scm /home/runner/work/gerbil-ascent/gerbil-ascent/.cache/ascent/native-library/lib/static/gerbil-ascent__program__types.scm /home/runner/work/gerbil-ascent/gerbil-ascent/.cache/ascent/native-library/lib/static/gerbil-ascent__program__objects.scm /home/runner/work/gerbil-ascent/gerbil-ascent/.cache/ascent/native-library/lib/static/gerbil-ascent__table__access.scm /home/runner/work/gerbil-ascent/gerbil-ascent/.cache/ascent/native-library/lib/static/gerbil-ascent__program__graph.scm /home/runner/work/gerbil-ascent/gerbil-ascent/.cache/ascent/native-library/lib/static/gerbil-ascent__program__funs.scm /home/runner/work/gerbil-ascent/gerbil-ascent/.cache/ascent/native-library/lib/static/gerbil-ascent__program__analysis.scm /home/runner/work/gerbil-ascent/gerbil-ascent/.cache/ascent/native-library/lib/static/gerbil-ascent__program__positive.scm /home/runner/work/gerbil-ascent/gerbil-ascent/.cache/ascent/native-library/lib/static/gerbil-ascent__program__aggregators.scm /home/runner/work/gerbil-ascent/gerbil-ascent/.cache/ascent/native-library/lib/static/gerbil-ascent__program__scheme-checked.scm /home/runner/work/gerbil-ascent/gerbil-ascent/.cache/ascent/native-library/lib/static/gerbil-ascent__program__update-selection.scm /home/runner/work/gerbil-ascent/gerbil-ascent/.cache/ascent/native-library/lib/static/gerbil-ascent__program__reuse.scm /home/runner/work/gerbil-ascent/gerbil-ascent/.cache/ascent/native-library/lib/static/gerbil-ascent__program__planning.scm /home/runner/work/gerbil-ascent/gerbil-ascent/.cache/ascent/native-library/lib/static/gerbil-ascent__program__result.scm /home/runner/work/gerbil-ascent/gerbil-ascent/.cache/ascent/native-library/lib/static/gerbil-ascent__program__admission.scm /home/runner/work/gerbil-ascent/gerbil-ascent/.cache/ascent/native-library/lib/static/gerbil-ascent__program__evaluate.scm /home/runner/work/gerbil-ascent/gerbil-ascent/.cache/ascent/native-library/lib/static/gerbil-ascent__program__session.scm /home/runner/work/gerbil-ascent/gerbil-ascent/.cache/ascent/native-library/lib/static/gerbil-ascent__program__scheme-admission.scm /home/runner/work/gerbil-ascent/gerbil-ascent/.cache/ascent/native-library/lib/static/gerbil-ascent__program__operator.scm /home/runner/work/gerbil-ascent/gerbil-ascent/.cache/ascent/native-library/lib/static/gerbil-ascent__program__operator-session.scm /home/runner/work/gerbil-ascent/gerbil-ascent/.cache/ascent/native-library/lib/static/gerbil-ascent__program__operator-change.scm /home/runner/work/gerbil-ascent/gerbil-ascent/.cache/ascent/native-library/lib/static/gerbil-ascent__program__summary.scm /home/runner/work/gerbil-ascent/gerbil-ascent/.cache/ascent/native-library/lib/static/gerbil-ascent__t__qualification__ascent-arity-repetition-output.scm /home/runner/work/gerbil-ascent/gerbil-ascent/.gerbil/lib/static/clan__poo__io.scm /home/runner/work/gerbil-ascent/gerbil-ascent/.gerbil/lib/static/clan__poo__number.scm /home/runner/work/gerbil-ascent/gerbil-ascent/.gerbil/lib/static/clan__poo__type.scm /home/runner/work/gerbil-ascent/gerbil-ascent/.gerbil/lib/static/clan__poo__support__option.scm /home/runner/work/gerbil-ascent/gerbil-ascent/.gerbil/lib/static/clan__poo__table.scm /home/runner/work/gerbil-ascent/gerbil-ascent/.gerbil/lib/static/clan__poo__fun.scm /home/runner/work/gerbil-ascent/gerbil-ascent/.gerbil/lib/static/clan__poo__trie.scm /home/runner/work/gerbil-ascent/gerbil-ascent/.cache/ascent/native-library/lib/static/gerbil-ascent__table__expression.scm /home/runner/work/gerbil-ascent/gerbil-ascent/.cache/ascent/native-library/lib/static/gerbil-ascent__t__qualification__ascent-byods-lattice-fixture.scm /home/runner/work/gerbil-ascent/gerbil-ascent/.cache/ascent/native-library/lib/static/gerbil-ascent__t__qualification__ascent-byods-lattice-session-output.scm /home/runner/work/gerbil-ascent/gerbil-ascent/.cache/ascent/native-library/lib/static/gerbil-ascent__t__qualification__ascent-session-corpus.scm /home/runner/work/gerbil-ascent/gerbil-ascent/.cache/ascent/native-library/lib/static/gerbil-ascent__t__qualification__ascent-grouped-eqrel-session-output.scm /home/runner/work/gerbil-ascent/gerbil-ascent/.cache/ascent/native-library/lib/static/gerbil-ascent__t__qualification__ascent-multi-source-session-output.scm /home/runner/work/gerbil-ascent/gerbil-ascent/.cache/ascent/native-library/lib/static/gerbil-ascent__t__qualification__ascent-byods-session-output.scm /home/runner/work/gerbil-ascent/gerbil-ascent/.cache/ascent/native-library/lib/static/gerbil-ascent__candidate__types.scm /home/runner/work/gerbil-ascent/gerbil-ascent/.cache/ascent/native-library/lib/static/gerbil-ascent__candidate__program.scm /home/runner/work/gerbil-ascent/gerbil-ascent/.cache/ascent/native-library/lib/static/gerbil-ascent__candidate__funs.scm /home/runner/work/gerbil-ascent/gerbil-ascent/.cache/ascent/native-library/lib/static/gerbil-ascent__candidate__finite-evidence.scm /home/runner/work/gerbil-ascent/gerbil-ascent/.cache/ascent/native-library/lib/static/gerbil-ascent__candidate__stratified-provenance.scm /home/runner/work/gerbil-ascent/gerbil-ascent/.cache/ascent/native-library/lib/static/gerbil-ascent__candidate__stratified-proof.scm /home/runner/work/gerbil-ascent/gerbil-ascent/.cache/ascent/native-library/lib/static/gerbil-ascent__candidate__stratified-producer.scm /home/runner/work/gerbil-ascent/gerbil-ascent/.cache/ascent/native-library/lib/static/gerbil-ascent__candidate__provenance.scm /home/runner/work/gerbil-ascent/gerbil-ascent/.cache/ascent/native-library/lib/static/gerbil-ascent__candidate__nonmembership.scm /home/runner/work/gerbil-ascent/gerbil-ascent/.cache/ascent/native-library/lib/static/gerbil-ascent__candidate__reasoning.scm /home/runner/work/gerbil-ascent/gerbil-ascent/.cache/ascent/native-library/lib/static/gerbil-ascent__program__higher-order.scm /home/runner/work/gerbil-ascent/gerbil-ascent/.cache/ascent/native-library/lib/static/gerbil-ascent__t__qualification__scheme-model-closure-test.scm /home/runner/work/gerbil-ascent/gerbil-ascent/.cache/ascent/native-library/lib/static/gerbil-ascent__t__qualification__scheme-stratified-provenance-test.scm /home/runner/work/gerbil-ascent/gerbil-ascent/.cache/ascent/native-library/lib/static/gerbil-ascent__t__qualification__scheme-session-deletion-test.scm /home/runner/work/gerbil-ascent/gerbil-ascent/.cache/ascent/native-library/lib/static/gerbil-ascent__t__qualification__scheme-higher-order-test.scm /home/runner/work/gerbil-ascent/gerbil-ascent/.cache/ascent/native-library/lib/static/gerbil-ascent__candidate__provenance-graph.scm /home/runner/work/gerbil-ascent/gerbil-ascent/.cache/ascent/native-library/lib/static/gerbil-ascent__t__qualification__scheme-provenance-graph-test.scm /home/runner/work/gerbil-ascent/gerbil-ascent/.gerbil/lib/static/core__observability__types.scm /home/runner/work/gerbil-ascent/gerbil-ascent/.gerbil/lib/static/core__observability__funcs.scm /home/runner/work/gerbil-ascent/gerbil-ascent/.gerbil/lib/static/clan__poo__support__debug.scm /home/runner/work/gerbil-ascent/gerbil-ascent/.gerbil/lib/static/clan__poo__debug.scm /home/runner/work/gerbil-ascent/gerbil-ascent/.gerbil/lib/static/core__observability__slot-debug.scm /home/runner/work/gerbil-ascent/gerbil-ascent/.gerbil/lib/static/core__observability__debug.scm /home/runner/work/gerbil-ascent/gerbil-ascent/.gerbil/lib/static/core__observability__testing-case.scm /home/runner/work/gerbil-ascent/gerbil-ascent/.cache/ascent/native-library/lib/static/gerbil-ascent__t__qualification__ascent-timeout-test.scm /home/runner/work/gerbil-ascent/gerbi/home/runner/work/gerbil-ascent/gerbil-ascent/.cache/ascent/native-library/lib/static/gerbil-ascent__tools__model-source-closure.scm:
2026-10-04T06:43:06.5213686Z /home/runner/work/gerbil-ascent/gerbil-ascent/.cache/ascent/native-library/lib/static/gerbil-ascent__table__trrel.scm:
2026-10-04T06:43:06.5215765Z /home/runner/work/gerbil-ascent/gerbil-ascent/.cache/ascent/native-library/lib/static/gerbil-ascent__table__eqrel.scm:
2026-10-04T06:43:06.5217057Z /home/runner/work/gerbil-ascent/gerbil-ascent/.gerbil/lib/static/clan__poo__support__base.scm:
2026-10-04T06:43:06.5218151Z /home/runner/work/gerbil-ascent/gerbil-ascent/.gerbil/lib/static/clan__poo__object.scm:
2026-10-04T06:43:06.5219234Z /home/runner/work/gerbil-ascent/gerbil-ascent/.gerbil/lib/static/clan__poo__support__repr.scm:
2026-10-04T06:43:06.5220349Z /home/runner/work/gerbil-ascent/gerbil-ascent/.gerbil/lib/static/clan__poo__support__json.scm:
2026-10-04T06:43:06.5221646Z /home/runner/work/gerbil-ascent/gerbil-ascent/.gerbil/lib/static/clan__poo__support__io.scm:
2026-10-04T06:43:06.5222703Z /home/runner/work/gerbil-ascent/gerbil-ascent/.gerbil/lib/static/clan__poo__mop.scm:
2026-10-04T06:43:06.5223691Z /home/runner/work/gerbil-ascent/gerbil-ascent/.gerbil/lib/static/core__types.scm:
2026-10-04T06:43:07.1566469Z /home/runner/work/gerbil-ascent/gerbil-ascent/.cache/ascent/native-library/lib/static/gerbil-ascent__table__storage.scm:
2026-10-04T06:43:07.1567947Z /home/runner/work/gerbil-ascent/gerbil-ascent/.cache/ascent/native-library/lib/static/gerbil-ascent__table__funs.scm:
2026-10-04T06:43:07.1569254Z /home/runner/work/gerbil-ascent/gerbil-ascent/.cache/ascent/native-library/lib/static/gerbil-ascent__table__provider.scm:
2026-10-04T06:43:07.1570586Z /home/runner/work/gerbil-ascent/gerbil-ascent/.cache/ascent/native-library/lib/static/gerbil-ascent__program__types.scm:
2026-10-04T06:43:07.1572256Z /home/runner/work/gerbil-ascent/gerbil-ascent/.cache/ascent/native-library/lib/static/gerbil-ascent__program__objects.scm:
2026-10-04T06:43:07.1573610Z /home/runner/work/gerbil-ascent/gerbil-ascent/.cache/ascent/native-library/lib/static/gerbil-ascent__table__access.scm:
2026-10-04T06:43:07.1575059Z /home/runner/work/gerbil-ascent/gerbil-ascent/.cache/ascent/native-library/lib/static/gerbil-ascent__program__graph.scm:
2026-10-04T06:43:07.1576351Z /home/runner/work/gerbil-ascent/gerbil-ascent/.cache/ascent/native-library/lib/static/gerbil-ascent__program__funs.scm:
2026-10-04T06:43:08.2274878Z /home/runner/work/gerbil-ascent/gerbil-ascent/.cache/ascent/native-library/lib/static/gerbil-ascent__program__analysis.scm:
2026-10-04T06:43:08.2276319Z /home/runner/work/gerbil-ascent/gerbil-ascent/.cache/ascent/native-library/lib/static/gerbil-ascent__program__positive.scm:
2026-10-04T06:43:08.2277759Z /home/runner/work/gerbil-ascent/gerbil-ascent/.cache/ascent/native-library/lib/static/gerbil-ascent__program__aggregators.scm:
2026-10-04T06:43:08.2279276Z /home/runner/work/gerbil-ascent/gerbil-ascent/.cache/ascent/native-library/lib/static/gerbil-ascent__program__scheme-checked.scm:
2026-10-04T06:43:08.2281089Z /home/runner/work/gerbil-ascent/gerbil-ascent/.cache/ascent/native-library/lib/static/gerbil-ascent__program__update-selection.scm:
2026-10-04T06:43:08.2282861Z /home/runner/work/gerbil-ascent/gerbil-ascent/.cache/ascent/native-library/lib/static/gerbil-ascent__program__reuse.scm:
2026-10-04T06:43:08.2284230Z /home/runner/work/gerbil-ascent/gerbil-ascent/.cache/ascent/native-library/lib/static/gerbil-ascent__program__planning.scm:
2026-10-04T06:43:08.2285577Z /home/runner/work/gerbil-ascent/gerbil-ascent/.cache/ascent/native-library/lib/static/gerbil-ascent__program__result.scm:
2026-10-04T06:43:09.5384401Z /home/runner/work/gerbil-ascent/gerbil-ascent/.cache/ascent/native-library/lib/static/gerbil-ascent__program__admission.scm:
2026-10-04T06:43:09.5385870Z /home/runner/work/gerbil-ascent/gerbil-ascent/.cache/ascent/native-library/lib/static/gerbil-ascent__program__evaluate.scm:
2026-10-04T06:43:09.5387312Z /home/runner/work/gerbil-ascent/gerbil-ascent/.cache/ascent/native-library/lib/static/gerbil-ascent__program__session.scm:
2026-10-04T06:43:09.5388802Z /home/runner/work/gerbil-ascent/gerbil-ascent/.cache/ascent/native-library/lib/static/gerbil-ascent__program__scheme-admission.scm:
2026-10-04T06:43:09.5390232Z /home/runner/work/gerbil-ascent/gerbil-ascent/.cache/ascent/native-library/lib/static/gerbil-ascent__program__operator.scm:
2026-10-04T06:43:09.5394601Z /home/runner/work/gerbil-ascent/gerbil-ascent/.cache/ascent/native-library/lib/static/gerbil-ascent__program__operator-session.scm:
2026-10-04T06:43:09.5396123Z /home/runner/work/gerbil-ascent/gerbil-ascent/.cache/ascent/native-library/lib/static/gerbil-ascent__program__operator-change.scm:
2026-10-04T06:43:09.5397620Z /home/runner/work/gerbil-ascent/gerbil-ascent/.cache/ascent/native-library/lib/static/gerbil-ascent__program__summary.scm:
2026-10-04T06:43:10.7670459Z /home/runner/work/gerbil-ascent/gerbil-ascent/.cache/ascent/native-library/lib/static/gerbil-ascent__t__qualification__ascent-arity-repetition-output.scm:
2026-10-04T06:43:10.7672761Z /home/runner/work/gerbil-ascent/gerbil-ascent/.gerbil/lib/static/clan__poo__io.scm:
2026-10-04T06:43:10.7673581Z /home/runner/work/gerbil-ascent/gerbil-ascent/.gerbil/lib/static/clan__poo__number.scm:
2026-10-04T06:43:10.7674491Z /home/runner/work/gerbil-ascent/gerbil-ascent/.gerbil/lib/static/clan__poo__type.scm:
2026-10-04T06:43:10.7675741Z /home/runner/work/gerbil-ascent/gerbil-ascent/.gerbil/lib/static/clan__poo__support__option.scm:
2026-10-04T06:43:10.7676684Z /home/runner/work/gerbil-ascent/gerbil-ascent/.gerbil/lib/static/clan__poo__table.scm:
2026-10-04T06:43:10.7677442Z /home/runner/work/gerbil-ascent/gerbil-ascent/.gerbil/lib/static/clan__poo__fun.scm:
2026-10-04T06:43:10.7678184Z /home/runner/work/gerbil-ascent/gerbil-ascent/.gerbil/lib/static/clan__poo__trie.scm:
2026-10-04T06:43:10.7679130Z /home/runner/work/gerbil-ascent/gerbil-ascent/.cache/ascent/native-library/lib/static/gerbil-ascent__table__expression.scm:
2026-10-04T06:43:10.7680414Z /home/runner/work/gerbil-ascent/gerbil-ascent/.cache/ascent/native-library/lib/static/gerbil-ascent__t__qualification__ascent-byods-lattice-fixture.scm:
2026-10-04T06:43:11.5743169Z /home/runner/work/gerbil-ascent/gerbil-ascent/.cache/ascent/native-library/lib/static/gerbil-ascent__t__qualification__ascent-byods-lattice-session-output.scm:
2026-10-04T06:43:11.5745105Z /home/runner/work/gerbil-ascent/gerbil-ascent/.cache/ascent/native-library/lib/static/gerbil-ascent__t__qualification__ascent-session-corpus.scm:
2026-10-04T06:43:11.5746918Z /home/runner/work/gerbil-ascent/gerbil-ascent/.cache/ascent/native-library/lib/static/gerbil-ascent__t__qualification__ascent-grouped-eqrel-session-output.scm:
2026-10-04T06:43:11.5748737Z /home/runner/work/gerbil-ascent/gerbil-ascent/.cache/ascent/native-library/lib/static/gerbil-ascent__t__qualification__ascent-multi-source-session-output.scm:
2026-10-04T06:43:11.5750331Z /home/runner/work/gerbil-ascent/gerbil-ascent/.cache/ascent/native-library/lib/static/gerbil-ascent__t__qualification__ascent-byods-session-output.scm:
2026-10-04T06:43:11.5752313Z /home/runner/work/gerbil-ascent/gerbil-ascent/.cache/ascent/native-library/lib/static/gerbil-ascent__candidate__types.scm:
2026-10-04T06:43:11.5753600Z /home/runner/work/gerbil-ascent/gerbil-ascent/.cache/ascent/native-library/lib/static/gerbil-ascent__candidate__program.scm:
2026-10-04T06:43:12.8097584Z /home/runner/work/gerbil-ascent/gerbil-ascent/.cache/ascent/native-library/lib/static/gerbil-ascent__candidate__funs.scm:
2026-10-04T06:43:12.8099569Z /home/runner/work/gerbil-ascent/gerbil-ascent/.cache/ascent/native-library/lib/static/gerbil-ascent__candidate__finite-evidence.scm:
2026-10-04T06:43:12.8102031Z /home/runner/work/gerbil-ascent/gerbil-ascent/.cache/ascent/native-library/lib/static/gerbil-ascent__candidate__stratified-provenance.scm:
2026-10-04T06:43:12.8103246Z /home/runner/work/gerbil-ascent/gerbil-ascent/.cache/ascent/native-library/lib/static/gerbil-ascent__candidate__stratified-proof.scm:
2026-10-04T06:43:12.8104413Z /home/runner/work/gerbil-ascent/gerbil-ascent/.cache/ascent/native-library/lib/static/gerbil-ascent__candidate__stratified-producer.scm:
2026-10-04T06:43:12.8105555Z /home/runner/work/gerbil-ascent/gerbil-ascent/.cache/ascent/native-library/lib/static/gerbil-ascent__candidate__provenance.scm:
2026-10-04T06:43:12.8106950Z /home/runner/work/gerbil-ascent/gerbil-ascent/.cache/ascent/native-library/lib/static/gerbil-ascent__candidate__nonmembership.scm:
2026-10-04T06:43:12.8108029Z /home/runner/work/gerbil-ascent/gerbil-ascent/.cache/ascent/native-library/lib/static/gerbil-ascent__candidate__reasoning.scm:
2026-10-04T06:43:13.7867822Z /home/runner/work/gerbil-ascent/gerbil-ascent/.cache/ascent/native-library/lib/static/gerbil-ascent__program__higher-order.scm:
2026-10-04T06:43:13.7869456Z /home/runner/work/gerbil-ascent/gerbil-ascent/.cache/ascent/native-library/lib/static/gerbil-ascent__t__qualification__scheme-model-closure-test.scm:
2026-10-04T06:43:13.7870952Z /home/runner/work/gerbil-ascent/gerbil-ascent/.cache/ascent/native-library/lib/static/gerbil-ascent__t__qualification__scheme-stratified-provenance-test.scm:
2026-10-04T06:43:13.7872972Z /home/runner/work/gerbil-ascent/gerbil-ascent/.cache/ascent/native-library/lib/static/gerbil-ascent__t__qualification__scheme-session-deletion-test.scm:
2026-10-04T06:43:13.7874403Z /home/runner/work/gerbil-ascent/gerbil-ascent/.cache/ascent/native-library/lib/static/gerbil-ascent__t__qualification__scheme-higher-order-test.scm:
2026-10-04T06:43:13.7875739Z /home/runner/work/gerbil-ascent/gerbil-ascent/.cache/ascent/native-library/lib/static/gerbil-ascent__candidate__provenance-graph.scm:
2026-10-04T06:43:13.7877075Z /home/runner/work/gerbil-ascent/gerbil-ascent/.cache/ascent/native-library/lib/static/gerbil-ascent__t__qualification__scheme-provenance-graph-test.scm:
2026-10-04T06:43:15.8464339Z /home/runner/work/gerbil-ascent/gerbil-ascent/.gerbil/lib/static/core__observability__types.scm:
2026-10-04T06:43:15.8465439Z /home/runner/work/gerbil-ascent/gerbil-ascent/.gerbil/lib/static/core__observability__funcs.scm:
2026-10-04T06:43:15.8466457Z /home/runner/work/gerbil-ascent/gerbil-ascent/.gerbil/lib/static/clan__poo__support__debug.scm:
2026-10-04T06:43:15.8467434Z /home/runner/work/gerbil-ascent/gerbil-ascent/.gerbil/lib/static/clan__poo__debug.scm:
2026-10-04T06:43:15.8468347Z /home/runner/work/gerbil-ascent/gerbil-ascent/.gerbil/lib/static/core__observability__slot-debug.scm:
2026-10-04T06:43:15.8469177Z /home/runner/work/gerbil-ascent/gerbil-ascent/.gerbil/lib/static/core__observability__debug.scm:
2026-10-04T06:43:15.8469995Z /home/runner/work/gerbil-ascent/gerbil-ascent/.gerbil/lib/static/core__observability__testing-case.scm:
2026-10-04T06:43:15.8471043Z /home/runner/work/gerbil-ascent/gerbil-ascent/.cache/ascent/native-library/lib/static/gerbil-ascent__t__qualification__ascent-timeout-test.scm:
2026-10-04T06:43:15.8472714Z /home/runner/work/gerbil-ascent/gerbil-ascent/.cache/ascent/native-library/lib/static/gerbil-ascent__t__qualification__ascent-positive-nonmembership-test.scm:
2026-10-04T06:43:17.2670181Z /home/runner/work/gerbil-ascent/gerbil-ascent/.cache/ascent/native-library/lib/static/gerbil-ascent__t__qualification__ascent-finite-evidence-test.scm:
2026-10-04T06:43:17.2672687Z /home/runner/work/gerbil-ascent/gerbil-ascent/.cache/ascent/native-library/lib/static/gerbil-ascent__t__qualification__scheme-operator-retained-test.scm:
2026-10-04T06:43:17.2674605Z /home/runner/work/gerbil-ascent/gerbil-ascent/.cache/ascent/native-library/lib/static/gerbil-ascent__t__qualification__scheme-library-contract-test.scm:
2026-10-04T06:43:17.2676313Z /home/runner/work/gerbil-ascent/gerbil-ascent/.cache/ascent/native-library/lib/static/gerbil-ascent__t__qualification__scheme-operator-test.scm:
2026-10-04T06:43:17.2678053Z /home/runner/work/gerbil-ascent/gerbil-ascent/.cache/ascent/native-library/lib/static/gerbil-ascent__t__qualification__scheme-closure-contract-test.scm:
2026-10-04T06:43:17.2679677Z /home/runner/work/gerbil-ascent/gerbil-ascent/.cache/ascent/native-library/lib/static/gerbil-ascent__t__harness__dsl-closure.scm:
2026-10-04T06:43:17.2680952Z /home/runner/work/gerbil-ascent/gerbil-ascent/.cache/ascent/native-library/dsl-closure__exe.scm:
2026-10-04T06:43:18.0258405Z l-ascent/.cache/ascent/native-library/lib/static/gerbil-ascent__t__qualification__ascent-positive-nonmembership-test.scm /home/runner/work/gerbil-ascent/gerbil-ascent/.cache/ascent/native-library/lib/static/gerbil-ascent__t__qualification__ascent-finite-evidence-test.scm /home/runner/work/gerbil-ascent/gerbil-ascent/.cache/ascent/native-library/lib/static/gerbil-ascent__t__qualification__scheme-operator-retained-test.scm /home/runner/work/gerbil-ascent/gerbil-ascent/.cache/ascent/native-library/lib/static/gerbil-ascent__t__qualification__scheme-library-contract-test.scm /home/runner/work/gerbil-ascent/gerbil-ascent/.cache/ascent/native-library/lib/static/gerbil-ascent__t__qualification__scheme-operator-test.scm /home/runner/work/gerbil-ascent/gerbil-ascent/.cache/ascent/native-library/lib/static/gerbil-ascent__t__qualification__scheme-closure-contract-test.scm /home/runner/work/gerbil-ascent/gerbil-ascent/.cache/ascent/native-library/lib/static/gerbil-ascent__t__harness__dsl-closure.scm /home/runner/work/gerbil-ascent/gerbil-ascent/.cache/ascent/native-library/dsl-closure__exe.scm)
2026-10-04T06:43:18.0268242Z invoke (/home/runner/work/gerbil-ascent/gerbil-ascent/.ci/gerbil-release/v19/current/bin/gsc -obj -cc-options -I /home/runner/work/gerbil-ascent/gerbil-ascent/.ci/gerbil-release/v19/current/lib/static -I /home/runner/work/gerbil-ascent/gerbil-ascent/.gerbil/lib/static /home/runner/work/gerbil-ascent/gerbil-ascent/.cache/ascent/native-library/lib/static/gerbil-ascent__tools__model-source-closure.c)
2026-10-04T06:43:18.0273077Z invoke (/home/runner/work/gerbil-ascent/gerbil-ascent/.ci/gerbil-release/v19/current/bin/gsc -obj -cc-options -I /home/runner/work/gerbil-ascent/gerbil-ascent/.ci/gerbil-release/v19/current/lib/static -I /home/runner/work/gerbil-ascent/gerbil-ascent/.gerbil/lib/static /home/runner/work/gerbil-ascent/gerbil-ascent/.cache/ascent/native-library/lib/static/gerbil-ascent__table__trrel.c)
2026-10-04T06:43:19.4714807Z invoke (/home/runner/work/gerbil-ascent/gerbil-ascent/.ci/gerbil-release/v19/current/bin/gsc -obj -cc-options -I /home/runner/work/gerbil-ascent/gerbil-ascent/.ci/gerbil-release/v19/current/lib/static -I /home/runner/work/gerbil-ascent/gerbil-ascent/.gerbil/lib/static /home/runner/work/gerbil-ascent/gerbil-ascent/.cache/ascent/native-library/lib/static/gerbil-ascent__table__eqrel.c)
2026-10-04T06:43:19.4718183Z invoke (/home/runner/work/gerbil-ascent/gerbil-ascent/.ci/gerbil-release/v19/current/bin/gsc -obj -cc-options -I /home/runner/work/gerbil-ascent/gerbil-ascent/.ci/gerbil-release/v19/current/lib/static -I /home/runner/work/gerbil-ascent/gerbil-ascent/.gerbil/lib/static /home/runner/work/gerbil-ascent/gerbil-ascent/.gerbil/lib/static/clan__poo__support__base.c)
2026-10-04T06:43:19.4721791Z invoke (/home/runner/work/gerbil-ascent/gerbil-ascent/.ci/gerbil-release/v19/current/bin/gsc -obj -cc-options -I /home/runner/work/gerbil-ascent/gerbil-ascent/.ci/gerbil-release/v19/current/lib/static -I /home/runner/work/gerbil-ascent/gerbil-ascent/.gerbil/lib/static /home/runner/work/gerbil-ascent/gerbil-ascent/.gerbil/lib/static/clan__poo__object.c)
2026-10-04T06:43:21.7562619Z invoke (/home/runner/work/gerbil-ascent/gerbil-ascent/.ci/gerbil-release/v19/current/bin/gsc -obj -cc-options -I /home/runner/work/gerbil-ascent/gerbil-ascent/.ci/gerbil-release/v19/current/lib/static -I /home/runner/work/gerbil-ascent/gerbil-ascent/.gerbil/lib/static /home/runner/work/gerbil-ascent/gerbil-ascent/.gerbil/lib/static/clan__poo__support__repr.c)
2026-10-04T06:43:21.7565323Z invoke (/home/runner/work/gerbil-ascent/gerbil-ascent/.ci/gerbil-release/v19/current/bin/gsc -obj -cc-options -I /home/runner/work/gerbil-ascent/gerbil-ascent/.ci/gerbil-release/v19/current/lib/static -I /home/runner/work/gerbil-ascent/gerbil-ascent/.gerbil/lib/static /home/runner/work/gerbil-ascent/gerbil-ascent/.gerbil/lib/static/clan__poo__support__json.c)
2026-10-04T06:43:21.7567858Z invoke (/home/runner/work/gerbil-ascent/gerbil-ascent/.ci/gerbil-release/v19/current/bin/gsc -obj -cc-options -I /home/runner/work/gerbil-ascent/gerbil-ascent/.ci/gerbil-release/v19/current/lib/static -I /home/runner/work/gerbil-ascent/gerbil-ascent/.gerbil/lib/static /home/runner/work/gerbil-ascent/gerbil-ascent/.gerbil/lib/static/clan__poo__support__io.c)
2026-10-04T06:43:22.8533460Z invoke (/home/runner/work/gerbil-ascent/gerbil-ascent/.ci/gerbil-release/v19/current/bin/gsc -obj -cc-options -I /home/runner/work/gerbil-ascent/gerbil-ascent/.ci/gerbil-release/v19/current/lib/static -I /home/runner/work/gerbil-ascent/gerbil-ascent/.gerbil/lib/static /home/runner/work/gerbil-ascent/gerbil-ascent/.gerbil/lib/static/clan__poo__mop.c)
2026-10-04T06:43:22.8536641Z invoke (/home/runner/work/gerbil-ascent/gerbil-ascent/.ci/gerbil-release/v19/current/bin/gsc -obj -cc-options -I /home/runner/work/gerbil-ascent/gerbil-ascent/.ci/gerbil-release/v19/current/lib/static -I /home/runner/work/gerbil-ascent/gerbil-ascent/.gerbil/lib/static /home/runner/work/gerbil-ascent/gerbil-ascent/.gerbil/lib/static/core__types.c)
2026-10-04T06:43:23.8606762Z invoke (/home/runner/work/gerbil-ascent/gerbil-ascent/.ci/gerbil-release/v19/current/bin/gsc -obj -cc-options -I /home/runner/work/gerbil-ascent/gerbil-ascent/.ci/gerbil-release/v19/current/lib/static -I /home/runner/work/gerbil-ascent/gerbil-ascent/.gerbil/lib/static /home/runner/work/gerbil-ascent/gerbil-ascent/.cache/ascent/native-library/lib/static/gerbil-ascent__table__storage.c)
2026-10-04T06:43:23.8619260Z invoke (/home/runner/work/gerbil-ascent/gerbil-ascent/.ci/gerbil-release/v19/current/bin/gsc -obj -cc-options -I /home/runner/work/gerbil-ascent/gerbil-ascent/.ci/gerbil-release/v19/current/lib/static -I /home/runner/work/gerbil-ascent/gerbil-ascent/.gerbil/lib/static /home/runner/work/gerbil-ascent/gerbil-ascent/.cache/ascent/native-library/lib/static/gerbil-ascent__table__funs.c)
2026-10-04T06:43:23.8624210Z invoke (/home/runner/work/gerbil-ascent/gerbil-ascent/.ci/gerbil-release/v19/current/bin/gsc -obj -cc-options -I /home/runner/work/gerbil-ascent/gerbil-ascent/.ci/gerbil-release/v19/current/lib/static -I /home/runner/work/gerbil-ascent/gerbil-ascent/.gerbil/lib/static /home/runner/work/gerbil-ascent/gerbil-ascent/.cache/ascent/native-library/lib/static/gerbil-ascent__table__provider.c)
2026-10-04T06:43:25.5072295Z invoke (/home/runner/work/gerbil-ascent/gerbil-ascent/.ci/gerbil-release/v19/current/bin/gsc -obj -cc-options -I /home/runner/work/gerbil-ascent/gerbil-ascent/.ci/gerbil-release/v19/current/lib/static -I /home/runner/work/gerbil-ascent/gerbil-ascent/.gerbil/lib/static /home/runner/work/gerbil-ascent/gerbil-ascent/.cache/ascent/native-library/lib/static/gerbil-ascent__program__types.c)
2026-10-04T06:43:25.5076263Z invoke (/home/runner/work/gerbil-ascent/gerbil-ascent/.ci/gerbil-release/v19/current/bin/gsc -obj -cc-options -I /home/runner/work/gerbil-ascent/gerbil-ascent/.ci/gerbil-release/v19/current/lib/static -I /home/runner/work/gerbil-ascent/gerbil-ascent/.gerbil/lib/static /home/runner/work/gerbil-ascent/gerbil-ascent/.cache/ascent/native-library/lib/static/gerbil-ascent__program__objects.c)
2026-10-04T06:43:25.5079899Z invoke (/home/runner/work/gerbil-ascent/gerbil-ascent/.ci/gerbil-release/v19/current/bin/gsc -obj -cc-options -I /home/runner/work/gerbil-ascent/gerbil-ascent/.ci/gerbil-release/v19/current/lib/static -I /home/runner/work/gerbil-ascent/gerbil-ascent/.gerbil/lib/static /home/runner/work/gerbil-ascent/gerbil-ascent/.cache/ascent/native-library/lib/static/gerbil-ascent__table__access.c)
2026-10-04T06:43:27.1807162Z invoke (/home/runner/work/gerbil-ascent/gerbil-ascent/.ci/gerbil-release/v19/current/bin/gsc -obj -cc-options -I /home/runner/work/gerbil-ascent/gerbil-ascent/.ci/gerbil-release/v19/current/lib/static -I /home/runner/work/gerbil-ascent/gerbil-ascent/.gerbil/lib/static /home/runner/work/gerbil-ascent/gerbil-ascent/.cache/ascent/native-library/lib/static/gerbil-ascent__program__graph.c)
2026-10-04T06:43:27.1810372Z invoke (/home/runner/work/gerbil-ascent/gerbil-ascent/.ci/gerbil-release/v19/current/bin/gsc -obj -cc-options -I /home/runner/work/gerbil-ascent/gerbil-ascent/.ci/gerbil-release/v19/current/lib/static -I /home/runner/work/gerbil-ascent/gerbil-ascent/.gerbil/lib/static /home/runner/work/gerbil-ascent/gerbil-ascent/.cache/ascent/native-library/lib/static/gerbil-ascent__program__funs.c)
2026-10-04T06:43:28.4064323Z invoke (/home/runner/work/gerbil-ascent/gerbil-ascent/.ci/gerbil-release/v19/current/bin/gsc -obj -cc-options -I /home/runner/work/gerbil-ascent/gerbil-ascent/.ci/gerbil-release/v19/current/lib/static -I /home/runner/work/gerbil-ascent/gerbil-ascent/.gerbil/lib/static /home/runner/work/gerbil-ascent/gerbil-ascent/.cache/ascent/native-library/lib/static/gerbil-ascent__program__analysis.c)
2026-10-04T06:43:28.4067556Z invoke (/home/runner/work/gerbil-ascent/gerbil-ascent/.ci/gerbil-release/v19/current/bin/gsc -obj -cc-options -I /home/runner/work/gerbil-ascent/gerbil-ascent/.ci/gerbil-release/v19/current/lib/static -I /home/runner/work/gerbil-ascent/gerbil-ascent/.gerbil/lib/static /home/runner/work/gerbil-ascent/gerbil-ascent/.cache/ascent/native-library/lib/static/gerbil-ascent__program__positive.c)
2026-10-04T06:43:28.4070294Z invoke (/home/runner/work/gerbil-ascent/gerbil-ascent/.ci/gerbil-release/v19/current/bin/gsc -obj -cc-options -I /home/runner/work/gerbil-ascent/gerbil-ascent/.ci/gerbil-release/v19/current/lib/static -I /home/runner/work/gerbil-ascent/gerbil-ascent/.gerbil/lib/static /home/runner/work/gerbil-ascent/gerbil-ascent/.cache/ascent/native-library/lib/static/gerbil-ascent__program__aggregators.c)
2026-10-04T06:43:29.3694877Z invoke (/home/runner/work/gerbil-ascent/gerbil-ascent/.ci/gerbil-release/v19/current/bin/gsc -obj -cc-options -I /home/runner/work/gerbil-ascent/gerbil-ascent/.ci/gerbil-release/v19/current/lib/static -I /home/runner/work/gerbil-ascent/gerbil-ascent/.gerbil/lib/static /home/runner/work/gerbil-ascent/gerbil-ascent/.cache/ascent/native-library/lib/static/gerbil-ascent__program__scheme-checked.c)
2026-10-04T06:43:29.3698038Z invoke (/home/runner/work/gerbil-ascent/gerbil-ascent/.ci/gerbil-release/v19/current/bin/gsc -obj -cc-options -I /home/runner/work/gerbil-ascent/gerbil-ascent/.ci/gerbil-release/v19/current/lib/static -I /home/runner/work/gerbil-ascent/gerbil-ascent/.gerbil/lib/static /home/runner/work/gerbil-ascent/gerbil-ascent/.cache/ascent/native-library/lib/static/gerbil-ascent__program__update-selection.c)
2026-10-04T06:43:29.3700759Z invoke (/home/runner/work/gerbil-ascent/gerbil-ascent/.ci/gerbil-release/v19/current/bin/gsc -obj -cc-options -I /home/runner/work/gerbil-ascent/gerbil-ascent/.ci/gerbil-release/v19/current/lib/static -I /home/runner/work/gerbil-ascent/gerbil-ascent/.gerbil/lib/static /home/runner/work/gerbil-ascent/gerbil-ascent/.cache/ascent/native-library/lib/static/gerbil-ascent__program__reuse.c)
2026-10-04T06:43:29.7897664Z invoke (/home/runner/work/gerbil-ascent/gerbil-ascent/.ci/gerbil-release/v19/current/bin/gsc -obj -cc-options -I /home/runner/work/gerbil-ascent/gerbil-ascent/.ci/gerbil-release/v19/current/lib/static -I /home/runner/work/gerbil-ascent/gerbil-ascent/.gerbil/lib/static /home/runner/work/gerbil-ascent/gerbil-ascent/.cache/ascent/native-library/lib/static/gerbil-ascent__program__planning.c)
2026-10-04T06:43:29.7901446Z invoke (/home/runner/work/gerbil-ascent/gerbil-ascent/.ci/gerbil-release/v19/current/bin/gsc -obj -cc-options -I /home/runner/work/gerbil-ascent/gerbil-ascent/.ci/gerbil-release/v19/current/lib/static -I /home/runner/work/gerbil-ascent/gerbil-ascent/.gerbil/lib/static /home/runner/work/gerbil-ascent/gerbil-ascent/.cache/ascent/native-library/lib/static/gerbil-ascent__program__result.c)
2026-10-04T06:43:34.6788075Z invoke (/home/runner/work/gerbil-ascent/gerbil-ascent/.ci/gerbil-release/v19/current/bin/gsc -obj -cc-options -I /home/runner/work/gerbil-ascent/gerbil-ascent/.ci/gerbil-release/v19/current/lib/static -I /home/runner/work/gerbil-ascent/gerbil-ascent/.gerbil/lib/static /home/runner/work/gerbil-ascent/gerbil-ascent/.cache/ascent/native-library/lib/static/gerbil-ascent__program__admission.c)
2026-10-04T06:43:34.6790977Z invoke (/home/runner/work/gerbil-ascent/gerbil-ascent/.ci/gerbil-release/v19/current/bin/gsc -obj -cc-options -I /home/runner/work/gerbil-ascent/gerbil-ascent/.ci/gerbil-release/v19/current/lib/static -I /home/runner/work/gerbil-ascent/gerbil-ascent/.gerbil/lib/static /home/runner/work/gerbil-ascent/gerbil-ascent/.cache/ascent/native-library/lib/static/gerbil-ascent__program__evaluate.c)
2026-10-04T06:43:34.6794693Z invoke (/home/runner/work/gerbil-ascent/gerbil-ascent/.ci/gerbil-release/v19/current/bin/gsc -obj -cc-options -I /home/runner/work/gerbil-ascent/gerbil-ascent/.ci/gerbil-release/v19/current/lib/static -I /home/runner/work/gerbil-ascent/gerbil-ascent/.gerbil/lib/static /home/runner/work/gerbil-ascent/gerbil-ascent/.cache/ascent/native-library/lib/static/gerbil-ascent__program__session.c)
2026-10-04T06:43:37.0635162Z invoke (/home/runner/work/gerbil-ascent/gerbil-ascent/.ci/gerbil-release/v19/current/bin/gsc -obj -cc-options -I /home/runner/work/gerbil-ascent/gerbil-ascent/.ci/gerbil-release/v19/current/lib/static -I /home/runner/work/gerbil-ascent/gerbil-ascent/.gerbil/lib/static /home/runner/work/gerbil-ascent/gerbil-ascent/.cache/ascent/native-library/lib/static/gerbil-ascent__program__scheme-admission.c)
2026-10-04T06:43:37.0638135Z invoke (/home/runner/work/gerbil-ascent/gerbil-ascent/.ci/gerbil-release/v19/current/bin/gsc -obj -cc-options -I /home/runner/work/gerbil-ascent/gerbil-ascent/.ci/gerbil-release/v19/current/lib/static -I /home/runner/work/gerbil-ascent/gerbil-ascent/.gerbil/lib/static /home/runner/work/gerbil-ascent/gerbil-ascent/.cache/ascent/native-library/lib/static/gerbil-ascent__program__operator.c)
2026-10-04T06:43:37.8560375Z invoke (/home/runner/work/gerbil-ascent/gerbil-ascent/.ci/gerbil-release/v19/current/bin/gsc -obj -cc-options -I /home/runner/work/gerbil-ascent/gerbil-ascent/.ci/gerbil-release/v19/current/lib/static -I /home/runner/work/gerbil-ascent/gerbil-ascent/.gerbil/lib/static /home/runner/work/gerbil-ascent/gerbil-ascent/.cache/ascent/native-library/lib/static/gerbil-ascent__program__operator-session.c)
2026-10-04T06:43:37.8563758Z invoke (/home/runner/work/gerbil-ascent/gerbil-ascent/.ci/gerbil-release/v19/current/bin/gsc -obj -cc-options -I /home/runner/work/gerbil-ascent/gerbil-ascent/.ci/gerbil-release/v19/current/lib/static -I /home/runner/work/gerbil-ascent/gerbil-ascent/.gerbil/lib/static /home/runner/work/gerbil-ascent/gerbil-ascent/.cache/ascent/native-library/lib/static/gerbil-ascent__program__operator-change.c)
2026-10-04T06:43:37.8566701Z invoke (/home/runner/work/gerbil-ascent/gerbil-ascent/.ci/gerbil-release/v19/current/bin/gsc -obj -cc-options -I /home/runner/work/gerbil-ascent/gerbil-ascent/.ci/gerbil-release/v19/current/lib/static -I /home/runner/work/gerbil-ascent/gerbil-ascent/.gerbil/lib/static /home/runner/work/gerbil-ascent/gerbil-ascent/.cache/ascent/native-library/lib/static/gerbil-ascent__program__summary.c)
2026-10-04T06:43:43.3495844Z invoke (/home/runner/work/gerbil-ascent/gerbil-ascent/.ci/gerbil-release/v19/current/bin/gsc -obj -cc-options -I /home/runner/work/gerbil-ascent/gerbil-ascent/.ci/gerbil-release/v19/current/lib/static -I /home/runner/work/gerbil-ascent/gerbil-ascent/.gerbil/lib/static /home/runner/work/gerbil-ascent/gerbil-ascent/.cache/ascent/native-library/lib/static/gerbil-ascent__t__qualification__ascent-arity-repetition-output.c)
2026-10-04T06:43:43.3499274Z invoke (/home/runner/work/gerbil-ascent/gerbil-ascent/.ci/gerbil-release/v19/current/bin/gsc -obj -cc-options -I /home/runner/work/gerbil-ascent/gerbil-ascent/.ci/gerbil-release/v19/current/lib/static -I /home/runner/work/gerbil-ascent/gerbil-ascent/.gerbil/lib/static /home/runner/work/gerbil-ascent/gerbil-ascent/.gerbil/lib/static/clan__poo__io.c)
2026-10-04T06:43:43.3502771Z invoke (/home/runner/work/gerbil-ascent/gerbil-ascent/.ci/gerbil-release/v19/current/bin/gsc -obj -cc-options -I /home/runner/work/gerbil-ascent/gerbil-ascent/.ci/gerbil-release/v19/current/lib/static -I /home/runner/work/gerbil-ascent/gerbil-ascent/.gerbil/lib/static /home/runner/work/gerbil-ascent/gerbil-ascent/.gerbil/lib/static/clan__poo__number.c)
2026-10-04T06:43:45.3407519Z invoke (/home/runner/work/gerbil-ascent/gerbil-ascent/.ci/gerbil-release/v19/current/bin/gsc -obj -cc-options -I /home/runner/work/gerbil-ascent/gerbil-ascent/.ci/gerbil-release/v19/current/lib/static -I /home/runner/work/gerbil-ascent/gerbil-ascent/.gerbil/lib/static /home/runner/work/gerbil-ascent/gerbil-ascent/.gerbil/lib/static/clan__poo__type.c)
2026-10-04T06:43:45.3410573Z invoke (/home/runner/work/gerbil-ascent/gerbil-ascent/.ci/gerbil-release/v19/current/bin/gsc -obj -cc-options -I /home/runner/work/gerbil-ascent/gerbil-ascent/.ci/gerbil-release/v19/current/lib/static -I /home/runner/work/gerbil-ascent/gerbil-ascent/.gerbil/lib/static /home/runner/work/gerbil-ascent/gerbil-ascent/.gerbil/lib/static/clan__poo__support__option.c)
2026-10-04T06:43:45.3413948Z invoke (/home/runner/work/gerbil-ascent/gerbil-ascent/.ci/gerbil-release/v19/current/bin/gsc -obj -cc-options -I /home/runner/work/gerbil-ascent/gerbil-ascent/.ci/gerbil-release/v19/current/lib/static -I /home/runner/work/gerbil-ascent/gerbil-ascent/.gerbil/lib/static /home/runner/work/gerbil-ascent/gerbil-ascent/.gerbil/lib/static/clan__poo__table.c)
2026-10-04T06:43:53.1062705Z invoke (/home/runner/work/gerbil-ascent/gerbil-ascent/.ci/gerbil-release/v19/current/bin/gsc -obj -cc-options -I /home/runner/work/gerbil-ascent/gerbil-ascent/.ci/gerbil-release/v19/current/lib/static -I /home/runner/work/gerbil-ascent/gerbil-ascent/.gerbil/lib/static /home/runner/work/gerbil-ascent/gerbil-ascent/.gerbil/lib/static/clan__poo__fun.c)
2026-10-04T06:43:53.1066095Z invoke (/home/runner/work/gerbil-ascent/gerbil-ascent/.ci/gerbil-release/v19/current/bin/gsc -obj -cc-options -I /home/runner/work/gerbil-ascent/gerbil-ascent/.ci/gerbil-release/v19/current/lib/static -I /home/runner/work/gerbil-ascent/gerbil-ascent/.gerbil/lib/static /home/runner/work/gerbil-ascent/gerbil-ascent/.gerbil/lib/static/clan__poo__trie.c)
2026-10-04T06:43:53.5833419Z invoke (/home/runner/work/gerbil-ascent/gerbil-ascent/.ci/gerbil-release/v19/current/bin/gsc -obj -cc-options -I /home/runner/work/gerbil-ascent/gerbil-ascent/.ci/gerbil-release/v19/current/lib/static -I /home/runner/work/gerbil-ascent/gerbil-ascent/.gerbil/lib/static /home/runner/work/gerbil-ascent/gerbil-ascent/.cache/ascent/native-library/lib/static/gerbil-ascent__table__expression.c)
2026-10-04T06:43:53.5837067Z invoke (/home/runner/work/gerbil-ascent/gerbil-ascent/.ci/gerbil-release/v19/current/bin/gsc -obj -cc-options -I /home/runner/work/gerbil-ascent/gerbil-ascent/.ci/gerbil-release/v19/current/lib/static -I /home/runner/work/gerbil-ascent/gerbil-ascent/.gerbil/lib/static /home/runner/work/gerbil-ascent/gerbil-ascent/.cache/ascent/native-library/lib/static/gerbil-ascent__t__qualification__ascent-byods-lattice-fixture.c)
2026-10-04T06:43:53.5841002Z invoke (/home/runner/work/gerbil-ascent/gerbil-ascent/.ci/gerbil-release/v19/current/bin/gsc -obj -cc-options -I /home/runner/work/gerbil-ascent/gerbil-ascent/.ci/gerbil-release/v19/current/lib/static -I /home/runner/work/gerbil-ascent/gerbil-ascent/.gerbil/lib/static /home/runner/work/gerbil-ascent/gerbil-ascent/.cache/ascent/native-library/lib/static/gerbil-ascent__t__qualification__ascent-byods-lattice-session-output.c)
2026-10-04T06:43:53.9390968Z invoke (/home/runner/work/gerbil-ascent/gerbil-ascent/.ci/gerbil-release/v19/current/bin/gsc -obj -cc-options -I /home/runner/work/gerbil-ascent/gerbil-ascent/.ci/gerbil-release/v19/current/lib/static -I /home/runner/work/gerbil-ascent/gerbil-ascent/.gerbil/lib/static /home/runner/work/gerbil-ascent/gerbil-ascent/.cache/ascent/native-library/lib/static/gerbil-ascent__t__qualification__ascent-session-corpus.c)
2026-10-04T06:43:53.9394645Z invoke (/home/runner/work/gerbil-ascent/gerbil-ascent/.ci/gerbil-release/v19/current/bin/gsc -obj -cc-options -I /home/runner/work/gerbil-ascent/gerbil-ascent/.ci/gerbil-release/v19/current/lib/static -I /home/runner/work/gerbil-ascent/gerbil-ascent/.gerbil/lib/static /home/runner/work/gerbil-ascent/gerbil-ascent/.cache/ascent/native-library/lib/static/gerbil-ascent__t__qualification__ascent-grouped-eqrel-session-output.c)
2026-10-04T06:43:55.7714539Z invoke (/home/runner/work/gerbil-ascent/gerbil-ascent/.ci/gerbil-release/v19/current/bin/gsc -obj -cc-options -I /home/runner/work/gerbil-ascent/gerbil-ascent/.ci/gerbil-release/v19/current/lib/static -I /home/runner/work/gerbil-ascent/gerbil-ascent/.gerbil/lib/static /home/runner/work/gerbil-ascent/gerbil-ascent/.cache/ascent/native-library/lib/static/gerbil-ascent__t__qualification__ascent-multi-source-session-output.c)
2026-10-04T06:43:55.7717896Z invoke (/home/runner/work/gerbil-ascent/gerbil-ascent/.ci/gerbil-release/v19/current/bin/gsc -obj -cc-options -I /home/runner/work/gerbil-ascent/gerbil-ascent/.ci/gerbil-release/v19/current/lib/static -I /home/runner/work/gerbil-ascent/gerbil-ascent/.gerbil/lib/static /home/runner/work/gerbil-ascent/gerbil-ascent/.cache/ascent/native-library/lib/static/gerbil-ascent__t__qualification__ascent-byods-session-output.c)
2026-10-04T06:43:55.7720726Z invoke (/home/runner/work/gerbil-ascent/gerbil-ascent/.ci/gerbil-release/v19/current/bin/gsc -obj -cc-options -I /home/runner/work/gerbil-ascent/gerbil-ascent/.ci/gerbil-release/v19/current/lib/static -I /home/runner/work/gerbil-ascent/gerbil-ascent/.gerbil/lib/static /home/runner/work/gerbil-ascent/gerbil-ascent/.cache/ascent/native-library/lib/static/gerbil-ascent__candidate__types.c)
2026-10-04T06:43:58.0675616Z invoke (/home/runner/work/gerbil-ascent/gerbil-ascent/.ci/gerbil-release/v19/current/bin/gsc -obj -cc-options -I /home/runner/work/gerbil-ascent/gerbil-ascent/.ci/gerbil-release/v19/current/lib/static -I /home/runner/work/gerbil-ascent/gerbil-ascent/.gerbil/lib/static /home/runner/work/gerbil-ascent/gerbil-ascent/.cache/ascent/native-library/lib/static/gerbil-ascent__candidate__program.c)
2026-10-04T06:43:58.0678405Z invoke (/home/runner/work/gerbil-ascent/gerbil-ascent/.ci/gerbil-release/v19/current/bin/gsc -obj -cc-options -I /home/runner/work/gerbil-ascent/gerbil-ascent/.ci/gerbil-release/v19/current/lib/static -I /home/runner/work/gerbil-ascent/gerbil-ascent/.gerbil/lib/static /home/runner/work/gerbil-ascent/gerbil-ascent/.cache/ascent/native-library/lib/static/gerbil-ascent__candidate__funs.c)
2026-10-04T06:44:00.0813832Z invoke (/home/runner/work/gerbil-ascent/gerbil-ascent/.ci/gerbil-release/v19/current/bin/gsc -obj -cc-options -I /home/runner/work/gerbil-ascent/gerbil-ascent/.ci/gerbil-release/v19/current/lib/static -I /home/runner/work/gerbil-ascent/gerbil-ascent/.gerbil/lib/static /home/runner/work/gerbil-ascent/gerbil-ascent/.cache/ascent/native-library/lib/static/gerbil-ascent__candidate__finite-evidence.c)
2026-10-04T06:44:00.0817491Z invoke (/home/runner/work/gerbil-ascent/gerbil-ascent/.ci/gerbil-release/v19/current/bin/gsc -obj -cc-options -I /home/runner/work/gerbil-ascent/gerbil-ascent/.ci/gerbil-release/v19/current/lib/static -I /home/runner/work/gerbil-ascent/gerbil-ascent/.gerbil/lib/static /home/runner/work/gerbil-ascent/gerbil-ascent/.cache/ascent/native-library/lib/static/gerbil-ascent__candidate__stratified-provenance.c)
2026-10-04T06:44:00.0820741Z invoke (/home/runner/work/gerbil-ascent/gerbil-ascent/.ci/gerbil-release/v19/current/bin/gsc -obj -cc-options -I /home/runner/work/gerbil-ascent/gerbil-ascent/.ci/gerbil-release/v19/current/lib/static -I /home/runner/work/gerbil-ascent/gerbil-ascent/.gerbil/lib/static /home/runner/work/gerbil-ascent/gerbil-ascent/.cache/ascent/native-library/lib/static/gerbil-ascent__candidate__stratified-proof.c)
2026-10-04T06:44:03.0804675Z invoke (/home/runner/work/gerbil-ascent/gerbil-ascent/.ci/gerbil-release/v19/current/bin/gsc -obj -cc-options -I /home/runner/work/gerbil-ascent/gerbil-ascent/.ci/gerbil-release/v19/current/lib/static -I /home/runner/work/gerbil-ascent/gerbil-ascent/.gerbil/lib/static /home/runner/work/gerbil-ascent/gerbil-ascent/.cache/ascent/native-library/lib/static/gerbil-ascent__candidate__stratified-producer.c)
2026-10-04T06:44:03.0809719Z invoke (/home/runner/work/gerbil-ascent/gerbil-ascent/.ci/gerbil-release/v19/current/bin/gsc -obj -cc-options -I /home/runner/work/gerbil-ascent/gerbil-ascent/.ci/gerbil-release/v19/current/lib/static -I /home/runner/work/gerbil-ascent/gerbil-ascent/.gerbil/lib/static /home/runner/work/gerbil-ascent/gerbil-ascent/.cache/ascent/native-library/lib/static/gerbil-ascent__candidate__provenance.c)
2026-10-04T06:44:05.3526285Z invoke (/home/runner/work/gerbil-ascent/gerbil-ascent/.ci/gerbil-release/v19/current/bin/gsc -obj -cc-options -I /home/runner/work/gerbil-ascent/gerbil-ascent/.ci/gerbil-release/v19/current/lib/static -I /home/runner/work/gerbil-ascent/gerbil-ascent/.gerbil/lib/static /home/runner/work/gerbil-ascent/gerbil-ascent/.cache/ascent/native-library/lib/static/gerbil-ascent__candidate__nonmembership.c)
2026-10-04T06:44:05.3529332Z invoke (/home/runner/work/gerbil-ascent/gerbil-ascent/.ci/gerbil-release/v19/current/bin/gsc -obj -cc-options -I /home/runner/work/gerbil-ascent/gerbil-ascent/.ci/gerbil-release/v19/current/lib/static -I /home/runner/work/gerbil-ascent/gerbil-ascent/.gerbil/lib/static /home/runner/work/gerbil-ascent/gerbil-ascent/.cache/ascent/native-library/lib/static/gerbil-ascent__candidate__reasoning.c)
2026-10-04T06:44:05.3532413Z invoke (/home/runner/work/gerbil-ascent/gerbil-ascent/.ci/gerbil-release/v19/current/bin/gsc -obj -cc-options -I /home/runner/work/gerbil-ascent/gerbil-ascent/.ci/gerbil-release/v19/current/lib/static -I /home/runner/work/gerbil-ascent/gerbil-ascent/.gerbil/lib/static /home/runner/work/gerbil-ascent/gerbil-ascent/.cache/ascent/native-library/lib/static/gerbil-ascent__program__higher-order.c)
2026-10-04T06:44:07.7936687Z invoke (/home/runner/work/gerbil-ascent/gerbil-ascent/.ci/gerbil-release/v19/current/bin/gsc -obj -cc-options -I /home/runner/work/gerbil-ascent/gerbil-ascent/.ci/gerbil-release/v19/current/lib/static -I /home/runner/work/gerbil-ascent/gerbil-ascent/.gerbil/lib/static /home/runner/work/gerbil-ascent/gerbil-ascent/.cache/ascent/native-library/lib/static/gerbil-ascent__t__qualification__scheme-model-closure-test.c)
2026-10-04T06:44:07.7940178Z invoke (/home/runner/work/gerbil-ascent/gerbil-ascent/.ci/gerbil-release/v19/current/bin/gsc -obj -cc-options -I /home/runner/work/gerbil-ascent/gerbil-ascent/.ci/gerbil-release/v19/current/lib/static -I /home/runner/work/gerbil-ascent/gerbil-ascent/.gerbil/lib/static /home/runner/work/gerbil-ascent/gerbil-ascent/.cache/ascent/native-library/lib/static/gerbil-ascent__t__qualification__scheme-stratified-provenance-test.c)
2026-10-04T06:44:09.5707294Z invoke (/home/runner/work/gerbil-ascent/gerbil-ascent/.ci/gerbil-release/v19/current/bin/gsc -obj -cc-options -I /home/runner/work/gerbil-ascent/gerbil-ascent/.ci/gerbil-release/v19/current/lib/static -I /home/runner/work/gerbil-ascent/gerbil-ascent/.gerbil/lib/static /home/runner/work/gerbil-ascent/gerbil-ascent/.cache/ascent/native-library/lib/static/gerbil-ascent__t__qualification__scheme-session-deletion-test.c)
2026-10-04T06:44:09.5711030Z invoke (/home/runner/work/gerbil-ascent/gerbil-ascent/.ci/gerbil-release/v19/current/bin/gsc -obj -cc-options -I /home/runner/work/gerbil-ascent/gerbil-ascent/.ci/gerbil-release/v19/current/lib/static -I /home/runner/work/gerbil-ascent/gerbil-ascent/.gerbil/lib/static /home/runner/work/gerbil-ascent/gerbil-ascent/.cache/ascent/native-library/lib/static/gerbil-ascent__t__qualification__scheme-higher-order-test.c)
2026-10-04T06:44:09.5714628Z invoke (/home/runner/work/gerbil-ascent/gerbil-ascent/.ci/gerbil-release/v19/current/bin/gsc -obj -cc-options -I /home/runner/work/gerbil-ascent/gerbil-ascent/.ci/gerbil-release/v19/current/lib/static -I /home/runner/work/gerbil-ascent/gerbil-ascent/.gerbil/lib/static /home/runner/work/gerbil-ascent/gerbil-ascent/.cache/ascent/native-library/lib/static/gerbil-ascent__candidate__provenance-graph.c)
2026-10-04T06:44:11.3623264Z invoke (/home/runner/work/gerbil-ascent/gerbil-ascent/.ci/gerbil-release/v19/current/bin/gsc -obj -cc-options -I /home/runner/work/gerbil-ascent/gerbil-ascent/.ci/gerbil-release/v19/current/lib/static -I /home/runner/work/gerbil-ascent/gerbil-ascent/.gerbil/lib/static /home/runner/work/gerbil-ascent/gerbil-ascent/.cache/ascent/native-library/lib/static/gerbil-ascent__t__qualification__scheme-provenance-graph-test.c)
2026-10-04T06:44:11.3626722Z invoke (/home/runner/work/gerbil-ascent/gerbil-ascent/.ci/gerbil-release/v19/current/bin/gsc -obj -cc-options -I /home/runner/work/gerbil-ascent/gerbil-ascent/.ci/gerbil-release/v19/current/lib/static -I /home/runner/work/gerbil-ascent/gerbil-ascent/.gerbil/lib/static /home/runner/work/gerbil-ascent/gerbil-ascent/.gerbil/lib/static/core__observability__types.c)
2026-10-04T06:44:11.3629429Z invoke (/home/runner/work/gerbil-ascent/gerbil-ascent/.ci/gerbil-release/v19/current/bin/gsc -obj -cc-options -I /home/runner/work/gerbil-ascent/gerbil-ascent/.ci/gerbil-release/v19/current/lib/static -I /home/runner/work/gerbil-ascent/gerbil-ascent/.gerbil/lib/static /home/runner/work/gerbil-ascent/gerbil-ascent/.gerbil/lib/static/core__observability__funcs.c)
2026-10-04T06:44:12.6553362Z invoke (/home/runner/work/gerbil-ascent/gerbil-ascent/.ci/gerbil-release/v19/current/bin/gsc -obj -cc-options -I /home/runner/work/gerbil-ascent/gerbil-ascent/.ci/gerbil-release/v19/current/lib/static -I /home/runner/work/gerbil-ascent/gerbil-ascent/.gerbil/lib/static /home/runner/work/gerbil-ascent/gerbil-ascent/.gerbil/lib/static/clan__poo__support__debug.c)
2026-10-04T06:44:12.6556065Z invoke (/home/runner/work/gerbil-ascent/gerbil-ascent/.ci/gerbil-release/v19/current/bin/gsc -obj -cc-options -I /home/runner/work/gerbil-ascent/gerbil-ascent/.ci/gerbil-release/v19/current/lib/static -I /home/runner/work/gerbil-ascent/gerbil-ascent/.gerbil/lib/static /home/runner/work/gerbil-ascent/gerbil-ascent/.gerbil/lib/static/clan__poo__debug.c)
2026-10-04T06:44:12.6558563Z invoke (/home/runner/work/gerbil-ascent/gerbil-ascent/.ci/gerbil-release/v19/current/bin/gsc -obj -cc-options -I /home/runner/work/gerbil-ascent/gerbil-ascent/.ci/gerbil-release/v19/current/lib/static -I /home/runner/work/gerbil-ascent/gerbil-ascent/.gerbil/lib/static /home/runner/work/gerbil-ascent/gerbil-ascent/.gerbil/lib/static/core__observability__slot-debug.c)
2026-10-04T06:44:14.5791692Z invoke (/home/runner/work/gerbil-ascent/gerbil-ascent/.ci/gerbil-release/v19/current/bin/gsc -obj -cc-options -I /home/runner/work/gerbil-ascent/gerbil-ascent/.ci/gerbil-release/v19/current/lib/static -I /home/runner/work/gerbil-ascent/gerbil-ascent/.gerbil/lib/static /home/runner/work/gerbil-ascent/gerbil-ascent/.gerbil/lib/static/core__observability__debug.c)
2026-10-04T06:44:14.5794937Z invoke (/home/runner/work/gerbil-ascent/gerbil-ascent/.ci/gerbil-release/v19/current/bin/gsc -obj -cc-options -I /home/runner/work/gerbil-ascent/gerbil-ascent/.ci/gerbil-release/v19/current/lib/static -I /home/runner/work/gerbil-ascent/gerbil-ascent/.gerbil/lib/static /home/runner/work/gerbil-ascent/gerbil-ascent/.gerbil/lib/static/core__observability__testing-case.c)
2026-10-04T06:44:17.3019895Z invoke (/home/runner/work/gerbil-ascent/gerbil-ascent/.ci/gerbil-release/v19/current/bin/gsc -obj -cc-options -I /home/runner/work/gerbil-ascent/gerbil-ascent/.ci/gerbil-release/v19/current/lib/static -I /home/runner/work/gerbil-ascent/gerbil-ascent/.gerbil/lib/static /home/runner/work/gerbil-ascent/gerbil-ascent/.cache/ascent/native-library/lib/static/gerbil-ascent__t__qualification__ascent-timeout-test.c)
2026-10-04T06:44:17.3023342Z invoke (/home/runner/work/gerbil-ascent/gerbil-ascent/.ci/gerbil-release/v19/current/bin/gsc -obj -cc-options -I /home/runner/work/gerbil-ascent/gerbil-ascent/.ci/gerbil-release/v19/current/lib/static -I /home/runner/work/gerbil-ascent/gerbil-ascent/.gerbil/lib/static /home/runner/work/gerbil-ascent/gerbil-ascent/.cache/ascent/native-library/lib/static/gerbil-ascent__t__qualification__ascent-positive-nonmembership-test.c)
2026-10-04T06:44:17.3026321Z invoke (/home/runner/work/gerbil-ascent/gerbil-ascent/.ci/gerbil-release/v19/current/bin/gsc -obj -cc-options -I /home/runner/work/gerbil-ascent/gerbil-ascent/.ci/gerbil-release/v19/current/lib/static -I /home/runner/work/gerbil-ascent/gerbil-ascent/.gerbil/lib/static /home/runner/work/gerbil-ascent/gerbil-ascent/.cache/ascent/native-library/lib/static/gerbil-ascent__t__qualification__ascent-finite-evidence-test.c)
2026-10-04T06:44:21.1232649Z invoke (/home/runner/work/gerbil-ascent/gerbil-ascent/.ci/gerbil-release/v19/current/bin/gsc -obj -cc-options -I /home/runner/work/gerbil-ascent/gerbil-ascent/.ci/gerbil-release/v19/current/lib/static -I /home/runner/work/gerbil-ascent/gerbil-ascent/.gerbil/lib/static /home/runner/work/gerbil-ascent/gerbil-ascent/.cache/ascent/native-library/lib/static/gerbil-ascent__t__qualification__scheme-operator-retained-test.c)
2026-10-04T06:44:21.1238308Z invoke (/home/runner/work/gerbil-ascent/gerbil-ascent/.ci/gerbil-release/v19/current/bin/gsc -obj -cc-options -I /home/runner/work/gerbil-ascent/gerbil-ascent/.ci/gerbil-release/v19/current/lib/static -I /home/runner/work/gerbil-ascent/gerbil-ascent/.gerbil/lib/static /home/runner/work/gerbil-ascent/gerbil-ascent/.cache/ascent/native-library/lib/static/gerbil-ascent__t__qualification__scheme-library-contract-test.c)
2026-10-04T06:44:21.9702071Z invoke (/home/runner/work/gerbil-ascent/gerbil-ascent/.ci/gerbil-release/v19/current/bin/gsc -obj -cc-options -I /home/runner/work/gerbil-ascent/gerbil-ascent/.ci/gerbil-release/v19/current/lib/static -I /home/runner/work/gerbil-ascent/gerbil-ascent/.gerbil/lib/static /home/runner/work/gerbil-ascent/gerbil-ascent/.cache/ascent/native-library/lib/static/gerbil-ascent__t__qualification__scheme-operator-test.c)
2026-10-04T06:44:21.9706172Z invoke (/home/runner/work/gerbil-ascent/gerbil-ascent/.ci/gerbil-release/v19/current/bin/gsc -obj -cc-options -I /home/runner/work/gerbil-ascent/gerbil-ascent/.ci/gerbil-release/v19/current/lib/static -I /home/runner/work/gerbil-ascent/gerbil-ascent/.gerbil/lib/static /home/runner/work/gerbil-ascent/gerbil-ascent/.cache/ascent/native-library/lib/static/gerbil-ascent__t__qualification__scheme-closure-contract-test.c)
2026-10-04T06:44:21.9710023Z invoke (/home/runner/work/gerbil-ascent/gerbil-ascent/.ci/gerbil-release/v19/current/bin/gsc -obj -cc-options -I /home/runner/work/gerbil-ascent/gerbil-ascent/.ci/gerbil-release/v19/current/lib/static -I /home/runner/work/gerbil-ascent/gerbil-ascent/.gerbil/lib/static /home/runner/work/gerbil-ascent/gerbil-ascent/.cache/ascent/native-library/lib/static/gerbil-ascent__t__harness__dsl-closure.c)
2026-10-04T06:44:28.7842777Z invoke (/home/runner/work/gerbil-ascent/gerbil-ascent/.ci/gerbil-release/v19/current/bin/gsc -obj -cc-options -I /home/runner/work/gerbil-ascent/gerbil-ascent/.ci/gerbil-release/v19/current/lib/static -I /home/runner/work/gerbil-ascent/gerbil-ascent/.gerbil/lib/static /home/runner/work/gerbil-ascent/gerbil-ascent/.cache/ascent/native-library/dsl-closure__exe.c)
2026-10-04T06:44:28.7847313Z invoke (/home/runner/work/gerbil-ascent/gerbil-ascent/.ci/gerbil-release/v19/current/bin/gsc -obj -cc-options -I /home/runner/work/gerbil-ascent/gerbil-ascent/.ci/gerbil-release/v19/current/lib/static -I /home/runner/work/gerbil-ascent/gerbil-ascent/.gerbil/lib/static /home/runner/work/gerbil-ascent/gerbil-ascent/.cache/ascent/native-library/dsl-closure__exe_.c)
2026-10-04T06:44:29.4184162Z invoke (gcc -w -o /home/runner/work/gerbil-ascent/gerbil-ascent/.cache/ascent/native-library/dsl-closure /home/runner/work/gerbil-ascent/gerbil-ascent/.cache/ascent/native-library/lib/static/gerbil-ascent__tools__model-source-closure.o /home/runner/work/gerbil-ascent/gerbil-ascent/.cache/ascent/native-library/lib/static/gerbil-ascent__table__trrel.o /home/runner/work/gerbil-ascent/gerbil-ascent/.cache/ascent/native-library/lib/static/gerbil-ascent__table__eqrel.o /home/runner/work/gerbil-ascent/gerbil-ascent/.gerbil/lib/static/clan__poo__support__base.o /home/runner/work/gerbil-ascent/gerbil-ascent/.gerbil/lib/static/clan__poo__object.o /home/runner/work/gerbil-ascent/gerbil-ascent/.gerbil/lib/static/clan__poo__support__repr.o /home/runner/work/gerbil-ascent/gerbil-ascent/.gerbil/lib/static/clan__poo__support__json.o /home/runner/work/gerbil-ascent/gerbil-ascent/.gerbil/lib/static/clan__poo__support__io.o /home/runner/work/gerbil-ascent/gerbil-ascent/.gerbil/lib/static/clan__poo__mop.o /home/runner/work/gerbil-ascent/gerbil-ascent/.gerbil/lib/static/core__types.o /home/runner/work/gerbil-ascent/gerbil-ascent/.cache/ascent/native-library/lib/static/gerbil-ascent__table__storage.o /home/runner/work/gerbil-ascent/gerbil-ascent/.cache/ascent/native-library/lib/static/gerbil-ascent__table__funs.o /home/runner/work/gerbil-ascent/gerbil-ascent/.cache/ascent/native-library/lib/static/gerbil-ascent__table__provider.o /home/runner/work/gerbil-ascent/gerbil-ascent/.cache/ascent/native-library/lib/static/gerbil-ascent__program__types.o /home/runner/work/gerbil-ascent/gerbil-ascent/.cache/ascent/native-library/lib/static/gerbil-ascent__program__objects.o /home/runner/work/gerbil-ascent/gerbil-ascent/.cache/ascent/native-library/lib/static/gerbil-ascent__table__access.o /home/runner/work/gerbil-ascent/gerbil-ascent/.cache/ascent/native-library/lib/static/gerbil-ascent__program__graph.o /home/runner/work/gerbil-ascent/gerbil-ascent/.cache/ascent/native-library/lib/static/gerbil-ascent__program__funs.o /home/runner/work/gerbil-ascent/gerbil-ascent/.cache/ascent/native-library/lib/static/gerbil-ascent__program__analysis.o /home/runner/work/gerbil-ascent/gerbil-ascent/.cache/ascent/native-library/lib/static/gerbil-ascent__program__positive.o /home/runner/work/gerbil-ascent/gerbil-ascent/.cache/ascent/native-library/lib/static/gerbil-ascent__program__aggregators.o /home/runner/work/gerbil-ascent/gerbil-ascent/.cache/ascent/native-library/lib/static/gerbil-ascent__program__scheme-checked.o /home/runner/work/gerbil-ascent/gerbil-ascent/.cache/ascent/native-library/lib/static/gerbil-ascent__program__update-selection.o /home/runner/work/gerbil-ascent/gerbil-ascent/.cache/ascent/native-library/lib/static/gerbil-ascent__program__reuse.o /home/runner/work/gerbil-ascent/gerbil-ascent/.cache/ascent/native-library/lib/static/gerbil-ascent__program__planning.o /home/runner/work/gerbil-ascent/gerbil-ascent/.cache/ascent/native-library/lib/static/gerbil-ascent__program__result.o /home/runner/work/gerbil-ascent/gerbil-ascent/.cache/ascent/native-library/lib/static/gerbil-ascent__program__admission.o /home/runner/work/gerbil-ascent/gerbil-ascent/.cache/ascent/native-library/lib/static/gerbil-ascent__program__evaluate.o /home/runner/work/gerbil-ascent/gerbil-ascent/.cache/ascent/native-library/lib/static/gerbil-ascent__program__session.o /home/runner/work/gerbil-ascent/gerbil-ascent/.cache/ascent/native-library/lib/static/gerbil-ascent__program__scheme-admission.o /home/runner/work/gerbil-ascent/gerbil-ascent/.cache/ascent/native-library/lib/static/gerbil-ascent__program__operator.o /home/runner/work/gerbil-ascent/gerbil-ascent/.cache/ascent/native-library/lib/static/gerbil-ascent__program__operator-session.o /home/runner/work/gerbil-ascent/gerbil-ascent/.cache/ascent/native-library/lib/static/gerbil-ascent__program__operator-change.o /home/runner/work/gerbil-ascent/gerbil-ascent/.cache/ascent/native-library/lib/static/gerbil-ascent__program__summary.o /home/runner/work/gerbil-ascent/gerbil-ascent/.cache/ascent/native-library/lib/static/gerbil-ascent__t__qualification__ascent-arity-repetition-output.o /home/runner/work/gerbil-ascent/gerbil-ascent/.gerbil/lib/static/clan__poo__io.o /home/runner/work/gerbil-ascent/gerbil-ascent/.gerbil/lib/static/clan__poo__number.o /home/runner/work/gerbil-ascent/gerbil-ascent/.gerbil/lib/static/clan__poo__type.o /home/runner/work/gerbil-ascent/gerbil-ascent/.gerbil/lib/static/clan__poo__support__option.o /home/runner/work/gerbil-ascent/gerbil-ascent/.gerbil/lib/static/clan__poo__table.o /home/runner/work/gerbil-ascent/gerbil-ascent/.gerbil/lib/static/clan__poo__fun.o /home/runner/work/gerbil-ascent/gerbil-ascent/.gerbil/lib/static/clan__poo__trie.o /home/runner/work/gerbil-ascent/gerbil-ascent/.cache/ascent/native-library/lib/static/gerbil-ascent__table__expression.o /home/runner/work/gerbil-ascent/gerbil-ascent/.cache/ascent/native-library/lib/static/gerbil-ascent__t__qualification__ascent-byods-lattice-fixture.o /home/runner/work/gerbil-ascent/gerbil-ascent/.cache/ascent/native-library/lib/static/gerbil-ascent__t__qualification__ascent-byods-lattice-session-output.o /home/runner/work/gerbil-ascent/gerbil-ascent/.cache/ascent/native-library/lib/static/gerbil-ascent__t__qualification__ascent-session-corpus.o /home/runner/work/gerbil-ascent/gerbil-ascent/.cache/ascent/native-library/lib/static/gerbil-ascent__t__qualification__ascent-grouped-eqrel-session-output.o /home/runner/work/gerbil-ascent/gerbil-ascent/.cache/ascent/native-library/lib/static/gerbil-ascent__t__qualification__ascent-multi-source-session-output.o /home/runner/work/gerbil-ascent/gerbil-ascent/.cache/ascent/native-library/lib/static/gerbil-ascent__t__qualification__ascent-byods-session-output.o /home/runner/work/gerbil-ascent/gerbil-ascent/.cache/ascent/native-library/lib/static/gerbil-ascent__candidate__types.o /home/runner/work/gerbil-ascent/gerbil-ascent/.cache/ascent/native-library/lib/static/gerbil-ascent__candidate__program.o /home/runner/work/gerbil-ascent/gerbil-ascent/.cache/ascent/native-library/lib/static/gerbil-ascent__candidate__funs.o /home/runner/work/gerbil-ascent/gerbil-ascent/.cache/ascent/native-library/lib/static/gerbil-ascent__candidate__finite-evidence.o /home/runner/work/gerbil-ascent/gerbil-ascent/.cache/ascent/native-library/lib/static/gerbil-ascent__candidate__stratified-provenance.o /home/runner/work/gerbil-ascent/gerbil-ascent/.cache/ascent/native-library/lib/static/gerbil-ascent__candidate__stratified-proof.o /home/runner/work/gerbil-ascent/gerbil-ascent/.cache/ascent/native-library/lib/static/gerbil-ascent__candidate__stratified-producer.o /home/runner/work/gerbil-ascent/gerbil-ascent/.cache/ascent/native-library/lib/static/gerbil-ascent__candidate__provenance.o /home/runner/work/gerbil-ascent/gerbil-ascent/.cache/ascent/native-library/lib/static/gerbil-ascent__candidate__nonmembership.o /home/runner/work/gerbil-ascent/gerbil-ascent/.cache/ascent/native-library/lib/static/gerbil-ascent__candidate__reasoning.o /home/runner/work/gerbil-ascent/gerbil-ascent/.cache/ascent/native-library/lib/static/gerbil-ascent__program__higher-order.o /home/runner/work/gerbil-ascent/gerbil-ascent/.cache/ascent/native-library/lib/static/gerbil-ascent__t__qualification__scheme-model-closure-test.o /home/runner/work/gerbil-ascent/gerbil-ascent/.cache/ascent/native-library/lib/static/gerbil-ascent__t__qualification__scheme-stratified-provenance-test.o /home/runner/work/gerbil-ascent/gerbil-ascent/.cache/ascent/native-library/lib/static/gerbil-ascent__t__qualification__scheme-session-deletion-test.o /home/runner/work/gerbil-ascent/gerbil-ascent/.cache/ascent/native-library/lib/static/gerbil-ascent__t__qualification__scheme-higher-order-test.o /home/runner/work/gerbil-ascent/gerbil-ascent/.cache/ascent/native-library/lib/static/gerbil-ascent__candidate__provenance-graph.o /home/runner/work/gerbil-ascent/gerbil-ascent/.cache/ascent/native-library/lib/static/gerbil-ascent__t__qualification__scheme-provenance-graph-test.o /home/runner/work/gerbil-ascent/gerbil-ascent/.gerbil/lib/static/core__observability__types.o /home/runner/work/gerbil-ascent/gerbil-ascent/.gerbil/lib/static/core__observability__funcs.o /home/runner/work/gerbil-ascent/gerbil-ascent/.gerbil/lib/static/clan__poo__support__debug.o /home/runner/work/gerbil-ascent/gerbil-ascent/.gerbil/lib/static/clan__poo__debug.o /home/runner/work/gerbil-ascent/gerbil-ascent/.gerbil/lib/static/core__observability__slot-debug.o /home/runner/work/gerbil-ascent/gerbil-ascent/.gerbil/lib/static/core__observability__debug.o /home/runner/work/gerbil-ascent/gerbil-ascent/.gerbil/lib/static/core__observability__testing-case.o /home/runner/work/gerbil-ascent/gerbil-ascent/.cache/ascent/native-library/lib/static/gerbil-ascent__t__qualification__ascent-timeout-test.o /home/runner/work/gerbil-ascent/gerbil-ascent/.cache/ascent/native-library/lib/static/gerbil-ascent__t__qualification__ascent-positive-nonmembership-test.o /home/runner/work/gerbil-ascent/gerbil-ascent/.cache/ascent/native-library/lib/static/gerbil-ascent__t__qualification__ascent-finite-evidence-test.o /home/runner/work/gerbil-ascent/gerbil-ascent/.cache/ascent/native-library/lib/static/gerbil-ascent__t__qualification__scheme-operator-retained-test.o /home/runner/work/gerbil-ascent/gerbil-ascent/.cache/ascent/native-library/lib/static/gerbil-ascent__t__qualification__scheme-library-contract-test.o /home/runner/work/gerbil-ascent/gerbil-ascent/.cache/ascent/native-library/lib/static/gerbil-ascent__t__qualification__scheme-operator-test.o /home/runner/work/gerbil-ascent/gerbil-ascent/.cache/ascent/native-library/lib/static/gerbil-ascent__t__qualification__scheme-closure-contract-test.o /home/runner/work/gerbil-ascent/gerbil-ascent/.cache/ascent/native-library/lib/static/gerbil-ascent__t__harness__dsl-closure.o /home/runner/work/gerbil-ascent/gerbil-ascent/.cache/ascent/native-library/dsl-closure__exe.o /home/runner/work/gerbil-ascent/gerbil-ascent/.cache/ascent/native-library/dsl-closure__exe_.o /home/runner/work/gerbil-ascent/gerbil-ascent/.ci/gerbil-release/v19/current/lib/static/gerbil__runtime__gambit.o /home/runner/work/gerbil-ascent/gerbil-ascent/.ci/gerbil-release/v19/current/lib/static/gerbil__runtime__util.o /home/runner/work/gerbil-ascent/gerbil-ascent/.ci/gerbil-release/v19/current/lib/static/gerbil__runtime__table.o /home/runner/work/gerbil-ascent/gerbil-ascent/.ci/gerbil-release/v19/current/lib/static/gerbil__runtime__control.o /home/runner/work/gerbil-ascent/gerbil-ascent/.ci/gerbil-release/v19/current/lib/static/gerbil__runtime__system.o /home/runner/work/gerbil-ascent/gerbil-ascent/.ci/gerbil-release/v19/current/lib/static/gerbil__runtime__c3.o /home/runner/work/gerbil-ascent/gerbil-ascent/.ci/gerbil-release/v19/current/lib/static/gerbil__runtime__mop.o /home/runner/work/gerbil-ascent/gerbil-ascent/.ci/gerbil-release/v19/current/lib/static/gerbil__runtime__mop-system-classes.o /home/runner/work/gerbil-ascent/gerbil-ascent/.ci/gerbil-release/v19/current/lib/static/gerbil__runtime__error.o /home/runner/work/gerbil-ascent/gerbil-ascent/.ci/gerbil-release/v19/current/lib/static/gerbil__runtime__interface.o /home/runner/work/gerbil-ascent/gerbil-ascent/.ci/gerbil-release/v19/current/lib/static/gerbil__runtime__hash.o /home/runner/work/gerbil-ascent/gerbil-ascent/.ci/gerbil-release/v19/current/lib/static/gerbil__runtime__thread.o /home/runner/work/gerbil-ascent/gerbil-ascent/.ci/gerbil-release/v19/current/lib/static/gerbil__runtime__syntax.o /home/runner/work/gerbil-ascent/gerbil-ascent/.ci/gerbil-release/v19/current/lib/static/gerbil__runtime__eval.o /home/runner/work/gerbil-ascent/gerbil-ascent/.ci/gerbil-release/v19/current/lib/static/gerbil__runtime__repl.o /home/runner/work/gerbil-ascent/gerbil-ascent/.ci/gerbil-release/v19/current/lib/static/gerbil__runtime__loader.o /home/runner/work/gerbil-ascent/gerbil-ascent/.ci/gerbil-release/v19/current/lib/static/gerbil__runtime__init.o /home/runner/work/gerbil-ascent/gerbil-ascent/.ci/gerbil-release/v19/current/lib/static/gerbil__runtime.o /home/runner/work/gerbil-ascent/gerbil-ascent/.ci/gerbil-release/v19/current/lib/static/gerbil__base.o /home/runner/work/gerbil-ascent/gerbil-ascent/.ci/gerbil-release/v19/current/lib/static/std__error.o /home/runner/work/gerbil-ascent/gerbil-ascent/.ci/gerbil-release/v19/current/lib/static/std__interface.o /home/runner/work/gerbil-ascent/gerbil-ascent/.ci/gerbil-release/v19/current/lib/static/std__serde__scan.o /home/runner/work/gerbil-ascent/gerbil-ascent/.ci/gerbil-release/v19/current/lib/static/std__encoding__json__env.o /home/runner/work/gerbil-ascent/gerbil-ascent/.ci/gerbil-release/v19/current/lib/static/std__text__parser__char-set.o /home/runner/work/gerbil-ascent/gerbil-ascent/.ci/gerbil-release/v19/current/lib/static/std__list__list-builder.o /home/runner/work/gerbil-ascent/gerbil-ascent/.ci/gerbil-release/v19/current/lib/static/std__list__list.o /home/runner/work/gerbil-ascent/gerbil-ascent/.ci/gerbil-release/v19/current/lib/static/std__encoding__hex.o /home/runner/work/gerbil-ascent/gerbil-ascent/.ci/gerbil-release/v19/current/lib/static/std__number__misc.o /home/runner/work/gerbil-ascent/gerbil-ascent/.ci/gerbil-release/v19/current/lib/static/std__ffi~C-struct.o /home/runner/work/gerbil-ascent/gerbil-ascent/.ci/gerbil-release/v19/current/lib/static/std__ffi.o /home/runner/work/gerbil-ascent/gerbil-ascent/.ci/gerbil-release/v19/current/lib/static/std__vector__u8vector.o /home/runner/work/gerbil-ascent/gerbil-ascent/.ci/gerbil-release/v19/current/lib/static/std__iter__interface.o /home/runner/work/gerbil-ascent/gerbil-ascent/.ci/gerbil-release/v19/current/lib/static/std__iter__iterators.o /home/runner/work/gerbil-ascent/gerbil-ascent/.ci/gerbil-release/v19/current/lib/static/std__iter__macros.o /home/runner/work/gerbil-ascent/gerbil-ascent/.ci/gerbil-release/v19/current/lib/static/std__iter__api.o /home/runner/work/gerbil-ascent/gerbil-ascent/.ci/gerbil-release/v19/current/lib/static/std__iter.o /home/runner/work/gerbil-ascent/gerbil-ascent/.ci/gerbil-release/v19/current/lib/static/std__text__parser__base.o /home/runner/work/gerbil-ascent/gerbil-ascent/.ci/gerbil-release/v19/current/lib/static/std__io__interface__base.o /home/runner/work/gerbil-ascent/gerbil-ascent/.ci/gerbil-release/v19/current/lib/static/std__string__utf8.o /home/runner/work/gerbil-ascent/gerbil-ascent/.ci/gerbil-release/v19/current/lib/static/std__net__address__types.o /home/runner/work/gerbil-ascent/gerbil-ascent/.ci/gerbil-release/v19/current/lib/static/std__time__time.o /home/runner/work/gerbil-ascent/gerbil-ascent/.ci/gerbil-release/v19/current/lib/static/std__time__timeout.o /home/runner/work/gerbil-ascent/gerbil-ascent/.ci/gerbil-release/v19/current/lib/static/std__os__error.o /home/runner/work/gerbil-ascent/gerbil-ascent/.ci/gerbil-release/v19/current/lib/static/std__os__time.o /home/runner/work/gerbil-ascent/gerbil-ascent/.ci/gerbil-release/v19/current/lib/static/std__os__sockaddr.o /home/runner/work/gerbil-ascent/gerbil-ascent/.ci/gerbil-release/v19/current/lib/static/std__os__device.o /home/runner/work/gerbil-ascent/gerbil-ascent/.ci/gerbil-release/v19/current/lib/static/std__os__fcntl.o /home/runner/work/gerbil-ascent/gerbil-ascent/.ci/gerbil-release/v19/current/lib/static/std__os__socket.o /home/runner/work/gerbil-ascent/gerbil-ascent/.ci/gerbil-release/v19/current/lib/static/std__os__sockopt.o /home/runner/work/gerbil-ascent/gerbil-ascent/.ci/gerbil-release/v19/current/lib/static/std__io__interface__socket.o /home/runner/work/gerbil-ascent/gerbil-ascent/.ci/gerbil-release/v19/current/lib/static/std__io__interface__bio.o /home/runner/work/gerbil-ascent/gerbil-ascent/.ci/gerbil-release/v19/current/lib/static/std__io__interface.o /home/runner/work/gerbil-ascent/gerbil-ascent/.ci/gerbil-release/v19/current/lib/static/std__os__file.o /home/runner/work/gerbil-ascent/gerbil-ascent/.ci/gerbil-release/v19/current/lib/static/std__os__flock.o /home/runner/work/gerbil-ascent/gerbil-ascent/.ci/gerbil-release/v19/current/lib/static/std__io__file.o /home/runner/work/gerbil-ascent/gerbil-ascent/.ci/gerbil-release/v19/current/lib/static/std__encoding__base64.o /home/runner/work/gerbil-ascent/gerbil-ascent/.ci/gerbil-release/v19/current/lib/static/std__crypto__libcrypto.o /home/runner/work/gerbil-ascent/gerbil-ascent/.ci/gerbil-release/v19/current/lib/static/std__crypto__error.o /home/runner/work/gerbil-ascent/gerbil-ascent/.ci/gerbil-release/v19/current/lib/static/std__crypto__random.o /home/runner/work/gerbil-ascent/gerbil-ascent/.ci/gerbil-release/v19/current/lib/static/std__io__tempfile.o /home/runner/work/gerbil-ascent/gerbil-ascent/.ci/gerbil-release/v19/current/lib/static/std__io__bio__types.o /home/runner/work/gerbil-ascent/gerbil-ascent/.ci/gerbil-release/v19/current/lib/static/std__io__bio__macros.o /home/runner/work/gerbil-ascent/gerbil-ascent/.ci/gerbil-release/v19/current/lib/static/std__sync__spinlock.o /home/runner/work/gerbil-ascent/gerbil-ascent/.ci/gerbil-release/v19/current/lib/static/std__cache.o /home/runner/work/gerbil-ascent/gerbil-ascent/.ci/gerbil-release/v19/current/lib/static/std__io__bio__cache.o /home/runner/work/gerbil-ascent/gerbil-ascent/.ci/gerbil-release/v19/current/lib/static/std__io__bio__buffer.o /home/runner/work/gerbil-ascent/gerbil-ascent/.ci/gerbil-release/v19/current/lib/static/std__io__bio__output.o /home/runner/work/gerbil-ascent/gerbil-ascent/.ci/gerbil-release/v19/current/lib/static/std__io__bio__input.o /home/runner/work/gerbil-ascent/gerbil-ascent/.ci/gerbil-release/v19/current/lib/static/std__io__bio__delimited.o /home/runner/work/gerbil-ascent/gerbil-ascent/.ci/gerbil-release/v19/current/lib/static/std__io__bio__port.o /home/runner/work/gerbil-ascent/gerbil-ascent/.ci/gerbil-release/v19/current/lib/static/std__io__bio__srcsnk.o /home/runner/work/gerbil-ascent/gerbil-ascent/.ci/gerbil-release/v19/current/lib/static/std__io__bio__memory.o /home/runner/work/gerbil-ascent/gerbil-ascent/.ci/gerbil-release/v19/current/lib/static/std__io__bio__writer.o /home/runner/work/gerbil-ascent/gerbil-ascent/.ci/gerbil-release/v19/current/lib/static/std__io__bio__reader.o /home/runner/work/gerbil-ascent/gerbil-ascent/.ci/gerbil-release/v19/current/lib/static/std__io__bio__api.o /home/runner/work/gerbil-ascent/gerbil-ascent/.ci/gerbil-release/v19/current/lib/static/std__io__util.o /home/runner/work/gerbil-ascent/gerbil-ascent/.ci/gerbil-release/v19/current/lib/static/std__io__detachable.o /home/runner/work/gerbil-ascent/gerbil-ascent/.ci/gerbil-release/v19/current/lib/static/std__io__delimited.o /home/runner/work/gerbil-ascent/gerbil-ascent/.ci/gerbil-release/v19/current/lib/static/std__io__dummy.o /home/runner/work/gerbil-ascent/gerbil-ascent/.ci/gerbil-release/v19/current/lib/static/std__io__counter.o /home/runner/work/gerbil-ascent/gerbil-ascent/.ci/gerbil-release/v19/current/lib/static/std__io__socket__sockaddr.o /home/runner/work/gerbil-ascent/gerbil-ascent/.ci/gerbil-release/v19/current/lib/static/std__sync__rwlock.o /home/runner/work/gerbil-ascent/gerbil-ascent/.ci/gerbil-release/v19/current/lib/static/std__serde__util.o /home/runner/work/gerbil-ascent/gerbil-ascent/.ci/gerbil-release/v19/current/lib/static/std__serde__interface.o /home/runner/work/gerbil-ascent/gerbil-ascent/.ci/gerbil-release/v19/current/lib/static/std__hash__types.o /home/runner/work/gerbil-ascent/gerbil-ascent/.ci/gerbil-release/v19/current/lib/static/std__serde__deserialize.o /home/runner/work/gerbil-ascent/gerbil-ascent/.ci/gerbil-release/v19/current/lib/static/std__net__address__serde.o /home/runner/work/gerbil-ascent/gerbil-ascent/.ci/gerbil-release/v19/current/lib/static/std__format__ascii.o /home/runner/work/gerbil-ascent/gerbil-ascent/.ci/gerbil-release/v19/current/lib/static/std__format__env~integer-conversions.o /home/runner/work/gerbil-ascent/gerbil-ascent/.ci/gerbil-release/v19/current/lib/static/std__format__env.o /home/runner/work/gerbil-ascent/gerbil-ascent/.ci/gerbil-release/v19/current/lib/static/std__number__writer.o /home/runner/work/gerbil-ascent/gerbil-ascent/.ci/gerbil-release/v19/current/lib/static/std__serde__interned.o /home/runner/work/gerbil-ascent/gerbil-ascent/.ci/gerbil-release/v19/current/lib/static/std__serde__scanner.o /home/runner/work/gerbil-ascent/gerbil-ascent/.ci/gerbil-release/v19/current/lib/static/std__serde__serialize.o /home/runner/work/gerbil-ascent/gerbil-ascent/.ci/gerbil-release/v19/current/lib/static/std__format__ioutil.o /home/runner/work/gerbil-ascent/gerbil-ascent/.ci/gerbil-release/v19/current/lib/static/std__format__reader.o /home/runner/work/gerbil-ascent/gerbil-ascent/.ci/gerbil-release/v19/current/lib/static/std__format__writer.o /home/runner/work/gerbil-ascent/gerbil-ascent/.ci/gerbil-release/v19/current/lib/static/std__format__io.o /home/runner/work/gerbil-ascent/gerbil-ascent/.ci/gerbil-release/v19/current/lib/static/std__format__format-string.o /home/runner/work/gerbil-ascent/gerbil-ascent/.ci/gerbil-release/v19/current/lib/static/std__format__format.o /home/runner/work/gerbil-ascent/gerbil-ascent/.ci/gerbil-release/v19/current/lib/static/std__format__api.o /home/runner/work/gerbil-ascent/gerbil-ascent/.ci/gerbil-release/v19/current/lib/static/std__format.o /home/runner/work/gerbil-ascent/gerbil-ascent/.ci/gerbil-release/v19/current/lib/static/std__string__stringer.o /home/runner/work/gerbil-ascent/gerbil-ascent/.ci/gerbil-release/v19/current/lib/static/std__net__address__stringer.o /home/runner/work/gerbil-ascent/gerbil-ascent/.ci/gerbil-release/v19/current/lib/static/std__list__random.o /home/runner/work/gerbil-ascent/gerbil-ascent/.ci/gerbil-release/v19/current/lib/static/std__net__address__resolver.o /home/runner/work/gerbil-ascent/gerbil-ascent/.ci/gerbil-release/v19/current/lib/static/std__text__pregexp.o /home/runner/work/gerbil-ascent/gerbil-ascent/.ci/gerbil-release/v19/current/lib/static/std__net__address__parser.o /home/runner/work/gerbil-ascent/gerbil-ascent/.ci/gerbil-release/v19/current/lib/static/std__net__address__api.o /home/runner/work/gerbil-ascent/gerbil-ascent/.ci/gerbil-release/v19/current/lib/static/std__net__address.o /home/runner/work/gerbil-ascent/gerbil-ascent/.ci/gerbil-release/v19/current/lib/static/std__io__socket__types.o /home/runner/work/gerbil-ascent/gerbil-ascent/.ci/gerbil-release/v19/current/lib/static/std__io__socket__basic.o /home/runner/work/gerbil-ascent/gerbil-ascent/.ci/gerbil-release/v19/current/lib/static/std__io__socket__datagram.o /home/runner/work/gerbil-ascent/gerbil-ascent/.ci/gerbil-release/v19/current/lib/static/std__io__socket__server.o /home/runner/work/gerbil-ascent/gerbil-ascent/.ci/gerbil-release/v19/current/lib/static/std__io__socket__client.o /home/runner/work/gerbil-ascent/gerbil-ascent/.ci/gerbil-release/v19/current/lib/static/std__io__socket__stream.o /home/runner/work/gerbil-ascent/gerbil-ascent/.ci/gerbil-release/v19/current/lib/static/std__io__socket__socket.o /home/runner/work/gerbil-ascent/gerbil-ascent/.ci/gerbil-release/v19/current/lib/static/std__io__socket__api.o /home/runner/work/gerbil-ascent/gerbil-ascent/.ci/gerbil-release/v19/current/lib/static/std__io__api.o /home/runner/work/gerbil-ascent/gerbil-ascent/.ci/gerbil-release/v19/current/lib/static/std__io.o /home/runner/work/gerbil-ascent/gerbil-ascent/.ci/gerbil-release/v19/current/lib/static/std__text__parser__ll1.o /home/runner/work/gerbil-ascent/gerbil-ascent/.ci/gerbil-release/v19/current/lib/static/std__list__alist.o /home/runner/work/gerbil-ascent/gerbil-ascent/.ci/gerbil-release/v19/current/lib/static/std__list__walist.o /home/runner/work/gerbil-ascent/gerbil-ascent/.ci/gerbil-release/v19/current/lib/static/std__encoding__json__reader.o /home/runner/work/gerbil-ascent/gerbil-ascent/.ci/gerbil-release/v19/current/lib/static/std__encoding__json__writer.o /home/runner/work/gerbil-ascent/gerbil-ascent/.ci/gerbil-release/v19/current/lib/static/std__encoding__json__io.o /home/runner/work/gerbil-ascent/gerbil-ascent/.ci/gerbil-release/v19/current/lib/static/std__misc__ports.o /home/runner/work/gerbil-ascent/gerbil-ascent/.ci/gerbil-release/v19/current/lib/static/std__list__plist.o /home/runner/work/gerbil-ascent/gerbil-ascent/.ci/gerbil-release/v19/current/lib/static/std__encoding__json__util.o /home/runner/work/gerbil-ascent/gerbil-ascent/.ci/gerbil-release/v19/current/lib/static/std__encoding__json__api.o /home/runner/work/gerbil-ascent/gerbil-ascent/.ci/gerbil-release/v19/current/lib/static/std__encoding__json.o /home/runner/work/gerbil-ascent/gerbil-ascent/.ci/gerbil-release/v19/current/lib/static/gerbil__expander__common.o /home/runner/work/gerbil-ascent/gerbil-ascent/.ci/gerbil-release/v19/current/lib/static/gerbil__expander__stx.o /home/runner/work/gerbil-ascent/gerbil-ascent/.ci/gerbil-release/v19/current/lib/static/gerbil__expander__core.o /home/runner/work/gerbil-ascent/gerbil-ascent/.ci/gerbil-release/v19/current/lib/static/gerbil__expander__compile.o /home/runner/work/gerbil-ascent/gerbil-ascent/.ci/gerbil-release/v19/current/lib/static/gerbil__expander__top.o /home/runner/work/gerbil-ascent/gerbil-ascent/.ci/gerbil-release/v19/current/lib/static/gerbil__expander__module.o /home/runner/work/gerbil-ascent/gerbil-ascent/.ci/gerbil-release/v19/current/lib/static/gerbil__expander__root.o /home/runner/work/gerbil-ascent/gerbil-ascent/.ci/gerbil-release/v19/current/lib/static/gerbil__expander__init.o /home/runner/work/gerbil-ascent/gerbil-ascent/.ci/gerbil-release/v19/current/lib/static/gerbil__expander__stxcase.o /home/runner/work/gerbil-ascent/gerbil-ascent/.ci/gerbil-release/v19/current/lib/static/gerbil__expander.o /home/runner/work/gerbil-ascent/gerbil-ascent/.ci/gerbil-release/v19/current/lib/static/gerbil__compiler__base.o /home/runner/work/gerbil-ascent/gerbil-ascent/.ci/gerbil-release/v19/current/lib/static/gerbil__compiler__method.o /home/runner/work/gerbil-ascent/gerbil-ascent/.ci/gerbil-release/v19/current/lib/static/gerbil__compiler__compile.o /home/runner/work/gerbil-ascent/gerbil-ascent/.ci/gerbil-release/v19/current/lib/static/gerbil__compiler__optimize-base.o /home/runner/work/gerbil-ascent/gerbil-ascent/.ci/gerbil-release/v19/current/lib/static/gerbil__compiler__optimize-xform.o /home/runner/work/gerbil-ascent/gerbil-ascent/.ci/gerbil-release/v19/current/lib/static/gerbil__compiler__optimize-top.o /home/runner/work/gerbil-ascent/gerbil-ascent/.ci/gerbil-release/v19/current/lib/static/gerbil__compiler__optimize-call.o /home/runner/work/gerbil-ascent/gerbil-ascent/.ci/gerbil-release/v19/current/lib/static/gerbil__compiler__optimize-ann.o /home/runner/work/gerbil-ascent/gerbil-ascent/.ci/gerbil-release/v19/current/lib/static/gerbil__compiler__optimize-spec.o /home/runner/work/gerbil-ascent/gerbil-ascent/.ci/gerbil-release/v19/current/lib/static/gerbil__compiler__optimize.o /home/runner/work/gerbil-ascent/gerbil-ascent/.ci/gerbil-release/v19/current/lib/static/gerbil__compiler__driver.o /home/runner/work/gerbil-ascent/gerbil-ascent/.ci/gerbil-release/v19/current/lib/static/std__func.o /home/runner/work/gerbil-ascent/gerbil-ascent/.ci/gerbil-release/v19/current/lib/static/std__values.o /home/runner/work/gerbil-ascent/gerbil-ascent/.ci/gerbil-release/v19/current/lib/static/std__stxparam.o /home/runner/work/gerbil-ascent/gerbil-ascent/.ci/gerbil-release/v19/current/lib/static/std__string__symbol.o /home/runner/work/gerbil-ascent/gerbil-ascent/.ci/gerbil-release/v19/current/lib/static/std__hash__misc.o /home/runner/work/gerbil-ascent/gerbil-ascent/.ci/gerbil-release/v19/current/lib/static/std__assert.o /home/runner/work/gerbil-ascent/gerbil-ascent/.ci/gerbil-release/v19/current/lib/static/std__vector__vector.o /home/runner/work/gerbil-ascent/gerbil-ascent/.ci/gerbil-release/v19/current/lib/static/std__test__base.o /home/runner/work/gerbil-ascent/gerbil-ascent/.ci/gerbil-release/v19/current/lib/static/std__crypto__digest.o /home/runner/work/gerbil-ascent/gerbil-ascent/.ci/gerbil-release/v19/current/lib/static/std__test__unit.o /home/runner/work/gerbil-ascent/gerbil-ascent/.ci/gerbil-release/v19/current/lib/static/std__test.o -L /home/runner/work/gerbil-ascent/gerbil-ascent/.ci/gerbil-release/v19/current/lib -lgambit -ldl -lm -lcrypto -lssl -lcrypto -lz -lsqlite3 -lm)
2026-10-04T06:44:29.4305539Z DSL-ARTIFACT-STAGED dfbca6e99bd58785a9634380286541aa79431abe1fb3352bbfffb5a7d8b9fbff
2026-10-04T06:44:29.4912948Z *** WARNING module std/net/request is DEPRECATED and will be removed in the future
2026-10-04T06:44:29.6448575Z DSL-ARTIFACT-BOUND dfbca6e99bd58785a9634380286541aa79431abe1fb3352bbfffb5a7d8b9fbff
2026-10-04T06:44:29.6556898Z ##[group]Run just check-dsl-closure
2026-10-04T06:44:29.6557257Z [36;1mjust check-dsl-closure[0m
2026-10-04T06:44:29.6622082Z shell: /usr/bin/bash -e {0}
2026-10-04T06:44:29.6622347Z env:
2026-10-04T06:44:29.6622776Z   GERBIL_RELEASE_ROOT: /home/runner/work/gerbil-ascent/gerbil-ascent/.ci/gerbil-release/v19
2026-10-04T06:44:29.6623419Z   GERBIL_PREFIX: /home/runner/work/gerbil-ascent/gerbil-ascent/.ci/gerbil-release/v19
2026-10-04T06:44:29.6624035Z   GERBIL_HOME: /home/runner/work/gerbil-ascent/gerbil-ascent/.ci/gerbil-release/v19/current
2026-10-04T06:44:29.6625316Z   GAMBOPT: ~~=/home/runner/work/gerbil-ascent/gerbil-ascent/.ci/gerbil-release/v19/current,~~bin=/home/runner/work/gerbil-ascent/gerbil-ascent/.ci/gerbil-release/v19/current/bin,~~lib=/home/runner/work/gerbil-ascent/gerbil-ascent/.ci/gerbil-release/v19/current/lib
2026-10-04T06:44:29.6626409Z ##[endgroup]
2026-10-04T06:44:29.7928964Z DSL-ARTIFACT-VERIFIED dfbca6e99bd58785a9634380286541aa79431abe1fb3352bbfffb5a7d8b9fbff
2026-10-04T06:44:29.8475171Z HARNESS Scheme DSL closure
2026-10-04T06:44:29.8475816Z MODULE t/qualification/scheme-closure-contract-test.ss
2026-10-04T06:44:29.8476949Z SUITE Scheme closure guarantees and operational failure boundaries
2026-10-04T06:44:29.8477787Z CASE finite successor completes with the exact independent interval
2026-10-04T06:44:29.8676653Z CASE-OK finite successor completes with the exact independent interval
2026-10-04T06:44:29.8677969Z CASE monotone integer successor does not become complete at a budget
2026-10-04T06:44:29.8813498Z CASE-OK monotone integer successor does not become complete at a budget
2026-10-04T06:44:29.8814671Z CASE one lattice key does not imply finite-height refinement
2026-10-04T06:44:29.8950504Z CASE-OK one lattice key does not imply finite-height refinement
2026-10-04T06:44:29.8951939Z CASE separately admissible fragments can compose into a negative cycle
2026-10-04T06:44:29.9871891Z CASE-OK separately admissible fragments can compose into a negative cycle
2026-10-04T06:44:29.9872972Z SUITE-OK Scheme closure guarantees and operational failure boundaries
2026-10-04T06:44:29.9873635Z MODULE-OK t/qualification/scheme-closure-contract-test.ss
2026-10-04T06:44:29.9874148Z HARNESS-OK Scheme DSL closure
2026-10-04T06:44:29.9874478Z OK
2026-10-04T06:44:30.0438119Z HARNESS Scheme DSL closure
2026-10-04T06:44:30.0438722Z MODULE t/qualification/scheme-provenance-graph-test.ss
2026-10-04T06:44:30.0439358Z SUITE Complete grounded provenance and deletion
2026-10-04T06:44:30.0440035Z CASE recursive provenance retains every source and cyclic alternative
2026-10-04T06:44:30.0450399Z CASE-OK recursive provenance retains every source and cyclic alternative
2026-10-04T06:44:30.0451524Z CASE a recursive cycle without a founded source proves no row
2026-10-04T06:44:30.0452877Z CASE-OK a recursive cycle without a founded source proves no row
2026-10-04T06:44:30.0455845Z CASE complete provenance cannot omit an alternative or exceed its cap
2026-10-04T06:44:30.0456799Z CASE-OK complete provenance cannot omit an alternative or exceed its cap
2026-10-04T06:44:30.0457757Z CASE grounded DRed restores alternate support and removes the last cyclic support
2026-10-04T06:44:30.0458789Z CASE-OK grounded DRed restores alternate support and removes the last cyclic support
2026-10-04T06:44:30.0459799Z CASE failed grounded deletion preserves the published rows and source state
2026-10-04T06:44:30.0460758Z CASE-OK failed grounded deletion preserves the published rows and source state
2026-10-04T06:44:30.0461990Z CASE all sixty-four graphs preserve complete alternatives and every withdrawal
2026-10-04T06:44:30.0773722Z PROVENANCE-CHECKED 0 complete
2026-10-04T06:44:30.1042970Z PROVENANCE-CHECKED 1 complete
2026-10-04T06:44:30.1305224Z PROVENANCE-CHECKED 1 withdrawal 1
2026-10-04T06:44:30.1552417Z PROVENANCE-CHECKED 2 complete
2026-10-04T06:44:30.1809310Z PROVENANCE-CHECKED 2 withdrawal 1
2026-10-04T06:44:30.2070282Z PROVENANCE-CHECKED 3 complete
2026-10-04T06:44:30.2316264Z PROVENANCE-CHECKED 3 withdrawal 1
2026-10-04T06:44:30.2553043Z PROVENANCE-CHECKED 3 withdrawal 2
2026-10-04T06:44:30.2787465Z PROVENANCE-CHECKED 4 complete
2026-10-04T06:44:30.3014679Z PROVENANCE-CHECKED 4 withdrawal 1
2026-10-04T06:44:30.3242832Z PROVENANCE-CHECKED 5 complete
2026-10-04T06:44:30.3471940Z PROVENANCE-CHECKED 5 withdrawal 1
2026-10-04T06:44:30.3709602Z PROVENANCE-CHECKED 5 withdrawal 2
2026-10-04T06:44:30.3939694Z PROVENANCE-CHECKED 6 complete
2026-10-04T06:44:30.4169340Z PROVENANCE-CHECKED 6 withdrawal 1
2026-10-04T06:44:30.4398343Z PROVENANCE-CHECKED 6 withdrawal 2
2026-10-04T06:44:30.4629515Z PROVENANCE-CHECKED 7 complete
2026-10-04T06:44:30.4860778Z PROVENANCE-CHECKED 7 withdrawal 1
2026-10-04T06:44:30.5094882Z PROVENANCE-CHECKED 7 withdrawal 2
2026-10-04T06:44:30.5326671Z PROVENANCE-CHECKED 7 withdrawal 3
2026-10-04T06:44:30.5570116Z PROVENANCE-CHECKED 8 complete
2026-10-04T06:44:30.5801195Z PROVENANCE-CHECKED 8 withdrawal 1
2026-10-04T06:44:30.6032313Z PROVENANCE-CHECKED 9 complete
2026-10-04T06:44:30.6265532Z PROVENANCE-CHECKED 9 withdrawal 1
2026-10-04T06:44:30.6501005Z PROVENANCE-CHECKED 9 withdrawal 2
2026-10-04T06:44:30.6736291Z PROVENANCE-CHECKED 10 complete
2026-10-04T06:44:30.6969040Z PROVENANCE-CHECKED 10 withdrawal 1
2026-10-04T06:44:30.7201933Z PROVENANCE-CHECKED 10 withdrawal 2
2026-10-04T06:44:30.7444644Z PROVENANCE-CHECKED 11 complete
2026-10-04T06:44:30.7675347Z PROVENANCE-CHECKED 11 withdrawal 1
2026-10-04T06:44:30.7902168Z PROVENANCE-CHECKED 11 withdrawal 2
2026-10-04T06:44:30.8126528Z PROVENANCE-CHECKED 11 withdrawal 3
2026-10-04T06:44:30.8355403Z PROVENANCE-CHECKED 12 complete
2026-10-04T06:44:30.8584882Z PROVENANCE-CHECKED 12 withdrawal 1
2026-10-04T06:44:30.8811206Z PROVENANCE-CHECKED 12 withdrawal 2
2026-10-04T06:44:30.9052130Z PROVENANCE-CHECKED 13 complete
2026-10-04T06:44:30.9279615Z PROVENANCE-CHECKED 13 withdrawal 1
2026-10-04T06:44:30.9507366Z PROVENANCE-CHECKED 13 withdrawal 2
2026-10-04T06:44:30.9735294Z PROVENANCE-CHECKED 13 withdrawal 3
2026-10-04T06:44:30.9963391Z PROVENANCE-CHECKED 14 complete
2026-10-04T06:44:31.0190677Z PROVENANCE-CHECKED 14 withdrawal 1
2026-10-04T06:44:31.0420117Z PROVENANCE-CHECKED 14 withdrawal 2
2026-10-04T06:44:31.0648112Z PROVENANCE-CHECKED 14 withdrawal 3
2026-10-04T06:44:31.0888708Z PROVENANCE-CHECKED 15 complete
2026-10-04T06:44:31.1118385Z PROVENANCE-CHECKED 15 withdrawal 1
2026-10-04T06:44:31.1346522Z PROVENANCE-CHECKED 15 withdrawal 2
2026-10-04T06:44:31.1576082Z PROVENANCE-CHECKED 15 withdrawal 3
2026-10-04T06:44:31.1806957Z PROVENANCE-CHECKED 15 withdrawal 4
2026-10-04T06:44:31.2036690Z PROVENANCE-CHECKED 16 complete
2026-10-04T06:44:31.2265815Z PROVENANCE-CHECKED 16 withdrawal 1
2026-10-04T06:44:31.2505695Z PROVENANCE-CHECKED 17 complete
2026-10-04T06:44:31.2732023Z PROVENANCE-CHECKED 17 withdrawal 1
2026-10-04T06:44:31.2961559Z PROVENANCE-CHECKED 17 withdrawal 2
2026-10-04T06:44:31.3190001Z PROVENANCE-CHECKED 18 complete
2026-10-04T06:44:31.3416195Z PROVENANCE-CHECKED 18 withdrawal 1
2026-10-04T06:44:31.3639473Z PROVENANCE-CHECKED 18 withdrawal 2
2026-10-04T06:44:31.3865959Z PROVENANCE-CHECKED 19 complete
2026-10-04T06:44:31.4104823Z PROVENANCE-CHECKED 19 withdrawal 1
2026-10-04T06:44:31.4334473Z PROVENANCE-CHECKED 19 withdrawal 2
2026-10-04T06:44:31.4560177Z PROVENANCE-CHECKED 19 withdrawal 3
2026-10-04T06:44:31.4787707Z PROVENANCE-CHECKED 20 complete
2026-10-04T06:44:31.5017049Z PROVENANCE-CHECKED 20 withdrawal 1
2026-10-04T06:44:31.5242055Z PROVENANCE-CHECKED 20 withdrawal 2
2026-10-04T06:44:31.5471100Z PROVENANCE-CHECKED 21 complete
2026-10-04T06:44:31.5698554Z PROVENANCE-CHECKED 21 withdrawal 1
2026-10-04T06:44:31.5939521Z PROVENANCE-CHECKED 21 withdrawal 2
2026-10-04T06:44:31.6166857Z PROVENANCE-CHECKED 21 withdrawal 3
2026-10-04T06:44:31.6397840Z PROVENANCE-CHECKED 22 complete
2026-10-04T06:44:31.6627910Z PROVENANCE-CHECKED 22 withdrawal 1
2026-10-04T06:44:31.6855015Z PROVENANCE-CHECKED 22 withdrawal 2
2026-10-04T06:44:31.7081428Z PROVENANCE-CHECKED 22 withdrawal 3
2026-10-04T06:44:31.7311629Z PROVENANCE-CHECKED 23 complete
2026-10-04T06:44:31.7554973Z PROVENANCE-CHECKED 23 withdrawal 1
2026-10-04T06:44:31.7788117Z PROVENANCE-CHECKED 23 withdrawal 2
2026-10-04T06:44:31.8022996Z PROVENANCE-CHECKED 23 withdrawal 3
2026-10-04T06:44:31.8256359Z PROVENANCE-CHECKED 23 withdrawal 4
2026-10-04T06:44:31.8490315Z PROVENANCE-CHECKED 24 complete
2026-10-04T06:44:31.8724268Z PROVENANCE-CHECKED 24 withdrawal 1
2026-10-04T06:44:31.8957435Z PROVENANCE-CHECKED 24 withdrawal 2
2026-10-04T06:44:31.9205633Z PROVENANCE-CHECKED 25 complete
2026-10-04T06:44:31.9439109Z PROVENANCE-CHECKED 25 withdrawal 1
2026-10-04T06:44:31.9669649Z PROVENANCE-CHECKED 25 withdrawal 2
2026-10-04T06:44:31.9910315Z PROVENANCE-CHECKED 25 withdrawal 3
2026-10-04T06:44:32.0151807Z PROVENANCE-CHECKED 26 complete
2026-10-04T06:44:32.0388737Z PROVENANCE-CHECKED 26 withdrawal 1
2026-10-04T06:44:32.0620360Z PROVENANCE-CHECKED 26 withdrawal 2
2026-10-04T06:44:32.0864769Z PROVENANCE-CHECKED 26 withdrawal 3
2026-10-04T06:44:32.1099154Z PROVENANCE-CHECKED 27 complete
2026-10-04T06:44:32.1331702Z PROVENANCE-CHECKED 27 withdrawal 1
2026-10-04T06:44:32.1563976Z PROVENANCE-CHECKED 27 withdrawal 2
2026-10-04T06:44:32.1800118Z PROVENANCE-CHECKED 27 withdrawal 3
2026-10-04T06:44:32.2032688Z PROVENANCE-CHECKED 27 withdrawal 4
2026-10-04T06:44:32.2277830Z PROVENANCE-CHECKED 28 complete
2026-10-04T06:44:32.2509864Z PROVENANCE-CHECKED 28 withdrawal 1
2026-10-04T06:44:32.2740773Z PROVENANCE-CHECKED 28 withdrawal 2
2026-10-04T06:44:32.2969124Z PROVENANCE-CHECKED 28 withdrawal 3
2026-10-04T06:44:32.3201585Z PROVENANCE-CHECKED 29 complete
2026-10-04T06:44:32.3435109Z PROVENANCE-CHECKED 29 withdrawal 1
2026-10-04T06:44:32.3665587Z PROVENANCE-CHECKED 29 withdrawal 2
2026-10-04T06:44:32.3910945Z PROVENANCE-CHECKED 29 withdrawal 3
2026-10-04T06:44:32.4144425Z PROVENANCE-CHECKED 29 withdrawal 4
2026-10-04T06:44:32.4379747Z PROVENANCE-CHECKED 30 complete
2026-10-04T06:44:32.4612523Z PROVENANCE-CHECKED 30 withdrawal 1
2026-10-04T06:44:32.4846747Z PROVENANCE-CHECKED 30 withdrawal 2
2026-10-04T06:44:32.5077554Z PROVENANCE-CHECKED 30 withdrawal 3
2026-10-04T06:44:32.5307028Z PROVENANCE-CHECKED 30 withdrawal 4
2026-10-04T06:44:32.5552195Z PROVENANCE-CHECKED 31 complete
2026-10-04T06:44:32.5790564Z PROVENANCE-CHECKED 31 withdrawal 1
2026-10-04T06:44:32.6023935Z PROVENANCE-CHECKED 31 withdrawal 2
2026-10-04T06:44:32.6254547Z PROVENANCE-CHECKED 31 withdrawal 3
2026-10-04T06:44:32.6486497Z PROVENANCE-CHECKED 31 withdrawal 4
2026-10-04T06:44:32.6715648Z PROVENANCE-CHECKED 31 withdrawal 5
2026-10-04T06:44:32.6957984Z PROVENANCE-CHECKED 32 complete
2026-10-04T06:44:32.7184478Z PROVENANCE-CHECKED 32 withdrawal 1
2026-10-04T06:44:32.7413053Z PROVENANCE-CHECKED 33 complete
2026-10-04T06:44:32.7656095Z PROVENANCE-CHECKED 33 withdrawal 1
2026-10-04T06:44:32.7898291Z PROVENANCE-CHECKED 33 withdrawal 2
2026-10-04T06:44:32.8143267Z PROVENANCE-CHECKED 34 complete
2026-10-04T06:44:32.8381144Z PROVENANCE-CHECKED 34 withdrawal 1
2026-10-04T06:44:32.8640267Z PROVENANCE-CHECKED 34 withdrawal 2
2026-10-04T06:44:32.8880464Z PROVENANCE-CHECKED 35 complete
2026-10-04T06:44:32.9125145Z PROVENANCE-CHECKED 35 withdrawal 1
2026-10-04T06:44:32.9357299Z PROVENANCE-CHECKED 35 withdrawal 2
2026-10-04T06:44:32.9590039Z PROVENANCE-CHECKED 35 withdrawal 3
2026-10-04T06:44:32.9824302Z PROVENANCE-CHECKED 36 complete
2026-10-04T06:44:33.0065966Z PROVENANCE-CHECKED 36 withdrawal 1
2026-10-04T06:44:33.0292178Z PROVENANCE-CHECKED 36 withdrawal 2
2026-10-04T06:44:33.0525328Z PROVENANCE-CHECKED 37 complete
2026-10-04T06:44:33.0756490Z PROVENANCE-CHECKED 37 withdrawal 1
2026-10-04T06:44:33.0988249Z PROVENANCE-CHECKED 37 withdrawal 2
2026-10-04T06:44:33.1215904Z PROVENANCE-CHECKED 37 withdrawal 3
2026-10-04T06:44:33.1457054Z PROVENANCE-CHECKED 38 complete
2026-10-04T06:44:33.1700375Z PROVENANCE-CHECKED 38 withdrawal 1
2026-10-04T06:44:33.1931960Z PROVENANCE-CHECKED 38 withdrawal 2
2026-10-04T06:44:33.2168555Z PROVENANCE-CHECKED 38 withdrawal 3
2026-10-04T06:44:33.2402791Z PROVENANCE-CHECKED 39 complete
2026-10-04T06:44:33.2636190Z PROVENANCE-CHECKED 39 withdrawal 1
2026-10-04T06:44:33.2868112Z PROVENANCE-CHECKED 39 withdrawal 2
2026-10-04T06:44:33.3111671Z PROVENANCE-CHECKED 39 withdrawal 3
2026-10-04T06:44:33.3342396Z PROVENANCE-CHECKED 39 withdrawal 4
2026-10-04T06:44:33.3576780Z PROVENANCE-CHECKED 40 complete
2026-10-04T06:44:33.3809609Z PROVENANCE-CHECKED 40 withdrawal 1
2026-10-04T06:44:33.4040679Z PROVENANCE-CHECKED 40 withdrawal 2
2026-10-04T06:44:33.4272595Z PROVENANCE-CHECKED 41 complete
2026-10-04T06:44:33.4513348Z PROVENANCE-CHECKED 41 withdrawal 1
2026-10-04T06:44:33.4740744Z PROVENANCE-CHECKED 41 withdrawal 2
2026-10-04T06:44:33.4968015Z PROVENANCE-CHECKED 41 withdrawal 3
2026-10-04T06:44:33.5196612Z PROVENANCE-CHECKED 42 complete
2026-10-04T06:44:33.5426527Z PROVENANCE-CHECKED 42 withdrawal 1
2026-10-04T06:44:33.5651115Z PROVENANCE-CHECKED 42 withdrawal 2
2026-10-04T06:44:33.5888980Z PROVENANCE-CHECKED 42 withdrawal 3
2026-10-04T06:44:33.6116991Z PROVENANCE-CHECKED 43 complete
2026-10-04T06:44:33.6345489Z PROVENANCE-CHECKED 43 withdrawal 1
2026-10-04T06:44:33.6580331Z PROVENANCE-CHECKED 43 withdrawal 2
2026-10-04T06:44:33.6807733Z PROVENANCE-CHECKED 43 withdrawal 3
2026-10-04T06:44:33.7037587Z PROVENANCE-CHECKED 43 withdrawal 4
2026-10-04T06:44:33.7284920Z PROVENANCE-CHECKED 44 complete
2026-10-04T06:44:33.7525450Z PROVENANCE-CHECKED 44 withdrawal 1
2026-10-04T06:44:33.7762460Z PROVENANCE-CHECKED 44 withdrawal 2
2026-10-04T06:44:33.7993574Z PROVENANCE-CHECKED 44 withdrawal 3
2026-10-04T06:44:33.8227737Z PROVENANCE-CHECKED 45 complete
2026-10-04T06:44:33.8458262Z PROVENANCE-CHECKED 45 withdrawal 1
2026-10-04T06:44:33.8703161Z PROVENANCE-CHECKED 45 withdrawal 2
2026-10-04T06:44:33.8934572Z PROVENANCE-CHECKED 45 withdrawal 3
2026-10-04T06:44:33.9162105Z PROVENANCE-CHECKED 45 withdrawal 4
2026-10-04T06:44:33.9396661Z PROVENANCE-CHECKED 46 complete
2026-10-04T06:44:33.9625711Z PROVENANCE-CHECKED 46 withdrawal 1
2026-10-04T06:44:33.9855915Z PROVENANCE-CHECKED 46 withdrawal 2
2026-10-04T06:44:34.0094945Z PROVENANCE-CHECKED 46 withdrawal 3
2026-10-04T06:44:34.0323810Z PROVENANCE-CHECKED 46 withdrawal 4
2026-10-04T06:44:34.0553681Z PROVENANCE-CHECKED 47 complete
2026-10-04T06:44:34.0781816Z PROVENANCE-CHECKED 47 withdrawal 1
2026-10-04T06:44:34.1009781Z PROVENANCE-CHECKED 47 withdrawal 2
2026-10-04T06:44:34.1238130Z PROVENANCE-CHECKED 47 withdrawal 3
2026-10-04T06:44:34.1480081Z PROVENANCE-CHECKED 47 withdrawal 4
2026-10-04T06:44:34.1709516Z PROVENANCE-CHECKED 47 withdrawal 5
2026-10-04T06:44:34.1941776Z PROVENANCE-CHECKED 48 complete
2026-10-04T06:44:34.2170252Z PROVENANCE-CHECKED 48 withdrawal 1
2026-10-04T06:44:34.2405934Z PROVENANCE-CHECKED 48 withdrawal 2
2026-10-04T06:44:34.2637808Z PROVENANCE-CHECKED 49 complete
2026-10-04T06:44:34.2882129Z PROVENANCE-CHECKED 49 withdrawal 1
2026-10-04T06:44:34.3108263Z PROVENANCE-CHECKED 49 withdrawal 2
2026-10-04T06:44:34.3337916Z PROVENANCE-CHECKED 49 withdrawal 3
2026-10-04T06:44:34.3571403Z PROVENANCE-CHECKED 50 complete
2026-10-04T06:44:34.3804514Z PROVENANCE-CHECKED 50 withdrawal 1
2026-10-04T06:44:34.4042274Z PROVENANCE-CHECKED 50 withdrawal 2
2026-10-04T06:44:34.4265294Z PROVENANCE-CHECKED 50 withdrawal 3
2026-10-04T06:44:34.4490548Z PROVENANCE-CHECKED 51 complete
2026-10-04T06:44:34.4715245Z PROVENANCE-CHECKED 51 withdrawal 1
2026-10-04T06:44:34.4937438Z PROVENANCE-CHECKED 51 withdrawal 2
2026-10-04T06:44:34.5161168Z PROVENANCE-CHECKED 51 withdrawal 3
2026-10-04T06:44:34.5419469Z PROVENANCE-CHECKED 51 withdrawal 4
2026-10-04T06:44:34.5662637Z PROVENANCE-CHECKED 52 complete
2026-10-04T06:44:34.5902604Z PROVENANCE-CHECKED 52 withdrawal 1
2026-10-04T06:44:34.6137202Z PROVENANCE-CHECKED 52 withdrawal 2
2026-10-04T06:44:34.6374754Z PROVENANCE-CHECKED 52 withdrawal 3
2026-10-04T06:44:34.6614876Z PROVENANCE-CHECKED 53 complete
2026-10-04T06:44:34.6870125Z PROVENANCE-CHECKED 53 withdrawal 1
2026-10-04T06:44:34.7103224Z PROVENANCE-CHECKED 53 withdrawal 2
2026-10-04T06:44:34.7350168Z PROVENANCE-CHECKED 53 withdrawal 3
2026-10-04T06:44:34.7583887Z PROVENANCE-CHECKED 53 withdrawal 4
2026-10-04T06:44:34.7819481Z PROVENANCE-CHECKED 54 complete
2026-10-04T06:44:34.8064280Z PROVENANCE-CHECKED 54 withdrawal 1
2026-10-04T06:44:34.8292867Z PROVENANCE-CHECKED 54 withdrawal 2
2026-10-04T06:44:34.8523844Z PROVENANCE-CHECKED 54 withdrawal 3
2026-10-04T06:44:34.8751536Z PROVENANCE-CHECKED 54 withdrawal 4
2026-10-04T06:44:34.8980995Z PROVENANCE-CHECKED 55 complete
2026-10-04T06:44:34.9214799Z PROVENANCE-CHECKED 55 withdrawal 1
2026-10-04T06:44:34.9461977Z PROVENANCE-CHECKED 55 withdrawal 2
2026-10-04T06:44:34.9694825Z PROVENANCE-CHECKED 55 withdrawal 3
2026-10-04T06:44:34.9924435Z PROVENANCE-CHECKED 55 withdrawal 4
2026-10-04T06:44:35.0155396Z PROVENANCE-CHECKED 55 withdrawal 5
2026-10-04T06:44:35.0403413Z PROVENANCE-CHECKED 56 complete
2026-10-04T06:44:35.0650907Z PROVENANCE-CHECKED 56 withdrawal 1
2026-10-04T06:44:35.0882956Z PROVENANCE-CHECKED 56 withdrawal 2
2026-10-04T06:44:35.1112882Z PROVENANCE-CHECKED 56 withdrawal 3
2026-10-04T06:44:35.1344499Z PROVENANCE-CHECKED 57 complete
2026-10-04T06:44:35.1573029Z PROVENANCE-CHECKED 57 withdrawal 1
2026-10-04T06:44:35.1813720Z PROVENANCE-CHECKED 57 withdrawal 2
2026-10-04T06:44:35.2042926Z PROVENANCE-CHECKED 57 withdrawal 3
2026-10-04T06:44:35.2271371Z PROVENANCE-CHECKED 57 withdrawal 4
2026-10-04T06:44:35.2501826Z PROVENANCE-CHECKED 58 complete
2026-10-04T06:44:35.2727772Z PROVENANCE-CHECKED 58 withdrawal 1
2026-10-04T06:44:35.2953915Z PROVENANCE-CHECKED 58 withdrawal 2
2026-10-04T06:44:35.3192125Z PROVENANCE-CHECKED 58 withdrawal 3
2026-10-04T06:44:35.3417942Z PROVENANCE-CHECKED 58 withdrawal 4
2026-10-04T06:44:35.3648977Z PROVENANCE-CHECKED 59 complete
2026-10-04T06:44:35.3883201Z PROVENANCE-CHECKED 59 withdrawal 1
2026-10-04T06:44:35.4117580Z PROVENANCE-CHECKED 59 withdrawal 2
2026-10-04T06:44:35.4361910Z PROVENANCE-CHECKED 59 withdrawal 3
2026-10-04T06:44:35.4593141Z PROVENANCE-CHECKED 59 withdrawal 4
2026-10-04T06:44:35.4820342Z PROVENANCE-CHECKED 59 withdrawal 5
2026-10-04T06:44:35.5052384Z PROVENANCE-CHECKED 60 complete
2026-10-04T06:44:35.5276643Z PROVENANCE-CHECKED 60 withdrawal 1
2026-10-04T06:44:35.5514879Z PROVENANCE-CHECKED 60 withdrawal 2
2026-10-04T06:44:35.5746679Z PROVENANCE-CHECKED 60 withdrawal 3
2026-10-04T06:44:35.5976024Z PROVENANCE-CHECKED 60 withdrawal 4
2026-10-04T06:44:35.6210793Z PROVENANCE-CHECKED 61 complete
2026-10-04T06:44:35.6444043Z PROVENANCE-CHECKED 61 withdrawal 1
2026-10-04T06:44:35.6689415Z PROVENANCE-CHECKED 61 withdrawal 2
2026-10-04T06:44:35.6918944Z PROVENANCE-CHECKED 61 withdrawal 3
2026-10-04T06:44:35.7152831Z PROVENANCE-CHECKED 61 withdrawal 4
2026-10-04T06:44:35.7380811Z PROVENANCE-CHECKED 61 withdrawal 5
2026-10-04T06:44:35.7613384Z PROVENANCE-CHECKED 62 complete
2026-10-04T06:44:35.7855282Z PROVENANCE-CHECKED 62 withdrawal 1
2026-10-04T06:44:35.8081912Z PROVENANCE-CHECKED 62 withdrawal 2
2026-10-04T06:44:35.8307996Z PROVENANCE-CHECKED 62 withdrawal 3
2026-10-04T06:44:35.8533642Z PROVENANCE-CHECKED 62 withdrawal 4
2026-10-04T06:44:35.8760148Z PROVENANCE-CHECKED 62 withdrawal 5
2026-10-04T06:44:35.9001215Z PROVENANCE-CHECKED 63 complete
2026-10-04T06:44:35.9228305Z PROVENANCE-CHECKED 63 withdrawal 1
2026-10-04T06:44:35.9455948Z PROVENANCE-CHECKED 63 withdrawal 2
2026-10-04T06:44:35.9684382Z PROVENANCE-CHECKED 63 withdrawal 3
2026-10-04T06:44:35.9909639Z PROVENANCE-CHECKED 63 withdrawal 4
2026-10-04T06:44:36.0135107Z PROVENANCE-CHECKED 63 withdrawal 5
2026-10-04T06:44:36.0373641Z PROVENANCE-CHECKED 63 withdrawal 6
2026-10-04T06:44:36.0374505Z CASE-OK all sixty-four graphs preserve complete alternatives and every withdrawal
2026-10-04T06:44:36.0375343Z SUITE-OK Complete grounded provenance and deletion
2026-10-04T06:44:36.0376032Z MODULE-OK t/qualification/scheme-provenance-graph-test.ss
2026-10-04T06:44:36.0376532Z HARNESS-OK Scheme DSL closure
2026-10-04T06:44:36.0376858Z OK
2026-10-04T06:44:36.0946028Z HARNESS Scheme DSL closure
2026-10-04T06:44:36.0946654Z MODULE t/qualification/scheme-higher-order-test.ss
2026-10-04T06:44:36.0947175Z SUITE Finite positive higher-order descriptors
2026-10-04T06:44:36.0947765Z CASE a function accepts a function and returns a closure over a finite fix
2026-10-04T06:44:36.1505296Z CASE-OK a function accepts a function and returns a closure over a finite fix
2026-10-04T06:44:36.1506269Z CASE one returned function can be instantiated twice without capture aliasing
2026-10-04T06:44:36.2596313Z CASE-OK one returned function can be instantiated twice without capture aliasing
2026-10-04T06:44:36.2597526Z CASE application checks nested function input and result signatures
2026-10-04T06:44:36.2598394Z CASE-OK application checks nested function input and result signatures
2026-10-04T06:44:36.2599233Z CASE finite domains reject bad rows and mappings instead of clamping
2026-10-04T06:44:36.2825502Z CASE-OK finite domains reject bad rows and mappings instead of clamping
2026-10-04T06:44:36.2826699Z CASE typed construction freezes caller-owned source and domain spines
2026-10-04T06:44:36.2883015Z CASE-OK typed construction freezes caller-owned source and domain spines
2026-10-04T06:44:36.2884109Z CASE escaped parameters and opaque function results reject
2026-10-04T06:44:36.2884839Z CASE-OK escaped parameters and opaque function results reject
2026-10-04T06:44:36.2885577Z CASE fixed points require finite relation endofunctions and expansion is bounded
2026-10-04T06:44:36.2886758Z CASE-OK fixed points require finite relation endofunctions and expansion is bounded
2026-10-04T06:44:36.2887587Z CASE typed native sessions retain finite domains through replacement and rollback
2026-10-04T06:44:36.2939272Z CASE-OK typed native sessions retain finite domains through replacement and rollback
2026-10-04T06:44:36.2940509Z CASE native derivations outside the declared domain raise instead of truncating
2026-10-04T06:44:36.3076002Z CASE-OK native derivations outside the declared domain raise instead of truncating
2026-10-04T06:44:36.3077384Z CASE admission reconstructs finite predicates and rejects forged domain data
2026-10-04T06:44:36.3138084Z CASE-OK admission reconstructs finite predicates and rejects forged domain data
2026-10-04T06:44:36.3139435Z CASE height expressions distinguish relation height and higher-order function space
2026-10-04T06:44:36.3140398Z CASE-OK height expressions distinguish relation height and higher-order function space
2026-10-04T06:44:36.3141455Z SUITE-OK Finite positive higher-order descriptors
2026-10-04T06:44:36.3142140Z MODULE-OK t/qualification/scheme-higher-order-test.ss
2026-10-04T06:44:36.3142618Z HARNESS-OK Scheme DSL closure
2026-10-04T06:44:36.3142945Z OK
2026-10-04T06:44:36.3706989Z HARNESS Scheme DSL closure
2026-10-04T06:44:36.3707703Z MODULE t/qualification/scheme-session-deletion-test.ss
2026-10-04T06:44:36.3708406Z SUITE Native dependency invalidation and source withdrawal
2026-10-04T06:44:36.3709020Z CASE deletion skips an independent component and restores all rules for later append
2026-10-04T06:44:36.4265948Z CASE-OK deletion skips an independent component and restores all rules for later append
2026-10-04T06:44:36.4267023Z CASE removing all base support eliminates a recursive cycle
2026-10-04T06:44:36.4407920Z CASE-OK removing all base support eliminates a recursive cycle
2026-10-04T06:44:36.4409135Z CASE negation and aggregate dependencies invalidate lower-stratum changes
2026-10-04T06:44:36.5388580Z CASE-OK negation and aggregate dependencies invalidate lower-stratum changes
2026-10-04T06:44:36.5389744Z CASE lattice replacement retracts an old maximum and preserves independent final rows
2026-10-04T06:44:36.5958404Z CASE-OK lattice replacement retracts an old maximum and preserves independent final rows
2026-10-04T06:44:36.5959486Z CASE failed prospective deletion transaction retains completed state
2026-10-04T06:44:36.6296265Z CASE-OK failed prospective deletion transaction retains completed state
2026-10-04T06:44:36.6297291Z CASE a forged descriptor cannot authorize an opaque callback for result reuse
2026-10-04T06:44:36.6505155Z CASE-OK a forged descriptor cannot authorize an opaque callback for result reuse
2026-10-04T06:44:36.6506358Z CASE all 64 three-node graphs and 192 successive withdrawals agree with fresh closure
2026-10-04T06:44:36.6645608Z DELETE-CHECKED initial 0
2026-10-04T06:44:36.6796170Z DELETE-CHECKED initial 1
2026-10-04T06:44:36.6934696Z DELETE-CHECKED withdrawal 1 1
2026-10-04T06:44:36.7077076Z DELETE-CHECKED initial 2
2026-10-04T06:44:36.7230569Z DELETE-CHECKED withdrawal 2 1
2026-10-04T06:44:36.7372309Z DELETE-CHECKED initial 3
2026-10-04T06:44:36.7511914Z DELETE-CHECKED withdrawal 3 1
2026-10-04T06:44:36.7667215Z DELETE-CHECKED withdrawal 3 2
2026-10-04T06:44:36.7810020Z DELETE-CHECKED initial 4
2026-10-04T06:44:36.7949240Z DELETE-CHECKED withdrawal 4 1
2026-10-04T06:44:36.8101184Z DELETE-CHECKED initial 5
2026-10-04T06:44:36.8242425Z DELETE-CHECKED withdrawal 5 1
2026-10-04T06:44:36.8385027Z DELETE-CHECKED withdrawal 5 2
2026-10-04T06:44:36.8543402Z DELETE-CHECKED initial 6
2026-10-04T06:44:36.8684518Z DELETE-CHECKED withdrawal 6 1
2026-10-04T06:44:36.8825443Z DELETE-CHECKED withdrawal 6 2
2026-10-04T06:44:36.8977217Z DELETE-CHECKED initial 7
2026-10-04T06:44:36.9119927Z DELETE-CHECKED withdrawal 7 1
2026-10-04T06:44:36.9261138Z DELETE-CHECKED withdrawal 7 2
2026-10-04T06:44:36.9413727Z DELETE-CHECKED withdrawal 7 3
2026-10-04T06:44:36.9556218Z DELETE-CHECKED initial 8
2026-10-04T06:44:36.9696326Z DELETE-CHECKED withdrawal 8 1
2026-10-04T06:44:36.9851410Z DELETE-CHECKED initial 9
2026-10-04T06:44:36.9994224Z DELETE-CHECKED withdrawal 9 1
2026-10-04T06:44:37.0137096Z DELETE-CHECKED withdrawal 9 2
2026-10-04T06:44:37.0294950Z DELETE-CHECKED initial 10
2026-10-04T06:44:37.0439273Z DELETE-CHECKED withdrawal 10 1
2026-10-04T06:44:37.0581765Z DELETE-CHECKED withdrawal 10 2
2026-10-04T06:44:37.0740582Z DELETE-CHECKED initial 11
2026-10-04T06:44:37.0883968Z DELETE-CHECKED withdrawal 11 1
2026-10-04T06:44:37.1038935Z DELETE-CHECKED withdrawal 11 2
2026-10-04T06:44:37.1182555Z DELETE-CHECKED withdrawal 11 3
2026-10-04T06:44:37.1324075Z DELETE-CHECKED initial 12
2026-10-04T06:44:37.1475966Z DELETE-CHECKED withdrawal 12 1
2026-10-04T06:44:37.1615929Z DELETE-CHECKED withdrawal 12 2
2026-10-04T06:44:37.1757842Z DELETE-CHECKED initial 13
2026-10-04T06:44:37.1914281Z DELETE-CHECKED withdrawal 13 1
2026-10-04T06:44:37.2057172Z DELETE-CHECKED withdrawal 13 2
2026-10-04T06:44:37.2202256Z DELETE-CHECKED withdrawal 13 3
2026-10-04T06:44:37.2359019Z DELETE-CHECKED initial 14
2026-10-04T06:44:37.2501985Z DELETE-CHECKED withdrawal 14 1
2026-10-04T06:44:37.2646447Z DELETE-CHECKED withdrawal 14 2
2026-10-04T06:44:37.2801943Z DELETE-CHECKED withdrawal 14 3
2026-10-04T06:44:37.2944139Z DELETE-CHECKED initial 15
2026-10-04T06:44:37.3088385Z DELETE-CHECKED withdrawal 15 1
2026-10-04T06:44:37.3243588Z DELETE-CHECKED withdrawal 15 2
2026-10-04T06:44:37.3385236Z DELETE-CHECKED withdrawal 15 3
2026-10-04T06:44:37.3538595Z DELETE-CHECKED withdrawal 15 4
2026-10-04T06:44:37.3679782Z DELETE-CHECKED initial 16
2026-10-04T06:44:37.3821201Z DELETE-CHECKED withdrawal 16 1
2026-10-04T06:44:37.3973411Z DELETE-CHECKED initial 17
2026-10-04T06:44:37.4117469Z DELETE-CHECKED withdrawal 17 1
2026-10-04T06:44:37.4260756Z DELETE-CHECKED withdrawal 17 2
2026-10-04T06:44:37.4417535Z DELETE-CHECKED initial 18
2026-10-04T06:44:37.4558254Z DELETE-CHECKED withdrawal 18 1
2026-10-04T06:44:37.4699366Z DELETE-CHECKED withdrawal 18 2
2026-10-04T06:44:37.4855356Z DELETE-CHECKED initial 19
2026-10-04T06:44:37.4997184Z DELETE-CHECKED withdrawal 19 1
2026-10-04T06:44:37.5137430Z DELETE-CHECKED withdrawal 19 2
2026-10-04T06:44:37.5292690Z DELETE-CHECKED withdrawal 19 3
2026-10-04T06:44:37.5432984Z DELETE-CHECKED initial 20
2026-10-04T06:44:37.5588107Z DELETE-CHECKED withdrawal 20 1
2026-10-04T06:44:37.5732034Z DELETE-CHECKED withdrawal 20 2
2026-10-04T06:44:37.5871841Z DELETE-CHECKED initial 21
2026-10-04T06:44:37.6022884Z DELETE-CHECKED withdrawal 21 1
2026-10-04T06:44:37.6161669Z DELETE-CHECKED withdrawal 21 2
2026-10-04T06:44:37.6300280Z DELETE-CHECKED withdrawal 21 3
2026-10-04T06:44:37.6452787Z DELETE-CHECKED initial 22
2026-10-04T06:44:37.6591933Z DELETE-CHECKED withdrawal 22 1
2026-10-04T06:44:37.6730913Z DELETE-CHECKED withdrawal 22 2
2026-10-04T06:44:37.6882084Z DELETE-CHECKED withdrawal 22 3
2026-10-04T06:44:37.7022183Z DELETE-CHECKED initial 23
2026-10-04T06:44:37.7161596Z DELETE-CHECKED withdrawal 23 1
2026-10-04T06:44:37.7313381Z DELETE-CHECKED withdrawal 23 2
2026-10-04T06:44:37.7452543Z DELETE-CHECKED withdrawal 23 3
2026-10-04T06:44:37.7603220Z DELETE-CHECKED withdrawal 23 4
2026-10-04T06:44:37.7741057Z DELETE-CHECKED initial 24
2026-10-04T06:44:37.7879841Z DELETE-CHECKED withdrawal 24 1
2026-10-04T06:44:37.8030353Z DELETE-CHECKED withdrawal 24 2
2026-10-04T06:44:37.8168724Z DELETE-CHECKED initial 25
2026-10-04T06:44:37.8307593Z DELETE-CHECKED withdrawal 25 1
2026-10-04T06:44:37.8459575Z DELETE-CHECKED withdrawal 25 2
2026-10-04T06:44:37.8599014Z DELETE-CHECKED withdrawal 25 3
2026-10-04T06:44:37.8740426Z DELETE-CHECKED initial 26
2026-10-04T06:44:37.8894383Z DELETE-CHECKED withdrawal 26 1
2026-10-04T06:44:37.9033297Z DELETE-CHECKED withdrawal 26 2
2026-10-04T06:44:37.9184509Z DELETE-CHECKED withdrawal 26 3
2026-10-04T06:44:37.9324413Z DELETE-CHECKED initial 27
2026-10-04T06:44:37.9465427Z DELETE-CHECKED withdrawal 27 1
2026-10-04T06:44:37.9618995Z DELETE-CHECKED withdrawal 27 2
2026-10-04T06:44:37.9760569Z DELETE-CHECKED withdrawal 27 3
2026-10-04T06:44:37.9902680Z DELETE-CHECKED withdrawal 27 4
2026-10-04T06:44:38.0057544Z DELETE-CHECKED initial 28
2026-10-04T06:44:38.0198655Z DELETE-CHECKED withdrawal 28 1
2026-10-04T06:44:38.0339705Z DELETE-CHECKED withdrawal 28 2
2026-10-04T06:44:38.0493089Z DELETE-CHECKED withdrawal 28 3
2026-10-04T06:44:38.0634193Z DELETE-CHECKED initial 29
2026-10-04T06:44:38.0786788Z DELETE-CHECKED withdrawal 29 1
2026-10-04T06:44:38.0926700Z DELETE-CHECKED withdrawal 29 2
2026-10-04T06:44:38.1067942Z DELETE-CHECKED withdrawal 29 3
2026-10-04T06:44:38.1221962Z DELETE-CHECKED withdrawal 29 4
2026-10-04T06:44:38.1362718Z DELETE-CHECKED initial 30
2026-10-04T06:44:38.1503732Z DELETE-CHECKED withdrawal 30 1
2026-10-04T06:44:38.1655879Z DELETE-CHECKED withdrawal 30 2
2026-10-04T06:44:38.1796432Z DELETE-CHECKED withdrawal 30 3
2026-10-04T06:44:38.1949990Z DELETE-CHECKED withdrawal 30 4
2026-10-04T06:44:38.2091499Z DELETE-CHECKED initial 31
2026-10-04T06:44:38.2236263Z DELETE-CHECKED withdrawal 31 1
2026-10-04T06:44:38.2391736Z DELETE-CHECKED withdrawal 31 2
2026-10-04T06:44:38.2533328Z DELETE-CHECKED withdrawal 31 3
2026-10-04T06:44:38.2673795Z DELETE-CHECKED withdrawal 31 4
2026-10-04T06:44:38.2824116Z DELETE-CHECKED withdrawal 31 5
2026-10-04T06:44:38.2966498Z DELETE-CHECKED initial 32
2026-10-04T06:44:38.3120832Z DELETE-CHECKED withdrawal 32 1
2026-10-04T06:44:38.3264309Z DELETE-CHECKED initial 33
2026-10-04T06:44:38.3405938Z DELETE-CHECKED withdrawal 33 1
2026-10-04T06:44:38.3561721Z DELETE-CHECKED withdrawal 33 2
2026-10-04T06:44:38.3704182Z DELETE-CHECKED initial 34
2026-10-04T06:44:38.3847505Z DELETE-CHECKED withdrawal 34 1
2026-10-04T06:44:38.4002665Z DELETE-CHECKED withdrawal 34 2
2026-10-04T06:44:38.4146606Z DELETE-CHECKED initial 35
2026-10-04T06:44:38.4302388Z DELETE-CHECKED withdrawal 35 1
2026-10-04T06:44:38.4445515Z DELETE-CHECKED withdrawal 35 2
2026-10-04T06:44:38.4588435Z DELETE-CHECKED withdrawal 35 3
2026-10-04T06:44:38.4742800Z DELETE-CHECKED initial 36
2026-10-04T06:44:38.4884027Z DELETE-CHECKED withdrawal 36 1
2026-10-04T06:44:38.5025560Z DELETE-CHECKED withdrawal 36 2
2026-10-04T06:44:38.5180022Z DELETE-CHECKED initial 37
2026-10-04T06:44:38.5322634Z DELETE-CHECKED withdrawal 37 1
2026-10-04T06:44:38.5477596Z DELETE-CHECKED withdrawal 37 2
2026-10-04T06:44:38.5620573Z DELETE-CHECKED withdrawal 37 3
2026-10-04T06:44:38.5764849Z DELETE-CHECKED initial 38
2026-10-04T06:44:38.5921355Z DELETE-CHECKED withdrawal 38 1
2026-10-04T06:44:38.6063256Z DELETE-CHECKED withdrawal 38 2
2026-10-04T06:44:38.6205423Z DELETE-CHECKED withdrawal 38 3
2026-10-04T06:44:38.6361832Z DELETE-CHECKED initial 39
2026-10-04T06:44:38.6506999Z DELETE-CHECKED withdrawal 39 1
2026-10-04T06:44:38.6663156Z DELETE-CHECKED withdrawal 39 2
2026-10-04T06:44:38.6807856Z DELETE-CHECKED withdrawal 39 3
2026-10-04T06:44:38.6948522Z DELETE-CHECKED withdrawal 39 4
2026-10-04T06:44:38.7102597Z DELETE-CHECKED initial 40
2026-10-04T06:44:38.7244174Z DELETE-CHECKED withdrawal 40 1
2026-10-04T06:44:38.7383968Z DELETE-CHECKED withdrawal 40 2
2026-10-04T06:44:38.7536867Z DELETE-CHECKED initial 41
2026-10-04T06:44:38.7676842Z DELETE-CHECKED withdrawal 41 1
2026-10-04T06:44:38.7835961Z DELETE-CHECKED withdrawal 41 2
2026-10-04T06:44:38.7989735Z DELETE-CHECKED withdrawal 41 3
2026-10-04T06:44:38.8140244Z DELETE-CHECKED initial 42
2026-10-04T06:44:38.8305894Z DELETE-CHECKED withdrawal 42 1
2026-10-04T06:44:38.8455216Z DELETE-CHECKED withdrawal 42 2
2026-10-04T06:44:38.8603618Z DELETE-CHECKED withdrawal 42 3
2026-10-04T06:44:38.8776455Z DELETE-CHECKED initial 43
2026-10-04T06:44:38.8930893Z DELETE-CHECKED withdrawal 43 1
2026-10-04T06:44:38.9098583Z DELETE-CHECKED withdrawal 43 2
2026-10-04T06:44:38.9245807Z DELETE-CHECKED withdrawal 43 3
2026-10-04T06:44:38.9394403Z DELETE-CHECKED withdrawal 43 4
2026-10-04T06:44:38.9563323Z DELETE-CHECKED initial 44
2026-10-04T06:44:38.9713882Z DELETE-CHECKED withdrawal 44 1
2026-10-04T06:44:38.9882573Z DELETE-CHECKED withdrawal 44 2
2026-10-04T06:44:39.0033336Z DELETE-CHECKED withdrawal 44 3
2026-10-04T06:44:39.0180034Z DELETE-CHECKED initial 45
2026-10-04T06:44:39.0353165Z DELETE-CHECKED withdrawal 45 1
2026-10-04T06:44:39.0503570Z DELETE-CHECKED withdrawal 45 2
2026-10-04T06:44:39.0649902Z DELETE-CHECKED withdrawal 45 3
2026-10-04T06:44:39.0809960Z DELETE-CHECKED withdrawal 45 4
2026-10-04T06:44:39.0956394Z DELETE-CHECKED initial 46
2026-10-04T06:44:39.1115350Z DELETE-CHECKED withdrawal 46 1
2026-10-04T06:44:39.1257300Z DELETE-CHECKED withdrawal 46 2
2026-10-04T06:44:39.1399208Z DELETE-CHECKED withdrawal 46 3
2026-10-04T06:44:39.1553059Z DELETE-CHECKED withdrawal 46 4
2026-10-04T06:44:39.1694587Z DELETE-CHECKED initial 47
2026-10-04T06:44:39.1852028Z DELETE-CHECKED withdrawal 47 1
2026-10-04T06:44:39.1997152Z DELETE-CHECKED withdrawal 47 2
2026-10-04T06:44:39.2141924Z DELETE-CHECKED withdrawal 47 3
2026-10-04T06:44:39.2298364Z DELETE-CHECKED withdrawal 47 4
2026-10-04T06:44:39.2438433Z DELETE-CHECKED withdrawal 47 5
2026-10-04T06:44:39.2591883Z DELETE-CHECKED initial 48
2026-10-04T06:44:39.2731153Z DELETE-CHECKED withdrawal 48 1
2026-10-04T06:44:39.2873023Z DELETE-CHECKED withdrawal 48 2
2026-10-04T06:44:39.3027893Z DELETE-CHECKED initial 49
2026-10-04T06:44:39.3168818Z DELETE-CHECKED withdrawal 49 1
2026-10-04T06:44:39.3321947Z DELETE-CHECKED withdrawal 49 2
2026-10-04T06:44:39.3462560Z DELETE-CHECKED withdrawal 49 3
2026-10-04T06:44:39.3602688Z DELETE-CHECKED initial 50
2026-10-04T06:44:39.3755175Z DELETE-CHECKED withdrawal 50 1
2026-10-04T06:44:39.3895228Z DELETE-CHECKED withdrawal 50 2
2026-10-04T06:44:39.4049239Z DELETE-CHECKED withdrawal 50 3
2026-10-04T06:44:39.4189325Z DELETE-CHECKED initial 51
2026-10-04T06:44:39.4329976Z DELETE-CHECKED withdrawal 51 1
2026-10-04T06:44:39.4481770Z DELETE-CHECKED withdrawal 51 2
2026-10-04T06:44:39.4620354Z DELETE-CHECKED withdrawal 51 3
2026-10-04T06:44:39.4757350Z DELETE-CHECKED withdrawal 51 4
2026-10-04T06:44:39.4912368Z DELETE-CHECKED initial 52
2026-10-04T06:44:39.5054124Z DELETE-CHECKED withdrawal 52 1
2026-10-04T06:44:39.5208723Z DELETE-CHECKED withdrawal 52 2
2026-10-04T06:44:39.5351116Z DELETE-CHECKED withdrawal 52 3
2026-10-04T06:44:39.5492807Z DELETE-CHECKED initial 53
2026-10-04T06:44:39.5647812Z DELETE-CHECKED withdrawal 53 1
2026-10-04T06:44:39.5786596Z DELETE-CHECKED withdrawal 53 2
2026-10-04T06:44:39.5939559Z DELETE-CHECKED withdrawal 53 3
2026-10-04T06:44:39.6080553Z DELETE-CHECKED withdrawal 53 4
2026-10-04T06:44:39.6220781Z DELETE-CHECKED initial 54
2026-10-04T06:44:39.6373706Z DELETE-CHECKED withdrawal 54 1
2026-10-04T06:44:39.6513773Z DELETE-CHECKED withdrawal 54 2
2026-10-04T06:44:39.6669657Z DELETE-CHECKED withdrawal 54 3
2026-10-04T06:44:39.6808937Z DELETE-CHECKED withdrawal 54 4
2026-10-04T06:44:39.6947597Z DELETE-CHECKED initial 55
2026-10-04T06:44:39.7101219Z DELETE-CHECKED withdrawal 55 1
2026-10-04T06:44:39.7243869Z DELETE-CHECKED withdrawal 55 2
2026-10-04T06:44:39.7396389Z DELETE-CHECKED withdrawal 55 3
2026-10-04T06:44:39.7539293Z DELETE-CHECKED withdrawal 55 4
2026-10-04T06:44:39.7677960Z DELETE-CHECKED withdrawal 55 5
2026-10-04T06:44:39.7830647Z DELETE-CHECKED initial 56
2026-10-04T06:44:39.7970126Z DELETE-CHECKED withdrawal 56 1
2026-10-04T06:44:39.8122089Z DELETE-CHECKED withdrawal 56 2
2026-10-04T06:44:39.8261388Z DELETE-CHECKED withdrawal 56 3
2026-10-04T06:44:39.8414949Z DELETE-CHECKED initial 57
2026-10-04T06:44:39.8555957Z DELETE-CHECKED withdrawal 57 1
2026-10-04T06:44:39.8696740Z DELETE-CHECKED withdrawal 57 2
2026-10-04T06:44:39.8848749Z DELETE-CHECKED withdrawal 57 3
2026-10-04T06:44:39.8990391Z DELETE-CHECKED withdrawal 57 4
2026-10-04T06:44:39.9143264Z DELETE-CHECKED initial 58
2026-10-04T06:44:39.9284666Z DELETE-CHECKED withdrawal 58 1
2026-10-04T06:44:39.9426432Z DELETE-CHECKED withdrawal 58 2
2026-10-04T06:44:39.9579241Z DELETE-CHECKED withdrawal 58 3
2026-10-04T06:44:39.9719989Z DELETE-CHECKED withdrawal 58 4
2026-10-04T06:44:39.9872015Z DELETE-CHECKED initial 59
2026-10-04T06:44:40.0013245Z DELETE-CHECKED withdrawal 59 1
2026-10-04T06:44:40.0154827Z DELETE-CHECKED withdrawal 59 2
2026-10-04T06:44:40.0309923Z DELETE-CHECKED withdrawal 59 3
2026-10-04T06:44:40.0450787Z DELETE-CHECKED withdrawal 59 4
2026-10-04T06:44:40.0603778Z DELETE-CHECKED withdrawal 59 5
2026-10-04T06:44:40.0744617Z DELETE-CHECKED initial 60
2026-10-04T06:44:40.0885282Z DELETE-CHECKED withdrawal 60 1
2026-10-04T06:44:40.1036993Z DELETE-CHECKED withdrawal 60 2
2026-10-04T06:44:40.1177190Z DELETE-CHECKED withdrawal 60 3
2026-10-04T06:44:40.1330056Z DELETE-CHECKED withdrawal 60 4
2026-10-04T06:44:40.1471587Z DELETE-CHECKED initial 61
2026-10-04T06:44:40.1611956Z DELETE-CHECKED withdrawal 61 1
2026-10-04T06:44:40.1767381Z DELETE-CHECKED withdrawal 61 2
2026-10-04T06:44:40.1909463Z DELETE-CHECKED withdrawal 61 3
2026-10-04T06:44:40.2065017Z DELETE-CHECKED withdrawal 61 4
2026-10-04T06:44:40.2210958Z DELETE-CHECKED withdrawal 61 5
2026-10-04T06:44:40.2368883Z DELETE-CHECKED initial 62
2026-10-04T06:44:40.2514367Z DELETE-CHECKED withdrawal 62 1
2026-10-04T06:44:40.2658988Z DELETE-CHECKED withdrawal 62 2
2026-10-04T06:44:40.2816254Z DELETE-CHECKED withdrawal 62 3
2026-10-04T06:44:40.2959069Z DELETE-CHECKED withdrawal 62 4
2026-10-04T06:44:40.3113053Z DELETE-CHECKED withdrawal 62 5
2026-10-04T06:44:40.3251181Z DELETE-CHECKED initial 63
2026-10-04T06:44:40.3391252Z DELETE-CHECKED withdrawal 63 1
2026-10-04T06:44:40.3544912Z DELETE-CHECKED withdrawal 63 2
2026-10-04T06:44:40.3685734Z DELETE-CHECKED withdrawal 63 3
2026-10-04T06:44:40.3839838Z DELETE-CHECKED withdrawal 63 4
2026-10-04T06:44:40.3981975Z DELETE-CHECKED withdrawal 63 5
2026-10-04T06:44:40.4134575Z DELETE-CHECKED withdrawal 63 6
2026-10-04T06:44:40.4135319Z CASE-OK all 64 three-node graphs and 192 successive withdrawals agree with fresh closure
2026-10-04T06:44:40.4136130Z SUITE-OK Native dependency invalidation and source withdrawal
2026-10-04T06:44:40.4136831Z MODULE-OK t/qualification/scheme-session-deletion-test.ss
2026-10-04T06:44:40.4137351Z HARNESS-OK Scheme DSL closure
2026-10-04T06:44:40.4137769Z OK
2026-10-04T06:44:40.4722853Z HARNESS Scheme DSL closure
2026-10-04T06:44:40.4723453Z MODULE t/qualification/ascent-timeout-test.ss
2026-10-04T06:44:40.4724053Z SUITE ASCENT retained timeout
2026-10-04T06:44:40.4724537Z CASE zero budget commits rounds and resumes
2026-10-04T06:44:40.4896177Z CASE-OK zero budget commits rounds and resumes
2026-10-04T06:44:40.4897386Z CASE source changes wait for partial fixed point
2026-10-04T06:44:40.5036201Z CASE-OK source changes wait for partial fixed point
2026-10-04T06:44:40.5037164Z CASE resumed recursion feeds a later negation stratum
2026-10-04T06:44:40.5217427Z CASE-OK resumed recursion feeds a later negation stratum
2026-10-04T06:44:40.5218309Z CASE lattice joins survive a partial round boundary
2026-10-04T06:44:40.5374552Z CASE-OK lattice joins survive a partial round boundary
2026-10-04T06:44:40.5375537Z CASE BYODS closure and downstream copy resume together
2026-10-04T06:44:40.5482913Z CASE-OK BYODS closure and downstream copy resume together
2026-10-04T06:44:40.5484237Z CASE replacement runs honor a zero timeout
2026-10-04T06:44:40.5660608Z CASE-OK replacement runs honor a zero timeout
2026-10-04T06:44:40.5661799Z CASE negated source appends honor a zero timeout
2026-10-04T06:44:40.5844480Z CASE-OK negated source appends honor a zero timeout
2026-10-04T06:44:40.5845506Z CASE lattice source appends honor a zero timeout
2026-10-04T06:44:40.5985226Z CASE-OK lattice source appends honor a zero timeout
2026-10-04T06:44:40.5986310Z CASE timeout duration validation leaves session usable
2026-10-04T06:44:40.6093635Z CASE-OK timeout duration validation leaves session usable
2026-10-04T06:44:40.6094844Z CASE pending provider recovery retains timed round boundaries
2026-10-04T06:44:40.6167960Z CASE-OK pending provider recovery retains timed round boundaries
2026-10-04T06:44:40.6169013Z CASE provisional replacement failure restores source and result together
2026-10-04T06:44:40.6286912Z CASE-OK provisional replacement failure restores source and result together
2026-10-04T06:44:40.6288148Z CASE failed resume restores the accepted source snapshot
2026-10-04T06:44:40.6402819Z CASE-OK failed resume restores the accepted source snapshot
2026-10-04T06:44:40.6403692Z SUITE-OK ASCENT retained timeout
2026-10-04T06:44:40.6404120Z MODULE-OK t/qualification/ascent-timeout-test.ss
2026-10-04T06:44:40.6404569Z HARNESS-OK Scheme DSL closure
2026-10-04T06:44:40.6404896Z OK
2026-10-04T06:44:40.6966643Z HARNESS Scheme DSL closure
2026-10-04T06:44:40.6967440Z MODULE t/qualification/scheme-stratified-provenance-test.ss
2026-10-04T06:44:40.6968371Z SUITE Complete stratified recursive derivation graphs
2026-10-04T06:44:40.6969336Z CASE all duplicate-source and self-cycle alternatives remain explicit
2026-10-04T06:44:40.7219121Z CASE-OK all duplicate-source and self-cycle alternatives remain explicit
2026-10-04T06:44:40.7220352Z CASE recursive equations retain exact absence and complete reduction group observations
2026-10-04T06:44:40.8134669Z CASE-OK recursive equations retain exact absence and complete reduction group observations
2026-10-04T06:44:40.8136120Z CASE empty queries yield a complete finite graph with no invented roots
2026-10-04T06:44:40.8272436Z CASE-OK empty queries yield a complete finite graph with no invented roots
2026-10-04T06:44:40.8273742Z CASE count and sum record empty groups while min and max produce no row
2026-10-04T06:44:40.9131955Z CASE-OK count and sum record empty groups while min and max produce no row
2026-10-04T06:44:40.9133460Z CASE incomplete, over-budget, missing and mutated alternatives cannot verify
2026-10-04T06:44:41.0831525Z CASE-OK incomplete, over-budget, missing and mutated alternatives cannot verify
2026-10-04T06:44:41.0832684Z CASE negation observations preserve wildcard patterns rather than inventing bindings
2026-10-04T06:44:41.1029010Z CASE-OK negation observations preserve wildcard patterns rather than inventing bindings
2026-10-04T06:44:41.1030738Z CASE all 64 finite graphs have every independently counted grounded alternative
2026-10-04T06:44:41.1271049Z STRATIFIED-GRAPH-CHECKED 0
2026-10-04T06:44:41.1509554Z STRATIFIED-GRAPH-CHECKED 1
2026-10-04T06:44:41.1745575Z STRATIFIED-GRAPH-CHECKED 2
2026-10-04T06:44:41.1993959Z STRATIFIED-GRAPH-CHECKED 3
2026-10-04T06:44:41.2229610Z STRATIFIED-GRAPH-CHECKED 4
2026-10-04T06:44:41.2467319Z STRATIFIED-GRAPH-CHECKED 5
2026-10-04T06:44:41.2703217Z STRATIFIED-GRAPH-CHECKED 6
2026-10-04T06:44:41.2940979Z STRATIFIED-GRAPH-CHECKED 7
2026-10-04T06:44:41.3180187Z STRATIFIED-GRAPH-CHECKED 8
2026-10-04T06:44:41.3430675Z STRATIFIED-GRAPH-CHECKED 9
2026-10-04T06:44:41.3673020Z STRATIFIED-GRAPH-CHECKED 10
2026-10-04T06:44:41.3916136Z STRATIFIED-GRAPH-CHECKED 11
2026-10-04T06:44:41.4155917Z STRATIFIED-GRAPH-CHECKED 12
2026-10-04T06:44:41.4395883Z STRATIFIED-GRAPH-CHECKED 13
2026-10-04T06:44:41.4635978Z STRATIFIED-GRAPH-CHECKED 14
2026-10-04T06:44:41.4890984Z STRATIFIED-GRAPH-CHECKED 15
2026-10-04T06:44:41.5127012Z STRATIFIED-GRAPH-CHECKED 16
2026-10-04T06:44:41.5370023Z STRATIFIED-GRAPH-CHECKED 17
2026-10-04T06:44:41.5608737Z STRATIFIED-GRAPH-CHECKED 18
2026-10-04T06:44:41.5848037Z STRATIFIED-GRAPH-CHECKED 19
2026-10-04T06:44:41.6084367Z STRATIFIED-GRAPH-CHECKED 20
2026-10-04T06:44:41.6333822Z STRATIFIED-GRAPH-CHECKED 21
2026-10-04T06:44:41.6570508Z STRATIFIED-GRAPH-CHECKED 22
2026-10-04T06:44:41.6810481Z STRATIFIED-GRAPH-CHECKED 23
2026-10-04T06:44:41.7050607Z STRATIFIED-GRAPH-CHECKED 24
2026-10-04T06:44:41.7296700Z STRATIFIED-GRAPH-CHECKED 25
2026-10-04T06:44:41.7548069Z STRATIFIED-GRAPH-CHECKED 26
2026-10-04T06:44:41.7790263Z STRATIFIED-GRAPH-CHECKED 27
2026-10-04T06:44:41.8022862Z STRATIFIED-GRAPH-CHECKED 28
2026-10-04T06:44:41.8258006Z STRATIFIED-GRAPH-CHECKED 29
2026-10-04T06:44:41.8494459Z STRATIFIED-GRAPH-CHECKED 30
2026-10-04T06:44:41.8747322Z STRATIFIED-GRAPH-CHECKED 31
2026-10-04T06:44:41.8981929Z STRATIFIED-GRAPH-CHECKED 32
2026-10-04T06:44:41.9214922Z STRATIFIED-GRAPH-CHECKED 33
2026-10-04T06:44:41.9447240Z STRATIFIED-GRAPH-CHECKED 34
2026-10-04T06:44:41.9677960Z STRATIFIED-GRAPH-CHECKED 35
2026-10-04T06:44:41.9908928Z STRATIFIED-GRAPH-CHECKED 36
2026-10-04T06:44:42.0157091Z STRATIFIED-GRAPH-CHECKED 37
2026-10-04T06:44:42.0389062Z STRATIFIED-GRAPH-CHECKED 38
2026-10-04T06:44:42.0623018Z STRATIFIED-GRAPH-CHECKED 39
2026-10-04T06:44:42.0853816Z STRATIFIED-GRAPH-CHECKED 40
2026-10-04T06:44:42.1089546Z STRATIFIED-GRAPH-CHECKED 41
2026-10-04T06:44:42.1339041Z STRATIFIED-GRAPH-CHECKED 42
2026-10-04T06:44:42.1573999Z STRATIFIED-GRAPH-CHECKED 43
2026-10-04T06:44:42.1807279Z STRATIFIED-GRAPH-CHECKED 44
2026-10-04T06:44:42.2051961Z STRATIFIED-GRAPH-CHECKED 45
2026-10-04T06:44:42.2291797Z STRATIFIED-GRAPH-CHECKED 46
2026-10-04T06:44:42.2543024Z STRATIFIED-GRAPH-CHECKED 47
2026-10-04T06:44:42.2777097Z STRATIFIED-GRAPH-CHECKED 48
2026-10-04T06:44:42.3011089Z STRATIFIED-GRAPH-CHECKED 49
2026-10-04T06:44:42.3248066Z STRATIFIED-GRAPH-CHECKED 50
2026-10-04T06:44:42.3484916Z STRATIFIED-GRAPH-CHECKED 51
2026-10-04T06:44:42.3732030Z STRATIFIED-GRAPH-CHECKED 52
2026-10-04T06:44:42.3967376Z STRATIFIED-GRAPH-CHECKED 53
2026-10-04T06:44:42.4202643Z STRATIFIED-GRAPH-CHECKED 54
2026-10-04T06:44:42.4441693Z STRATIFIED-GRAPH-CHECKED 55
2026-10-04T06:44:42.4679190Z STRATIFIED-GRAPH-CHECKED 56
2026-10-04T06:44:42.4927801Z STRATIFIED-GRAPH-CHECKED 57
2026-10-04T06:44:42.5163480Z STRATIFIED-GRAPH-CHECKED 58
2026-10-04T06:44:42.5403944Z STRATIFIED-GRAPH-CHECKED 59
2026-10-04T06:44:42.5637962Z STRATIFIED-GRAPH-CHECKED 60
2026-10-04T06:44:42.5882331Z STRATIFIED-GRAPH-CHECKED 61
2026-10-04T06:44:42.6115867Z STRATIFIED-GRAPH-CHECKED 62
2026-10-04T06:44:42.6354228Z STRATIFIED-GRAPH-CHECKED 63
2026-10-04T06:44:42.6355317Z CASE-OK all 64 finite graphs have every independently counted grounded alternative
2026-10-04T06:44:42.6356209Z SUITE-OK Complete stratified recursive derivation graphs
2026-10-04T06:44:42.6356956Z MODULE-OK t/qualification/scheme-stratified-provenance-test.ss
2026-10-04T06:44:42.6357605Z HARNESS-OK Scheme DSL closure
2026-10-04T06:44:42.6358013Z OK
2026-10-04T06:44:42.6945473Z HARNESS Scheme DSL closure
2026-10-04T06:44:42.6946233Z MODULE t/qualification/scheme-model-closure-test.ss
2026-10-04T06:44:42.6947071Z SUITE Native preflight for source-only model closure tasks
2026-10-04T06:44:42.6947827Z CASE higher-input-initial
2026-10-04T06:44:42.7275810Z STUDY-CASE {"family":"higher-input","expression":"(let* ((r (relational-relation-type 1 '(0 1 2 3 4))) (apply-function (relational-typed-function (relational-arrow-type r r) (lambda (f) (relational-typed-function r (lambda (x) (relational-typed-apply f x)))))) (f (relational-typed-function r (lambda (x) (relational-typed-flatmap x r '(((0) (1))))))) (input (relational-typed-source 'input r '((0)))) (solve (lambda (term) (let-values (((program output) (relational-typed-compile term 32 256 512))) (relational-query-name (relational-solve (relational-admit program)) output)))) (bits (lambda (rows) (foldl (lambda (row mask) (+ mask (expt 2 (car row)))) 0 rows)))) (bits (solve (relational-typed-apply (relational-typed-apply apply-function f) input))))","independentDatum":"2","id":"higher-input-initial","imports":[":gerbil-ascent/program/higher-order",":gerbil-ascent/program/scheme-language"],"nativeDatum":"2","variant":"initial"}
2026-10-04T06:44:42.7280795Z CASE-OK higher-input-initial
2026-10-04T06:44:42.7281160Z CASE higher-return-initial
2026-10-04T06:44:42.7530061Z STUDY-CASE {"expression":"(let* ((r (relational-relation-type 1 '(0 1 2 3 4))) (builder (relational-typed-function r (lambda (seed) (relational-typed-function r (lambda (input) (relational-typed-union seed input)))))) (function (relational-typed-apply builder (relational-typed-source 'seed r '((0))))) (argument (relational-typed-source 'argument r '((1)))) (solve (lambda (term) (let-values (((program output) (relational-typed-compile term 32 256 512))) (relational-query-name (relational-solve (relational-admit program)) output)))) (bits (lambda (rows) (foldl (lambda (row mask) (+ mask (expt 2 (car row)))) 0 rows)))) (bits (solve (relational-typed-apply function argument))))","nativeDatum":"3","family":"higher-return","independentDatum":"3","id":"higher-return-initial","variant":"initial","imports":[":gerbil-ascent/program/higher-order",":gerbil-ascent/program/scheme-language"]}
2026-10-04T06:44:42.7535332Z CASE-OK higher-return-initial
2026-10-04T06:44:42.7535687Z CASE higher-instances-initial
2026-10-04T06:44:42.8005211Z STUDY-CASE {"id":"higher-instances-initial","variant":"initial","imports":[":gerbil-ascent/program/higher-order",":gerbil-ascent/program/scheme-language"],"expression":"(let* ((r (relational-relation-type 1 '(0 1 2 3 4))) (builder (relational-typed-function r (lambda (seed) (relational-typed-function r (lambda (input) (relational-typed-union seed input)))))) (function (relational-typed-apply builder (relational-typed-source 'seed r '((0))))) (a (relational-typed-source 'a r '((1)))) (b (relational-typed-source 'b r '((2)))) (solve (lambda (term) (let-values (((program output) (relational-typed-compile term 32 256 512))) (relational-query-name (relational-solve (relational-admit program)) output)))) (bits (lambda (rows) (foldl (lambda (row mask) (+ mask (expt 2 (car row)))) 0 rows)))) (list (bits (solve (relational-typed-apply function a))) (bits (solve (relational-typed-apply function b)))))","nativeDatum":"(3 5)","family":"higher-instances","independentDatum":"(3 5)"}
2026-10-04T06:44:42.8010875Z CASE-OK higher-instances-initial
2026-10-04T06:44:42.8011423Z CASE finite-mapping-initial
2026-10-04T06:44:42.8223148Z STUDY-CASE {"variant":"initial","imports":[":gerbil-ascent/program/higher-order",":gerbil-ascent/program/scheme-language"],"id":"finite-mapping-initial","independentDatum":"6","expression":"(let* ((r (relational-relation-type 1 '(0 1 2 3 4))) (source (relational-typed-source 'input r '((0)))) (mapped (relational-typed-flatmap source r '(((0) (1)) ((0) (2))))) (solve (lambda (term) (let-values (((program output) (relational-typed-compile term 32 256 512))) (relational-query-name (relational-solve (relational-admit program)) output)))) (bits (lambda (rows) (foldl (lambda (row mask) (+ mask (expt 2 (car row)))) 0 rows)))) (bits (solve mapped)))","nativeDatum":"6","family":"finite-mapping"}
2026-10-04T06:44:42.8227278Z CASE-OK finite-mapping-initial
2026-10-04T06:44:42.8227699Z CASE finite-fix-initial
2026-10-04T06:44:42.8663816Z STUDY-CASE {"independentDatum":"2","nativeDatum":"2","family":"finite-fix","expression":"(let* ((r (relational-relation-type 2 '(0 1 2 3))) (edge (relational-typed-source 'edge r '((0 1) (1 2)))) (seed (relational-typed-source 'seed r '((0 1)))) (function (relational-typed-function r (lambda (path) (relational-typed-union seed (relational-typed-project (relational-typed-join path edge 1 0) '(0 3)))))) (solve (lambda (term) (let-values (((program output) (relational-typed-compile term 32 256 512))) (relational-query-name (relational-solve (relational-admit program)) output))))) (length (solve (relational-typed-fix function))))","imports":[":gerbil-ascent/program/higher-order",":gerbil-ascent/program/scheme-language"],"variant":"initial","id":"finite-fix-initial"}
2026-10-04T06:44:42.8668820Z CASE-OK finite-fix-initial
2026-10-04T06:44:42.8669219Z CASE domain-runtime-initial
2026-10-04T06:44:42.8727201Z STUDY-CASE {"imports":[":gerbil-ascent/program/higher-order",":gerbil-ascent/program/scheme-language"],"variant":"initial","id":"domain-runtime-initial","independentDatum":"1","nativeDatum":"1","family":"domain-runtime","expression":"(let-values (((program output) (relational-typed-compile (relational-typed-source 'input (relational-relation-type 1 '(0 1)) '((0))) 32 256 512))) (let (session (relational-open-program-session program)) (relational-program-session-run session) (with-catch (lambda (_error) 1) (lambda () (relational-program-append-source! session 'input '(2)) 0))))"}
2026-10-04T06:44:42.8730501Z CASE-OK domain-runtime-initial
2026-10-04T06:44:42.8730885Z CASE retained-delete-initial
2026-10-04T06:44:42.8877011Z STUDY-CASE {"imports":[":gerbil-ascent/program/scheme-language",":gerbil-ascent/program/session",":clan/poo/object"],"variant":"initial","id":"retained-delete-initial","independentDatum":"(1 2 2)","nativeDatum":"(1 2 2)","family":"retained-delete","expression":"(let* ((program (relational-program (relation edge (from to) '((0 1) (1 2))) (relation path (from to) '()) (relation cold (n) '((7))) (relation seen (n) '()) (rule (path ?x ?y) (edge ?x ?y)) (rule (path ?x ?z) (path ?x ?y) (edge ?y ?z)) (rule (seen ?n) (cold ?n)) (limits 32 256 512))) (session (gerbil-ascent-open-session program))) (gerbil-ascent-session-run session) (let (result (gerbil-ascent-session-replace-sources! session (list (cons 'edge '((0 1)))))) (list (length ((.ref result 'rows-of) 'path)) (.ref result 'active-rule-count) (length (.ref result 'reused-relations)))))"}
2026-10-04T06:44:42.8881845Z CASE-OK retained-delete-initial
2026-10-04T06:44:42.8882240Z CASE retained-negation-initial
2026-10-04T06:44:42.8967050Z STUDY-CASE {"independentDatum":"(1 2)","nativeDatum":"(1 2)","family":"retained-negation","expression":"(let* ((program (relational-program (relation item (n) '((1) (2))) (relation blocked (n) '((1))) (relation allowed (n) '()) (rule (allowed ?n) (item ?n) (not (blocked ?n))) (limits 32 256 512))) (session (gerbil-ascent-open-session program)) (old (gerbil-ascent-session-run session))) (gerbil-ascent-session-replace-source! session 'blocked '()) (let (new (gerbil-ascent-session-run session)) (list (length ((.ref old 'rows-of) 'allowed)) (length ((.ref new 'rows-of) 'allowed)))))","imports":[":gerbil-ascent/program/scheme-language",":gerbil-ascent/program/session",":clan/poo/object"],"variant":"initial","id":"retained-negation-initial"}
2026-10-04T06:44:42.8970873Z CASE-OK retained-negation-initial
2026-10-04T06:44:42.8971605Z CASE retained-reduction-initial
2026-10-04T06:44:42.9067438Z STUDY-CASE {"independentDatum":"(7 2)","nativeDatum":"(7 2)","family":"retained-reduction","expression":"(let* ((program (relational-program (relation weight (key value) '((1 2) (1 5))) (relation root (key) '((1))) (relation total (key value) '()) (rule (total ?k ?n) (root ?k) (reduce ?n (sum ?v) (weight ?k ?v))) (limits 32 256 512))) (session (gerbil-ascent-open-session program)) (old (gerbil-ascent-session-run session))) (gerbil-ascent-session-replace-source! session 'weight '((1 2))) (let (new (gerbil-ascent-session-run session)) (list (cadar ((.ref old 'rows-of) 'total)) (cadar ((.ref new 'rows-of) 'total)))))","imports":[":gerbil-ascent/program/scheme-language",":gerbil-ascent/program/session",":clan/poo/object"],"variant":"initial","id":"retained-reduction-initial"}
2026-10-04T06:44:42.9071643Z CASE-OK retained-reduction-initial
2026-10-04T06:44:42.9072052Z CASE retained-lattice-initial
2026-10-04T06:44:42.9125258Z STUDY-CASE {"id":"retained-lattice-initial","variant":"initial","imports":[":gerbil-ascent/program/scheme-language",":gerbil-ascent/program/session",":clan/poo/object"],"expression":"(let* ((program (relational-program (relation input (key value) '((1 2) (1 5))) (lattice best (key value) '() max) (rule (best ?k ?v) (input ?k ?v)) (limits 32 256 512))) (session (gerbil-ascent-open-session program)) (old (gerbil-ascent-session-run session))) (gerbil-ascent-session-replace-source! session 'input '((1 2))) (let (new (gerbil-ascent-session-run session)) (list (cadar ((.ref old 'rows-of) 'best)) (cadar ((.ref new 'rows-of) 'best)))))","nativeDatum":"(5 2)","family":"retained-lattice","independentDatum":"(5 2)"}
2026-10-04T06:44:42.9128600Z CASE-OK retained-lattice-initial
2026-10-04T06:44:42.9128964Z CASE recursive-provenance-initial
2026-10-04T06:44:42.9319108Z STUDY-CASE {"expression":"(let* ((snapshot (reasoning-source-snapshot 'recursive 1 '((s 1 ((1) (1)))))) (datum '(candidate (relation p 1) (rule (p ?x) (s ?x)) (rule (p ?x) (p ?x)) (query p ?x) (limits 16 64 128))) (receipt (reasoning-attempt snapshot datum)) (spec (candidate-inspect snapshot datum)) (digest (reasoning-receipt-candidate-digest receipt)) (rows (reasoning-receipt-rows receipt)) (certificate (candidate-finite-evidence snapshot spec digest 'complete rows 20000)) (graph (candidate-stratified-provenance snapshot spec digest 'complete rows certificate 20000 20000 4096))) (list (length (stratified-provenance-nodes graph)) (length (stratified-provenance-edges graph)) (length (stratified-provenance-roots graph))))","nativeDatum":"(2 4 1)","family":"recursive-provenance","independentDatum":"(2 4 1)","id":"recursive-provenance-initial","variant":"initial","imports":[":gerbil-ascent/candidate/reasoning",":gerbil-ascent/candidate/program",":gerbil-ascent/candidate/finite-evidence",":gerbil-ascent/candidate/stratified-provenance"]}
2026-10-04T06:44:42.9326132Z CASE-OK recursive-provenance-initial
2026-10-04T06:44:42.9326488Z CASE stratified-provenance-initial
2026-10-04T06:44:42.9702257Z STUDY-CASE {"id":"stratified-provenance-initial","variant":"initial","imports":[":gerbil-ascent/candidate/reasoning",":gerbil-ascent/candidate/program",":gerbil-ascent/candidate/finite-evidence",":gerbil-ascent/candidate/stratified-provenance"],"expression":"(let* ((snapshot (reasoning-source-snapshot 'stratified 1 '((weight 2 ((1 2) (1 5))) (root 1 ((1))) (blocked 2 ((1 5)))))) (datum '(candidate (relation allowed 2) (relation total 2) (rule (allowed ?k ?v) (weight ?k ?v) (not (blocked ?k ?v))) (rule (total ?k ?n) (root ?k) (reduce ?n (sum ?v) (allowed ?k ?v))) (query total ?k ?n) (limits 16 64 128))) (receipt (reasoning-attempt snapshot datum)) (spec (candidate-inspect snapshot datum)) (digest (reasoning-receipt-candidate-digest receipt)) (rows (reasoning-receipt-rows receipt)) (certificate (candidate-finite-evidence snapshot spec digest 'complete rows 20000)) (graph (candidate-stratified-provenance snapshot spec digest 'complete rows certificate 20000 20000 4096))) (list (cadar rows) (length (stratified-provenance-edges graph)) (length (filter (lambda (edge) (ormap (lambda (witness) (eq? (car witness) 'not)) (list-ref edge 3))) (stratified-provenance-edges graph)))))","nativeDatum":"(2 6 1)","family":"stratified-provenance","independentDatum":"(2 6 1)"}
2026-10-04T06:44:42.9710707Z CASE-OK stratified-provenance-initial
2026-10-04T06:44:42.9711232Z CASE higher-input-transfer
2026-10-04T06:44:42.9934778Z STUDY-CASE {"family":"higher-input","expression":"(let* ((r (relational-relation-type 1 '(0 1 2 3 4))) (apply-function (relational-typed-function (relational-arrow-type r r) (lambda (f) (relational-typed-function r (lambda (x) (relational-typed-apply f x)))))) (f (relational-typed-function r (lambda (x) (relational-typed-flatmap x r '(((1) (2))))))) (input (relational-typed-source 'input r '((1)))) (solve (lambda (term) (let-values (((program output) (relational-typed-compile term 32 256 512))) (relational-query-name (relational-solve (relational-admit program)) output)))) (bits (lambda (rows) (foldl (lambda (row mask) (+ mask (expt 2 (car row)))) 0 rows)))) (bits (solve (relational-typed-apply (relational-typed-apply apply-function f) input))))","independentDatum":"4","id":"higher-input-transfer","imports":[":gerbil-ascent/program/higher-order",":gerbil-ascent/program/scheme-language"],"nativeDatum":"4","variant":"transfer"}
2026-10-04T06:44:42.9940873Z CASE-OK higher-input-transfer
2026-10-04T06:44:42.9941901Z CASE higher-return-transfer
2026-10-04T06:44:43.0189872Z STUDY-CASE {"independentDatum":"6","nativeDatum":"6","family":"higher-return","expression":"(let* ((r (relational-relation-type 1 '(0 1 2 3 4))) (builder (relational-typed-function r (lambda (seed) (relational-typed-function r (lambda (input) (relational-typed-union seed input)))))) (function (relational-typed-apply builder (relational-typed-source 'seed r '((1))))) (argument (relational-typed-source 'argument r '((2)))) (solve (lambda (term) (let-values (((program output) (relational-typed-compile term 32 256 512))) (relational-query-name (relational-solve (relational-admit program)) output)))) (bits (lambda (rows) (foldl (lambda (row mask) (+ mask (expt 2 (car row)))) 0 rows)))) (bits (solve (relational-typed-apply function argument))))","imports":[":gerbil-ascent/program/higher-order",":gerbil-ascent/program/scheme-language"],"variant":"transfer","id":"higher-return-transfer"}
2026-10-04T06:44:43.0195992Z CASE-OK higher-return-transfer
2026-10-04T06:44:43.0196496Z CASE higher-instances-transfer
2026-10-04T06:44:43.0705121Z STUDY-CASE {"id":"higher-instances-transfer","variant":"transfer","imports":[":gerbil-ascent/program/higher-order",":gerbil-ascent/program/scheme-language"],"expression":"(let* ((r (relational-relation-type 1 '(0 1 2 3 4))) (builder (relational-typed-function r (lambda (seed) (relational-typed-function r (lambda (input) (relational-typed-union seed input)))))) (function (relational-typed-apply builder (relational-typed-source 'seed r '((1))))) (a (relational-typed-source 'a r '((2)))) (b (relational-typed-source 'b r '((3)))) (solve (lambda (term) (let-values (((program output) (relational-typed-compile term 32 256 512))) (relational-query-name (relational-solve (relational-admit program)) output)))) (bits (lambda (rows) (foldl (lambda (row mask) (+ mask (expt 2 (car row)))) 0 rows)))) (list (bits (solve (relational-typed-apply function a))) (bits (solve (relational-typed-apply function b)))))","nativeDatum":"(6 10)","family":"higher-instances","independentDatum":"(6 10)"}
2026-10-04T06:44:43.0711889Z CASE-OK higher-instances-transfer
2026-10-04T06:44:43.0712336Z CASE finite-mapping-transfer
2026-10-04T06:44:43.0930940Z STUDY-CASE {"expression":"(let* ((r (relational-relation-type 1 '(0 1 2 3 4))) (source (relational-typed-source 'input r '((2)))) (mapped (relational-typed-flatmap source r '(((2) (3)) ((2) (4))))) (solve (lambda (term) (let-values (((program output) (relational-typed-compile term 32 256 512))) (relational-query-name (relational-solve (relational-admit program)) output)))) (bits (lambda (rows) (foldl (lambda (row mask) (+ mask (expt 2 (car row)))) 0 rows)))) (bits (solve mapped)))","nativeDatum":"24","family":"finite-mapping","independentDatum":"24","id":"finite-mapping-transfer","variant":"transfer","imports":[":gerbil-ascent/program/higher-order",":gerbil-ascent/program/scheme-language"]}
2026-10-04T06:44:43.0934980Z CASE-OK finite-mapping-transfer
2026-10-04T06:44:43.0935399Z CASE finite-fix-transfer
2026-10-04T06:44:43.1383721Z STUDY-CASE {"independentDatum":"3","expression":"(let* ((r (relational-relation-type 2 '(0 1 2 3))) (edge (relational-typed-source 'edge r '((0 1) (1 2) (2 3)))) (seed (relational-typed-source 'seed r '((0 1)))) (function (relational-typed-function r (lambda (path) (relational-typed-union seed (relational-typed-project (relational-typed-join path edge 1 0) '(0 3)))))) (solve (lambda (term) (let-values (((program output) (relational-typed-compile term 32 256 512))) (relational-query-name (relational-solve (relational-admit program)) output))))) (length (solve (relational-typed-fix function))))","nativeDatum":"3","family":"finite-fix","variant":"transfer","imports":[":gerbil-ascent/program/higher-order",":gerbil-ascent/program/scheme-language"],"id":"finite-fix-transfer"}
2026-10-04T06:44:43.1388727Z CASE-OK finite-fix-transfer
2026-10-04T06:44:43.1389148Z CASE domain-runtime-transfer
2026-10-04T06:44:43.1446139Z STUDY-CASE {"variant":"transfer","imports":[":gerbil-ascent/program/higher-order",":gerbil-ascent/program/scheme-language"],"id":"domain-runtime-transfer","independentDatum":"0","expression":"(let-values (((program output) (relational-typed-compile (relational-typed-source 'input (relational-relation-type 1 '(0 1)) '((0))) 32 256 512))) (let (session (relational-open-program-session program)) (relational-program-session-run session) (with-catch (lambda (_error) 1) (lambda () (relational-program-append-source! session 'input '(1)) 0))))","nativeDatum":"0","family":"domain-runtime"}
2026-10-04T06:44:43.1450183Z CASE-OK domain-runtime-transfer
2026-10-04T06:44:43.1450687Z CASE retained-delete-transfer
2026-10-04T06:44:43.1601202Z STUDY-CASE {"expression":"(let* ((program (relational-program (relation edge (from to) '((0 1) (1 2))) (relation path (from to) '()) (relation cold (n) '((7))) (relation seen (n) '()) (rule (path ?x ?y) (edge ?x ?y)) (rule (path ?x ?z) (path ?x ?y) (edge ?y ?z)) (rule (seen ?n) (cold ?n)) (limits 32 256 512))) (session (gerbil-ascent-open-session program))) (gerbil-ascent-session-run session) (let (result (gerbil-ascent-session-replace-sources! session (list (cons 'edge '())))) (list (length ((.ref result 'rows-of) 'path)) (.ref result 'active-rule-count) (length (.ref result 'reused-relations)))))","nativeDatum":"(0 2 2)","family":"retained-delete","independentDatum":"(0 2 2)","id":"retained-delete-transfer","variant":"transfer","imports":[":gerbil-ascent/program/scheme-language",":gerbil-ascent/program/session",":clan/poo/object"]}
2026-10-04T06:44:43.1606946Z CASE-OK retained-delete-transfer
2026-10-04T06:44:43.1607442Z CASE retained-negation-transfer
2026-10-04T06:44:43.1686199Z STUDY-CASE {"variant":"transfer","imports":[":gerbil-ascent/program/scheme-language",":gerbil-ascent/program/session",":clan/poo/object"],"id":"retained-negation-transfer","independentDatum":"(2 1)","expression":"(let* ((program (relational-program (relation item (n) '((1) (2))) (relation blocked (n) '()) (relation allowed (n) '()) (rule (allowed ?n) (item ?n) (not (blocked ?n))) (limits 32 256 512))) (session (gerbil-ascent-open-session program)) (old (gerbil-ascent-session-run session))) (gerbil-ascent-session-replace-source! session 'blocked '((2))) (let (new (gerbil-ascent-session-run session)) (list (length ((.ref old 'rows-of) 'allowed)) (length ((.ref new 'rows-of) 'allowed)))))","nativeDatum":"(2 1)","family":"retained-negation"}
2026-10-04T06:44:43.1690926Z CASE-OK retained-negation-transfer
2026-10-04T06:44:43.1691707Z CASE retained-reduction-transfer
2026-10-04T06:44:43.1785368Z STUDY-CASE {"expression":"(let* ((program (relational-program (relation weight (key value) '((1 2) (1 5))) (relation root (key) '((1))) (relation total (key value) '()) (rule (total ?k ?n) (root ?k) (reduce ?n (sum ?v) (weight ?k ?v))) (limits 32 256 512))) (session (gerbil-ascent-open-session program)) (old (gerbil-ascent-session-run session))) (gerbil-ascent-session-replace-source! session 'weight '((1 5))) (let (new (gerbil-ascent-session-run session)) (list (cadar ((.ref old 'rows-of) 'total)) (cadar ((.ref new 'rows-of) 'total)))))","nativeDatum":"(7 5)","family":"retained-reduction","independentDatum":"(7 5)","id":"retained-reduction-transfer","variant":"transfer","imports":[":gerbil-ascent/program/scheme-language",":gerbil-ascent/program/session",":clan/poo/object"]}
2026-10-04T06:44:43.1790185Z CASE-OK retained-reduction-transfer
2026-10-04T06:44:43.1790686Z CASE retained-lattice-transfer
2026-10-04T06:44:43.1845389Z STUDY-CASE {"variant":"transfer","imports":[":gerbil-ascent/program/scheme-language",":gerbil-ascent/program/session",":clan/poo/object"],"id":"retained-lattice-transfer","independentDatum":"(5 9)","expression":"(let* ((program (relational-program (relation input (key value) '((1 2) (1 5))) (lattice best (key value) '() max) (rule (best ?k ?v) (input ?k ?v)) (limits 32 256 512))) (session (gerbil-ascent-open-session program)) (old (gerbil-ascent-session-run session))) (gerbil-ascent-session-replace-source! session 'input '((1 5) (1 9))) (let (new (gerbil-ascent-session-run session)) (list (cadar ((.ref old 'rows-of) 'best)) (cadar ((.ref new 'rows-of) 'best)))))","nativeDatum":"(5 9)","family":"retained-lattice"}
2026-10-04T06:44:43.1849932Z CASE-OK retained-lattice-transfer
2026-10-04T06:44:43.1850499Z CASE recursive-provenance-transfer
2026-10-04T06:44:43.2027685Z STUDY-CASE {"expression":"(let* ((snapshot (reasoning-source-snapshot 'recursive 2 '((s 1 ((1) (1) (1)))))) (datum '(candidate (relation p 1) (rule (p ?x) (s ?x)) (rule (p ?x) (p ?x)) (query p ?x) (limits 16 64 128))) (receipt (reasoning-attempt snapshot datum)) (spec (candidate-inspect snapshot datum)) (digest (reasoning-receipt-candidate-digest receipt)) (rows (reasoning-receipt-rows receipt)) (certificate (candidate-finite-evidence snapshot spec digest 'complete rows 20000)) (graph (candidate-stratified-provenance snapshot spec digest 'complete rows certificate 20000 20000 4096))) (list (length (stratified-provenance-nodes graph)) (length (stratified-provenance-edges graph)) (length (stratified-provenance-roots graph))))","nativeDatum":"(2 5 1)","family":"recursive-provenance","independentDatum":"(2 5 1)","id":"recursive-provenance-transfer","variant":"transfer","imports":[":gerbil-ascent/candidate/reasoning",":gerbil-ascent/candidate/program",":gerbil-ascent/candidate/finite-evidence",":gerbil-ascent/candidate/stratified-provenance"]}
2026-10-04T06:44:43.2035465Z CASE-OK recursive-provenance-transfer
2026-10-04T06:44:43.2036013Z CASE stratified-provenance-transfer
2026-10-04T06:44:43.2406390Z STUDY-CASE {"independentDatum":"(7 6 2)","expression":"(let* ((snapshot (reasoning-source-snapshot 'stratified 2 '((weight 2 ((1 2) (1 5))) (root 1 ((1))) (blocked 2 ())))) (datum '(candidate (relation allowed 2) (relation total 2) (rule (allowed ?k ?v) (weight ?k ?v) (not (blocked ?k ?v))) (rule (total ?k ?n) (root ?k) (reduce ?n (sum ?v) (allowed ?k ?v))) (query total ?k ?n) (limits 16 64 128))) (receipt (reasoning-attempt snapshot datum)) (spec (candidate-inspect snapshot datum)) (digest (reasoning-receipt-candidate-digest receipt)) (rows (reasoning-receipt-rows receipt)) (certificate (candidate-finite-evidence snapshot spec digest 'complete rows 20000)) (graph (candidate-stratified-provenance snapshot spec digest 'complete rows certificate 20000 20000 4096))) (list (cadar rows) (length (stratified-provenance-edges graph)) (length (filter (lambda (edge) (ormap (lambda (witness) (eq? (car witness) 'not)) (list-ref edge 3))) (stratified-provenance-edges graph)))))","nativeDatum":"(7 6 2)","family":"stratified-provenance","variant":"transfer","imports":[":gerbil-ascent/candidate/reasoning",":gerbil-ascent/candidate/program",":gerbil-ascent/candidate/finite-evidence",":gerbil-ascent/candidate/stratified-provenance"],"id":"stratified-provenance-transfer"}
2026-10-04T06:44:43.2414293Z CASE-OK stratified-provenance-transfer
2026-10-04T06:44:43.2414900Z SUITE-OK Native preflight for source-only model closure tasks
2026-10-04T06:44:43.2415571Z MODULE-OK t/qualification/scheme-model-closure-test.ss
2026-10-04T06:44:43.2416122Z HARNESS-OK Scheme DSL closure
2026-10-04T06:44:43.2416502Z OK
2026-10-04T06:44:43.2992559Z HARNESS Scheme DSL closure
2026-10-04T06:44:43.2993185Z MODULE t/qualification/scheme-operator-test.ss
2026-10-04T06:44:43.2993693Z SUITE Scheme finite relation operator graph
2026-10-04T06:44:43.2994199Z CASE projected join compiles directly to its output relation
2026-10-04T06:44:43.3241687Z CASE-OK projected join compiles directly to its output relation
2026-10-04T06:44:43.3242991Z CASE projected join retains zero-arity and repeated columns
2026-10-04T06:44:43.3579427Z CASE-OK projected join retains zero-arity and repeated columns
2026-10-04T06:44:43.3580328Z CASE fixed-point union branches target the fixed relation
2026-10-04T06:44:43.3964753Z CASE-OK fixed-point union branches target the fixed relation
2026-10-04T06:44:43.3965545Z CASE sixty-four graph fixed points equal independent closure
2026-10-04T06:44:43.6070948Z PROGRESS operator graph parity 2/64
2026-10-04T06:44:43.8173728Z PROGRESS operator graph parity 4/64
2026-10-04T06:44:44.0226927Z PROGRESS operator graph parity 6/64
2026-10-04T06:44:44.2305118Z PROGRESS operator graph parity 8/64
2026-10-04T06:44:44.4339304Z PROGRESS operator graph parity 10/64
2026-10-04T06:44:44.6332440Z PROGRESS operator graph parity 12/64
2026-10-04T06:44:44.8404004Z PROGRESS operator graph parity 14/64
2026-10-04T06:44:45.0512799Z PROGRESS operator graph parity 16/64
2026-10-04T06:44:45.2572113Z PROGRESS operator graph parity 18/64
2026-10-04T06:44:45.4574044Z PROGRESS operator graph parity 20/64
2026-10-04T06:44:45.6556041Z PROGRESS operator graph parity 22/64
2026-10-04T06:44:45.8614125Z PROGRESS operator graph parity 24/64
2026-10-04T06:44:46.0587877Z PROGRESS operator graph parity 26/64
2026-10-04T06:44:46.2592479Z PROGRESS operator graph parity 28/64
2026-10-04T06:44:46.4575216Z PROGRESS operator graph parity 30/64
2026-10-04T06:44:46.6572528Z PROGRESS operator graph parity 32/64
2026-10-04T06:44:46.8530048Z PROGRESS operator graph parity 34/64
2026-10-04T06:44:47.0482428Z PROGRESS operator graph parity 36/64
2026-10-04T06:44:47.2462219Z PROGRESS operator graph parity 38/64
2026-10-04T06:44:47.4456081Z PROGRESS operator graph parity 40/64
2026-10-04T06:44:47.6425748Z PROGRESS operator graph parity 42/64
2026-10-04T06:44:47.8423384Z PROGRESS operator graph parity 44/64
2026-10-04T06:44:48.0392732Z PROGRESS operator graph parity 46/64
2026-10-04T06:44:48.2361391Z PROGRESS operator graph parity 48/64
2026-10-04T06:44:48.4358994Z PROGRESS operator graph parity 50/64
2026-10-04T06:44:48.6341182Z PROGRESS operator graph parity 52/64
2026-10-04T06:44:48.8308302Z PROGRESS operator graph parity 54/64
2026-10-04T06:44:49.0261105Z PROGRESS operator graph parity 56/64
2026-10-04T06:44:49.2232052Z PROGRESS operator graph parity 58/64
2026-10-04T06:44:49.4305020Z PROGRESS operator graph parity 60/64
2026-10-04T06:44:49.6323364Z PROGRESS operator graph parity 62/64
2026-10-04T06:44:49.8474149Z PROGRESS operator graph parity 64/64
2026-10-04T06:44:49.8474865Z CASE-OK sixty-four graph fixed points equal independent closure
2026-10-04T06:44:49.8475538Z CASE reference change matches finite closure set difference
2026-10-04T06:44:49.8476513Z PROGRESS operator change parity 2/64
2026-10-04T06:44:49.8494677Z PROGRESS operator change parity 4/64
2026-10-04T06:44:49.8497796Z PROGRESS operator change parity 6/64
2026-10-04T06:44:49.8501578Z PROGRESS operator change parity 8/64
2026-10-04T06:44:49.8504283Z PROGRESS operator change parity 10/64
2026-10-04T06:44:49.8506441Z PROGRESS operator change parity 12/64
2026-10-04T06:44:49.8509693Z PROGRESS operator change parity 14/64
2026-10-04T06:44:49.8513238Z PROGRESS operator change parity 16/64
2026-10-04T06:44:49.8515469Z PROGRESS operator change parity 18/64
2026-10-04T06:44:49.8518749Z PROGRESS operator change parity 20/64
2026-10-04T06:44:49.8521801Z PROGRESS operator change parity 22/64
2026-10-04T06:44:49.8526375Z PROGRESS operator change parity 24/64
2026-10-04T06:44:49.8530766Z PROGRESS operator change parity 26/64
2026-10-04T06:44:49.8536724Z PROGRESS operator change parity 28/64
2026-10-04T06:44:49.8541354Z PROGRESS operator change parity 30/64
2026-10-04T06:44:49.8546206Z PROGRESS operator change parity 32/64
2026-10-04T06:44:49.8547662Z PROGRESS operator change parity 34/64
2026-10-04T06:44:49.8549895Z PROGRESS operator change parity 36/64
2026-10-04T06:44:49.8553650Z PROGRESS operator change parity 38/64
2026-10-04T06:44:49.8559004Z PROGRESS operator change parity 40/64
2026-10-04T06:44:49.8562491Z PROGRESS operator change parity 42/64
2026-10-04T06:44:49.8566248Z PROGRESS operator change parity 44/64
2026-10-04T06:44:49.8570412Z PROGRESS operator change parity 46/64
2026-10-04T06:44:49.8575644Z PROGRESS operator change parity 48/64
2026-10-04T06:44:49.8577641Z PROGRESS operator change parity 50/64
2026-10-04T06:44:49.8581238Z PROGRESS operator change parity 52/64
2026-10-04T06:44:49.8584764Z PROGRESS operator change parity 54/64
2026-10-04T06:44:49.8589762Z PROGRESS operator change parity 56/64
2026-10-04T06:44:49.8594967Z PROGRESS operator change parity 58/64
2026-10-04T06:44:49.8599943Z PROGRESS operator change parity 60/64
2026-10-04T06:44:49.8604214Z PROGRESS operator change parity 62/64
2026-10-04T06:44:49.8609312Z PROGRESS operator change parity 64/64
2026-10-04T06:44:49.8610357Z CASE-OK reference change matches finite closure set difference
2026-10-04T06:44:49.8611571Z CASE both changing join sides and a finite map propagate inserts
2026-10-04T06:44:49.8612585Z CASE-OK both changing join sides and a finite map propagate inserts
2026-10-04T06:44:49.8613395Z CASE selection after join sees only new paths
2026-10-04T06:44:49.8613865Z CASE-OK selection after join sees only new paths
2026-10-04T06:44:49.8614378Z CASE nested fixed points with an outer changing parameter
2026-10-04T06:44:49.8623900Z CASE-OK nested fixed points with an outer changing parameter
2026-10-04T06:44:49.8624724Z CASE zero-change propagation avoids old recursive joins
2026-10-04T06:44:49.8631401Z CASE-OK zero-change propagation avoids old recursive joins
2026-10-04T06:44:49.8632628Z CASE select, project, finite flatmap and union share one solve
2026-10-04T06:44:49.9212784Z CASE-OK select, project, finite flatmap and union share one solve
2026-10-04T06:44:49.9214362Z CASE fixed-point placeholder is local to its builder
2026-10-04T06:44:49.9463716Z CASE-OK fixed-point placeholder is local to its builder
2026-10-04T06:44:49.9464916Z CASE one relation transformer applies to two distinct inputs
2026-10-04T06:44:49.9928654Z CASE-OK one relation transformer applies to two distinct inputs
2026-10-04T06:44:49.9929742Z CASE shared child cannot capture a fixed-point parameter
2026-10-04T06:44:49.9930741Z CASE-OK shared child cannot capture a fixed-point parameter
2026-10-04T06:44:49.9932199Z CASE one source withdrawal recompiles to a new complete result
2026-10-04T06:44:50.0579371Z CASE-OK one source withdrawal recompiles to a new complete result
2026-10-04T06:44:50.0580277Z CASE two builder instances retain separate private names
2026-10-04T06:44:50.2182476Z CASE-OK two builder instances retain separate private names
2026-10-04T06:44:50.2183687Z CASE operator graphs compose as fresh native fragments
2026-10-04T06:44:50.3423650Z CASE-OK operator graphs compose as fresh native fragments
2026-10-04T06:44:50.3424853Z CASE delta prediction matches retained append and withdrawal
2026-10-04T06:44:50.4380745Z CASE-OK delta prediction matches retained append and withdrawal
2026-10-04T06:44:50.4382615Z CASE construction rejects hidden code and invalid shapes
2026-10-04T06:44:50.4413326Z CASE-OK construction rejects hidden code and invalid shapes
2026-10-04T06:44:50.4414248Z CASE growth budget cannot return a complete fixed point
2026-10-04T06:44:50.4743195Z CASE-OK growth budget cannot return a complete fixed point
2026-10-04T06:44:50.4744054Z SUITE-OK Scheme finite relation operator graph
2026-10-04T06:44:50.4744789Z MODULE-OK t/qualification/scheme-operator-test.ss
2026-10-04T06:44:50.4745464Z HARNESS-OK Scheme DSL closure
2026-10-04T06:44:50.4745953Z OK
2026-10-04T06:44:50.5295809Z HARNESS Scheme DSL closure
2026-10-04T06:44:50.5296567Z MODULE t/qualification/scheme-library-contract-test.ss
2026-10-04T06:44:50.5297369Z SUITE native and candidate common semantic contract
2026-10-04T06:44:50.5298120Z CASE eight diagnostic graphs share one finite model
2026-10-04T06:44:50.6184699Z CONTRACT-CHECKED direct 0
2026-10-04T06:44:50.7333316Z CONTRACT-CHECKED composed 0
2026-10-04T06:44:50.8151826Z CONTRACT-CHECKED candidate 0
2026-10-04T06:44:50.8152525Z CONTRACT-PROGRESS 0
2026-10-04T06:44:50.8935112Z CONTRACT-CHECKED direct 1
2026-10-04T06:44:51.0084969Z CONTRACT-CHECKED composed 1
2026-10-04T06:44:51.0872156Z CONTRACT-CHECKED candidate 1
2026-10-04T06:44:51.0872851Z CONTRACT-PROGRESS 1
2026-10-04T06:44:51.1654124Z CONTRACT-CHECKED direct 3
2026-10-04T06:44:51.2786138Z CONTRACT-CHECKED composed 3
2026-10-04T06:44:51.3579441Z CONTRACT-CHECKED candidate 3
2026-10-04T06:44:51.3580075Z CONTRACT-PROGRESS 3
2026-10-04T06:44:51.4357020Z CONTRACT-CHECKED direct 7
2026-10-04T06:44:51.5498402Z CONTRACT-CHECKED composed 7
2026-10-04T06:44:51.6318773Z CONTRACT-CHECKED candidate 7
2026-10-04T06:44:51.6319329Z CONTRACT-PROGRESS 7
2026-10-04T06:44:51.7109134Z CONTRACT-CHECKED direct 24
2026-10-04T06:44:51.8259195Z CONTRACT-CHECKED composed 24
2026-10-04T06:44:51.9060847Z CONTRACT-CHECKED candidate 24
2026-10-04T06:44:51.9061777Z CONTRACT-PROGRESS 24
2026-10-04T06:44:51.9862493Z CONTRACT-CHECKED direct 31
2026-10-04T06:44:52.0990950Z CONTRACT-CHECKED composed 31
2026-10-04T06:44:52.1779896Z CONTRACT-CHECKED candidate 31
2026-10-04T06:44:52.1780598Z CONTRACT-PROGRESS 31
2026-10-04T06:44:52.2552946Z CONTRACT-CHECKED direct 47
2026-10-04T06:44:52.3652253Z CONTRACT-CHECKED composed 47
2026-10-04T06:44:52.4432987Z CONTRACT-CHECKED candidate 47
2026-10-04T06:44:52.4433709Z CONTRACT-PROGRESS 47
2026-10-04T06:44:52.5192410Z CONTRACT-CHECKED direct 63
2026-10-04T06:44:52.6296467Z CONTRACT-CHECKED composed 63
2026-10-04T06:44:52.7078982Z CONTRACT-CHECKED candidate 63
2026-10-04T06:44:52.7079651Z CONTRACT-PROGRESS 63
2026-10-04T06:44:52.7080098Z CASE-OK eight diagnostic graphs share one finite model
2026-10-04T06:44:52.7080715Z CASE blocked odd and equal-weight states discriminate admitted mistakes
2026-10-04T06:44:52.7862193Z CONTRACT-CHECKED direct 0
2026-10-04T06:44:52.8975828Z CONTRACT-CHECKED composed 0
2026-10-04T06:44:52.9774375Z CONTRACT-CHECKED candidate 0
2026-10-04T06:44:52.9774986Z DISCRIMINATOR-PROGRESS 0
2026-10-04T06:44:53.0545237Z CONTRACT-CHECKED direct 1
2026-10-04T06:44:53.1658868Z CONTRACT-CHECKED composed 1
2026-10-04T06:44:53.2431275Z CONTRACT-CHECKED candidate 1
2026-10-04T06:44:53.2432317Z DISCRIMINATOR-PROGRESS 1
2026-10-04T06:44:53.3194200Z CONTRACT-CHECKED direct 2
2026-10-04T06:44:53.4272821Z CONTRACT-CHECKED composed 2
2026-10-04T06:44:53.5037227Z CONTRACT-CHECKED candidate 2
2026-10-04T06:44:53.5038011Z DISCRIMINATOR-PROGRESS 2
2026-10-04T06:44:53.5793012Z CONTRACT-CHECKED direct 3
2026-10-04T06:44:53.6917942Z CONTRACT-CHECKED composed 3
2026-10-04T06:44:53.7698295Z CONTRACT-CHECKED candidate 3
2026-10-04T06:44:53.7698879Z DISCRIMINATOR-PROGRESS 3
2026-10-04T06:44:53.8448402Z CONTRACT-CHECKED direct 4
2026-10-04T06:44:53.9560965Z CONTRACT-CHECKED composed 4
2026-10-04T06:44:54.0336397Z CONTRACT-CHECKED candidate 4
2026-10-04T06:44:54.0337095Z DISCRIMINATOR-PROGRESS 4
2026-10-04T06:44:54.1084100Z CONTRACT-CHECKED direct 5
2026-10-04T06:44:54.2154583Z CONTRACT-CHECKED composed 5
2026-10-04T06:44:54.2904720Z CONTRACT-CHECKED candidate 5
2026-10-04T06:44:54.2905391Z DISCRIMINATOR-PROGRESS 5
2026-10-04T06:44:54.3658546Z CONTRACT-CHECKED direct 6
2026-10-04T06:44:54.4761788Z CONTRACT-CHECKED composed 6
2026-10-04T06:44:54.5527666Z CONTRACT-CHECKED candidate 6
2026-10-04T06:44:54.5528389Z DISCRIMINATOR-PROGRESS 6
2026-10-04T06:44:54.6235266Z MUTANT-PROGRESS missing-negation 0
2026-10-04T06:44:54.6955773Z MUTANT-PROGRESS missing-negation 1
2026-10-04T06:44:54.7669826Z MUTANT-PROGRESS missing-negation 2
2026-10-04T06:44:54.8390153Z MUTANT-PROGRESS missing-negation 3
2026-10-04T06:44:54.9093847Z MUTANT-PROGRESS missing-negation 4
2026-10-04T06:44:54.9820921Z MUTANT-PROGRESS missing-negation 5
2026-10-04T06:44:55.0540185Z MUTANT-PROGRESS missing-negation 6
2026-10-04T06:44:55.0540981Z MUTANT-DISCRIMINATED missing-negation
2026-10-04T06:44:55.1279835Z MUTANT-PROGRESS missing-guard 0
2026-10-04T06:44:55.2008271Z MUTANT-PROGRESS missing-guard 1
2026-10-04T06:44:55.2754489Z MUTANT-PROGRESS missing-guard 2
2026-10-04T06:44:55.3488706Z MUTANT-PROGRESS missing-guard 3
2026-10-04T06:44:55.4216141Z MUTANT-PROGRESS missing-guard 4
2026-10-04T06:44:55.4942451Z MUTANT-PROGRESS missing-guard 5
2026-10-04T06:44:55.5670402Z MUTANT-PROGRESS missing-guard 6
2026-10-04T06:44:55.5670972Z MUTANT-DISCRIMINATED missing-guard
2026-10-04T06:44:55.6414797Z MUTANT-PROGRESS guard-after-doubling 0
2026-10-04T06:44:55.7170827Z MUTANT-PROGRESS guard-after-doubling 1
2026-10-04T06:44:55.7937389Z MUTANT-PROGRESS guard-after-doubling 2
2026-10-04T06:44:55.8675907Z MUTANT-PROGRESS guard-after-doubling 3
2026-10-04T06:44:55.9407442Z MUTANT-PROGRESS guard-after-doubling 4
2026-10-04T06:44:56.0159688Z MUTANT-PROGRESS guard-after-doubling 5
2026-10-04T06:44:56.0899863Z MUTANT-PROGRESS guard-after-doubling 6
2026-10-04T06:44:56.0900809Z MUTANT-DISCRIMINATED guard-after-doubling
2026-10-04T06:44:56.0902336Z CASE-OK blocked odd and equal-weight states discriminate admitted mistakes
2026-10-04T06:44:56.0903580Z CASE multi-source withdrawal and failed transaction are atomic
2026-10-04T06:44:56.2397986Z CASE-OK multi-source withdrawal and failed transaction are atomic
2026-10-04T06:44:56.2399053Z CASE alternate and last support withdrawal preserve snapshot binding
2026-10-04T06:44:56.3130052Z SUPPORT-CHECKED initial-native
2026-10-04T06:44:56.3872327Z SUPPORT-CHECKED initial-candidate
2026-10-04T06:44:56.4609816Z CONTRACT-CHECKED direct 0
2026-10-04T06:44:56.5678211Z CONTRACT-CHECKED composed 0
2026-10-04T06:44:56.6444086Z CONTRACT-CHECKED candidate 0
2026-10-04T06:44:56.7209032Z CONTRACT-CHECKED direct 1
2026-10-04T06:44:56.8289684Z CONTRACT-CHECKED composed 1
2026-10-04T06:44:56.9064992Z CONTRACT-CHECKED candidate 1
2026-10-04T06:44:56.9837875Z CONTRACT-CHECKED direct 2
2026-10-04T06:44:57.0878304Z CONTRACT-CHECKED composed 2
2026-10-04T06:44:57.1628894Z CONTRACT-CHECKED candidate 2
2026-10-04T06:44:57.2381893Z CONTRACT-CHECKED direct 3
2026-10-04T06:44:57.3442354Z CONTRACT-CHECKED composed 3
2026-10-04T06:44:57.4195769Z CONTRACT-CHECKED candidate 3
2026-10-04T06:44:57.4196539Z CASE-OK alternate and last support withdrawal preserve snapshot binding
2026-10-04T06:44:57.4197203Z CASE resource exhaustion is never a completed answer
2026-10-04T06:44:57.5708469Z CASE-OK resource exhaustion is never a completed answer
2026-10-04T06:44:57.5709337Z SUITE-OK native and candidate common semantic contract
2026-10-04T06:44:57.5709941Z MODULE-OK t/qualification/scheme-library-contract-test.ss
2026-10-04T06:44:57.5710463Z HARNESS-OK Scheme DSL closure
2026-10-04T06:44:57.5710892Z OK
2026-10-04T06:44:57.6295119Z HARNESS Scheme DSL closure
2026-10-04T06:44:57.6295864Z MODULE t/qualification/scheme-operator-retained-test.ss
2026-10-04T06:44:57.6296438Z SUITE retained first-class relational operators
2026-10-04T06:44:57.6296939Z CASE all finite graphs survive append, duplicate and withdrawal
2026-10-04T06:44:57.8414522Z PROGRESS retained graphs 2/64
2026-10-04T06:44:57.9922130Z PROGRESS retained graphs 4/64
2026-10-04T06:44:58.1463000Z PROGRESS retained graphs 6/64
2026-10-04T06:44:58.3014226Z PROGRESS retained graphs 8/64
2026-10-04T06:44:58.4569540Z PROGRESS retained graphs 10/64
2026-10-04T06:44:58.6163613Z PROGRESS retained graphs 12/64
2026-10-04T06:44:58.7747736Z PROGRESS retained graphs 14/64
2026-10-04T06:44:58.9339208Z PROGRESS retained graphs 16/64
2026-10-04T06:44:59.0888429Z PROGRESS retained graphs 18/64
2026-10-04T06:44:59.2424396Z PROGRESS retained graphs 20/64
2026-10-04T06:44:59.3929083Z PROGRESS retained graphs 22/64
2026-10-04T06:44:59.5443154Z PROGRESS retained graphs 24/64
2026-10-04T06:44:59.7006368Z PROGRESS retained graphs 26/64
2026-10-04T06:44:59.8496381Z PROGRESS retained graphs 28/64
2026-10-04T06:44:59.9986623Z PROGRESS retained graphs 30/64
2026-10-04T06:45:00.1550934Z PROGRESS retained graphs 32/64
2026-10-04T06:45:00.3073346Z PROGRESS retained graphs 34/64
2026-10-04T06:45:00.4570997Z PROGRESS retained graphs 36/64
2026-10-04T06:45:00.6062378Z PROGRESS retained graphs 38/64
2026-10-04T06:45:00.7537798Z PROGRESS retained graphs 40/64
2026-10-04T06:45:00.9004989Z PROGRESS retained graphs 42/64
2026-10-04T06:45:01.0502395Z PROGRESS retained graphs 44/64
2026-10-04T06:45:01.1986227Z PROGRESS retained graphs 46/64
2026-10-04T06:45:01.3476870Z PROGRESS retained graphs 48/64
2026-10-04T06:45:01.4959393Z PROGRESS retained graphs 50/64
2026-10-04T06:45:01.6446696Z PROGRESS retained graphs 52/64
2026-10-04T06:45:01.7952322Z PROGRESS retained graphs 54/64
2026-10-04T06:45:01.9472862Z PROGRESS retained graphs 56/64
2026-10-04T06:45:02.0953847Z PROGRESS retained graphs 58/64
2026-10-04T06:45:02.2449304Z PROGRESS retained graphs 60/64
2026-10-04T06:45:02.3936906Z PROGRESS retained graphs 62/64
2026-10-04T06:45:02.5476469Z PROGRESS retained graphs 64/64
2026-10-04T06:45:02.5477193Z CASE-OK all finite graphs survive append, duplicate and withdrawal
2026-10-04T06:45:02.5477855Z CASE fixed captured source and finite mapping share retained solve
2026-10-04T06:45:02.6956038Z CASE-OK fixed captured source and finite mapping share retained solve
2026-10-04T06:45:02.6957396Z CASE batch replacement commits both sources and nested closure
2026-10-04T06:45:02.9794220Z PROGRESS nested source cuts 2/64
2026-10-04T06:45:03.1433914Z PROGRESS nested source cuts 4/64
2026-10-04T06:45:03.3037783Z PROGRESS nested source cuts 6/64
2026-10-04T06:45:03.4662745Z PROGRESS nested source cuts 8/64
2026-10-04T06:45:03.6299547Z PROGRESS nested source cuts 10/64
2026-10-04T06:45:03.7921137Z PROGRESS nested source cuts 12/64
2026-10-04T06:45:03.9532935Z PROGRESS nested source cuts 14/64
2026-10-04T06:45:04.1111804Z PROGRESS nested source cuts 16/64
2026-10-04T06:45:04.2693141Z PROGRESS nested source cuts 18/64
2026-10-04T06:45:04.4274985Z PROGRESS nested source cuts 20/64
2026-10-04T06:45:04.5832697Z PROGRESS nested source cuts 22/64
2026-10-04T06:45:04.7386910Z PROGRESS nested source cuts 24/64
2026-10-04T06:45:04.8940981Z PROGRESS nested source cuts 26/64
2026-10-04T06:45:05.0489121Z PROGRESS nested source cuts 28/64
2026-10-04T06:45:05.2123619Z PROGRESS nested source cuts 30/64
2026-10-04T06:45:05.3776320Z PROGRESS nested source cuts 32/64
2026-10-04T06:45:05.5384093Z PROGRESS nested source cuts 34/64
2026-10-04T06:45:05.6969921Z PROGRESS nested source cuts 36/64
2026-10-04T06:45:05.8604157Z PROGRESS nested source cuts 38/64
2026-10-04T06:45:06.0213770Z PROGRESS nested source cuts 40/64
2026-10-04T06:45:06.1798488Z PROGRESS nested source cuts 42/64
2026-10-04T06:45:06.3381646Z PROGRESS nested source cuts 44/64
2026-10-04T06:45:06.4953656Z PROGRESS nested source cuts 46/64
2026-10-04T06:45:06.6522597Z PROGRESS nested source cuts 48/64
2026-10-04T06:45:06.8081053Z PROGRESS nested source cuts 50/64
2026-10-04T06:45:06.9660591Z PROGRESS nested source cuts 52/64
2026-10-04T06:45:07.1230047Z PROGRESS nested source cuts 54/64
2026-10-04T06:45:07.2825760Z PROGRESS nested source cuts 56/64
2026-10-04T06:45:07.4412426Z PROGRESS nested source cuts 58/64
2026-10-04T06:45:07.6005729Z PROGRESS nested source cuts 60/64
2026-10-04T06:45:07.7601128Z PROGRESS nested source cuts 62/64
2026-10-04T06:45:07.9183502Z PROGRESS nested source cuts 64/64
2026-10-04T06:45:07.9184554Z CASE-OK batch replacement commits both sources and nested closure
2026-10-04T06:45:07.9185732Z CASE failed batch preserves all sources and the prior result
2026-10-04T06:45:08.1462071Z CASE-OK failed batch preserves all sources and the prior result
2026-10-04T06:45:08.1463224Z CASE invalid or over-budget update preserves last result
2026-10-04T06:45:08.2537352Z CASE-OK invalid or over-budget update preserves last result
2026-10-04T06:45:08.2538404Z CASE failed output budget does not publish an insertion
2026-10-04T06:45:08.3287584Z CASE-OK failed output budget does not publish an insertion
2026-10-04T06:45:08.3288746Z SUITE-OK retained first-class relational operators
2026-10-04T06:45:08.3289867Z MODULE-OK t/qualification/scheme-operator-retained-test.ss
2026-10-04T06:45:08.3290878Z HARNESS-OK Scheme DSL closure
2026-10-04T06:45:08.3291844Z OK
2026-10-04T06:45:08.3873512Z HARNESS Scheme DSL closure
2026-10-04T06:45:08.3874254Z MODULE t/qualification/ascent-finite-evidence-test.ss
2026-10-04T06:45:08.3874766Z SUITE finite stratified replay evidence
2026-10-04T06:45:08.3875287Z CASE negation and count have an exact snapshot-relative closure
2026-10-04T06:45:08.4783599Z CASE-OK negation and count have an exact snapshot-relative closure
2026-10-04T06:45:08.4784572Z CASE closed absence after negative and aggregate strata
2026-10-04T06:45:08.5603258Z CASE-OK closed absence after negative and aggregate strata
2026-10-04T06:45:08.5604232Z CASE source correction changes count but not old evidence
2026-10-04T06:45:08.7199577Z CASE-OK source correction changes count but not old evidence
2026-10-04T06:45:08.7200826Z CASE replay mismatch is not certified
2026-10-04T06:45:08.7201758Z CASE-OK replay mismatch is not certified
2026-10-04T06:45:08.7202527Z CASE oversized external closure is rejected before replay
2026-10-04T06:45:08.8004535Z CASE-OK oversized external closure is rejected before replay
2026-10-04T06:45:08.8005578Z CASE strict dependency cycle has no finite certificate
2026-10-04T06:45:08.8006274Z CASE-OK strict dependency cycle has no finite certificate
2026-10-04T06:45:08.8006908Z CASE all fixed reducers and empty groups
2026-10-04T06:45:08.9715971Z CASE-OK all fixed reducers and empty groups
2026-10-04T06:45:08.9716732Z CASE negated wildcard checks absence of any matching row
2026-10-04T06:45:08.9895981Z CASE-OK negated wildcard checks absence of any matching row
2026-10-04T06:45:08.9897090Z CASE all 64 three-node graphs match a separate reachability model
2026-10-04T06:45:09.1068883Z PROGRESS finite evidence graphs 2/64
2026-10-04T06:45:09.2217898Z PROGRESS finite evidence graphs 4/64
2026-10-04T06:45:09.3374573Z PROGRESS finite evidence graphs 6/64
2026-10-04T06:45:09.4512739Z PROGRESS finite evidence graphs 8/64
2026-10-04T06:45:09.5643608Z PROGRESS finite evidence graphs 10/64
2026-10-04T06:45:09.6780585Z PROGRESS finite evidence graphs 12/64
2026-10-04T06:45:09.7938208Z PROGRESS finite evidence graphs 14/64
2026-10-04T06:45:09.9160445Z PROGRESS finite evidence graphs 16/64
2026-10-04T06:45:10.0300362Z PROGRESS finite evidence graphs 18/64
2026-10-04T06:45:10.1429124Z PROGRESS finite evidence graphs 20/64
2026-10-04T06:45:10.2560266Z PROGRESS finite evidence graphs 22/64
2026-10-04T06:45:10.3669952Z PROGRESS finite evidence graphs 24/64
2026-10-04T06:45:10.4807562Z PROGRESS finite evidence graphs 26/64
2026-10-04T06:45:10.5934558Z PROGRESS finite evidence graphs 28/64
2026-10-04T06:45:10.7058002Z PROGRESS finite evidence graphs 30/64
2026-10-04T06:45:10.8169626Z PROGRESS finite evidence graphs 32/64
2026-10-04T06:45:10.9282765Z PROGRESS finite evidence graphs 34/64
2026-10-04T06:45:11.0410151Z PROGRESS finite evidence graphs 36/64
2026-10-04T06:45:11.1532203Z PROGRESS finite evidence graphs 38/64
2026-10-04T06:45:11.2692557Z PROGRESS finite evidence graphs 40/64
2026-10-04T06:45:11.3829364Z PROGRESS finite evidence graphs 42/64
2026-10-04T06:45:11.4956108Z PROGRESS finite evidence graphs 44/64
2026-10-04T06:45:11.6065564Z PROGRESS finite evidence graphs 46/64
2026-10-04T06:45:11.7183376Z PROGRESS finite evidence graphs 48/64
2026-10-04T06:45:11.8294597Z PROGRESS finite evidence graphs 50/64
2026-10-04T06:45:11.9396456Z PROGRESS finite evidence graphs 52/64
2026-10-04T06:45:12.0509127Z PROGRESS finite evidence graphs 54/64
2026-10-04T06:45:12.1610222Z PROGRESS finite evidence graphs 56/64
2026-10-04T06:45:12.2772457Z PROGRESS finite evidence graphs 58/64
2026-10-04T06:45:12.3954439Z PROGRESS finite evidence graphs 60/64
2026-10-04T06:45:12.5113438Z PROGRESS finite evidence graphs 62/64
2026-10-04T06:45:12.6287653Z PROGRESS finite evidence graphs 64/64
2026-10-04T06:45:12.6288864Z CASE-OK all 64 three-node graphs match a separate reachability model
2026-10-04T06:45:12.6290008Z SUITE-OK finite stratified replay evidence
2026-10-04T06:45:12.6291012Z MODULE-OK t/qualification/ascent-finite-evidence-test.ss
2026-10-04T06:45:12.6292290Z HARNESS-OK Scheme DSL closure
2026-10-04T06:45:12.6292860Z OK
2026-10-04T06:45:12.6892276Z HARNESS Scheme DSL closure
2026-10-04T06:45:12.6892942Z MODULE t/qualification/ascent-positive-nonmembership-test.ss
2026-10-04T06:45:12.6893598Z SUITE finite positive ground nonmembership
2026-10-04T06:45:12.6894194Z CASE public receipt carries independently verifiable absence
2026-10-04T06:45:12.7240011Z CASE-OK public receipt carries independently verifiable absence
2026-10-04T06:45:12.7240841Z CASE closed relation set certifies missing ground target
2026-10-04T06:45:12.7241982Z CASE-OK closed relation set certifies missing ground target
2026-10-04T06:45:12.7242753Z CASE mutable or forged snapshot content invalidates certificate
2026-10-04T06:45:12.7245371Z CASE-OK mutable or forged snapshot content invalidates certificate
2026-10-04T06:45:12.7246620Z CASE checker rejects omitted input and broken rule closure
2026-10-04T06:45:12.7248261Z CASE-OK checker rejects omitted input and broken rule closure
2026-10-04T06:45:12.7249046Z CASE oversized external certificates fail before rule traversal
2026-10-04T06:45:12.7252254Z CASE-OK oversized external certificates fail before rule traversal
2026-10-04T06:45:12.7252960Z CASE candidate fact is required in closure
2026-10-04T06:45:12.7256182Z CASE-OK candidate fact is required in closure
2026-10-04T06:45:12.7256850Z CASE fixed arithmetic is replayed in an absence certificate
2026-10-04T06:45:12.7474926Z CASE-OK fixed arithmetic is replayed in an absence certificate
2026-10-04T06:45:12.7475674Z CASE non-ground, nonpositive and incomplete executions abstain
2026-10-04T06:45:12.7483130Z CASE-OK non-ground, nonpositive and incomplete executions abstain
2026-10-04T06:45:12.7483786Z SUITE-OK finite positive ground nonmembership
2026-10-04T06:45:12.7484448Z MODULE-OK t/qualification/ascent-positive-nonmembership-test.ss
2026-10-04T06:45:12.7485064Z HARNESS-OK Scheme DSL closure
2026-10-04T06:45:12.7485413Z OK
2026-10-04T06:45:12.7721163Z ##[group]Run gerbil env python3 tools/model-closure-study.py probe .cache/ascent/model-source-probe
2026-10-04T06:45:12.7722316Z [36;1mgerbil env python3 tools/model-closure-study.py probe .cache/ascent/model-source-probe[0m
2026-10-04T06:45:12.7786230Z shell: /usr/bin/bash -e {0}
2026-10-04T06:45:12.7786492Z env:
2026-10-04T06:45:12.7786883Z   GERBIL_RELEASE_ROOT: /home/runner/work/gerbil-ascent/gerbil-ascent/.ci/gerbil-release/v19
2026-10-04T06:45:12.7787492Z   GERBIL_PREFIX: /home/runner/work/gerbil-ascent/gerbil-ascent/.ci/gerbil-release/v19
2026-10-04T06:45:12.7788074Z   GERBIL_HOME: /home/runner/work/gerbil-ascent/gerbil-ascent/.ci/gerbil-release/v19/current
2026-10-04T06:45:12.7789315Z   GAMBOPT: ~~=/home/runner/work/gerbil-ascent/gerbil-ascent/.ci/gerbil-release/v19/current,~~bin=/home/runner/work/gerbil-ascent/gerbil-ascent/.ci/gerbil-release/v19/current/bin,~~lib=/home/runner/work/gerbil-ascent/gerbil-ascent/.ci/gerbil-release/v19/current/lib
2026-10-04T06:45:12.7790430Z ##[endgroup]
2026-10-04T06:45:13.9620199Z DSL-ARTIFACT-VERIFIED dfbca6e99bd58785a9634380286541aa79431abe1fb3352bbfffb5a7d8b9fbff
2026-10-04T06:45:14.0138675Z HARNESS Scheme DSL closure
2026-10-04T06:45:14.0139294Z MODULE t/qualification/scheme-model-closure-test.ss
2026-10-04T06:45:14.0140026Z SUITE Native preflight for source-only model closure tasks
2026-10-04T06:45:14.0140678Z CASE higher-input-initial
2026-10-04T06:45:14.0454739Z STUDY-CASE {"expression":"(let* ((r (relational-relation-type 1 '(0 1 2 3 4))) (apply-function (relational-typed-function (relational-arrow-type r r) (lambda (f) (relational-typed-function r (lambda (x) (relational-typed-apply f x)))))) (f (relational-typed-function r (lambda (x) (relational-typed-flatmap x r '(((0) (1))))))) (input (relational-typed-source 'input r '((0)))) (solve (lambda (term) (let-values (((program output) (relational-typed-compile term 32 256 512))) (relational-query-name (relational-solve (relational-admit program)) output)))) (bits (lambda (rows) (foldl (lambda (row mask) (+ mask (expt 2 (car row)))) 0 rows)))) (bits (solve (relational-typed-apply (relational-typed-apply apply-function f) input))))","nativeDatum":"2","family":"higher-input","independentDatum":"2","id":"higher-input-initial","variant":"initial","imports":[":gerbil-ascent/program/higher-order",":gerbil-ascent/program/scheme-language"]}
2026-10-04T06:45:14.0460956Z CASE-OK higher-input-initial
2026-10-04T06:45:14.0461662Z CASE higher-return-initial
2026-10-04T06:45:14.0731179Z STUDY-CASE {"independentDatum":"3","expression":"(let* ((r (relational-relation-type 1 '(0 1 2 3 4))) (builder (relational-typed-function r (lambda (seed) (relational-typed-function r (lambda (input) (relational-typed-union seed input)))))) (function (relational-typed-apply builder (relational-typed-source 'seed r '((0))))) (argument (relational-typed-source 'argument r '((1)))) (solve (lambda (term) (let-values (((program output) (relational-typed-compile term 32 256 512))) (relational-query-name (relational-solve (relational-admit program)) output)))) (bits (lambda (rows) (foldl (lambda (row mask) (+ mask (expt 2 (car row)))) 0 rows)))) (bits (solve (relational-typed-apply function argument))))","nativeDatum":"3","family":"higher-return","variant":"initial","imports":[":gerbil-ascent/program/higher-order",":gerbil-ascent/program/scheme-language"],"id":"higher-return-initial"}
2026-10-04T06:45:14.0737374Z CASE-OK higher-return-initial
2026-10-04T06:45:14.0737864Z CASE higher-instances-initial
2026-10-04T06:45:14.1223920Z STUDY-CASE {"imports":[":gerbil-ascent/program/higher-order",":gerbil-ascent/program/scheme-language"],"variant":"initial","id":"higher-instances-initial","independentDatum":"(3 5)","nativeDatum":"(3 5)","family":"higher-instances","expression":"(let* ((r (relational-relation-type 1 '(0 1 2 3 4))) (builder (relational-typed-function r (lambda (seed) (relational-typed-function r (lambda (input) (relational-typed-union seed input)))))) (function (relational-typed-apply builder (relational-typed-source 'seed r '((0))))) (a (relational-typed-source 'a r '((1)))) (b (relational-typed-source 'b r '((2)))) (solve (lambda (term) (let-values (((program output) (relational-typed-compile term 32 256 512))) (relational-query-name (relational-solve (relational-admit program)) output)))) (bits (lambda (rows) (foldl (lambda (row mask) (+ mask (expt 2 (car row)))) 0 rows)))) (list (bits (solve (relational-typed-apply function a))) (bits (solve (relational-typed-apply function b)))))"}
2026-10-04T06:45:14.1230499Z CASE-OK higher-instances-initial
2026-10-04T06:45:14.1231007Z CASE finite-mapping-initial
2026-10-04T06:45:14.1448465Z STUDY-CASE {"expression":"(let* ((r (relational-relation-type 1 '(0 1 2 3 4))) (source (relational-typed-source 'input r '((0)))) (mapped (relational-typed-flatmap source r '(((0) (1)) ((0) (2))))) (solve (lambda (term) (let-values (((program output) (relational-typed-compile term 32 256 512))) (relational-query-name (relational-solve (relational-admit program)) output)))) (bits (lambda (rows) (foldl (lambda (row mask) (+ mask (expt 2 (car row)))) 0 rows)))) (bits (solve mapped)))","nativeDatum":"6","family":"finite-mapping","independentDatum":"6","id":"finite-mapping-initial","variant":"initial","imports":[":gerbil-ascent/program/higher-order",":gerbil-ascent/program/scheme-language"]}
2026-10-04T06:45:14.1453290Z CASE-OK finite-mapping-initial
2026-10-04T06:45:14.1453756Z CASE finite-fix-initial
2026-10-04T06:45:14.1900620Z STUDY-CASE {"expression":"(let* ((r (relational-relation-type 2 '(0 1 2 3))) (edge (relational-typed-source 'edge r '((0 1) (1 2)))) (seed (relational-typed-source 'seed r '((0 1)))) (function (relational-typed-function r (lambda (path) (relational-typed-union seed (relational-typed-project (relational-typed-join path edge 1 0) '(0 3)))))) (solve (lambda (term) (let-values (((program output) (relational-typed-compile term 32 256 512))) (relational-query-name (relational-solve (relational-admit program)) output))))) (length (solve (relational-typed-fix function))))","nativeDatum":"2","family":"finite-fix","independentDatum":"2","id":"finite-fix-initial","variant":"initial","imports":[":gerbil-ascent/program/higher-order",":gerbil-ascent/program/scheme-language"]}
2026-10-04T06:45:14.1906160Z CASE-OK finite-fix-initial
2026-10-04T06:45:14.1906684Z CASE domain-runtime-initial
2026-10-04T06:45:14.1963479Z STUDY-CASE {"imports":[":gerbil-ascent/program/higher-order",":gerbil-ascent/program/scheme-language"],"variant":"initial","id":"domain-runtime-initial","independentDatum":"1","nativeDatum":"1","family":"domain-runtime","expression":"(let-values (((program output) (relational-typed-compile (relational-typed-source 'input (relational-relation-type 1 '(0 1)) '((0))) 32 256 512))) (let (session (relational-open-program-session program)) (relational-program-session-run session) (with-catch (lambda (_error) 1) (lambda () (relational-program-append-source! session 'input '(2)) 0))))"}
2026-10-04T06:45:14.1967474Z CASE-OK domain-runtime-initial
2026-10-04T06:45:14.1967964Z CASE retained-delete-initial
2026-10-04T06:45:14.2118167Z STUDY-CASE {"nativeDatum":"(1 2 2)","family":"retained-delete","expression":"(let* ((program (relational-program (relation edge (from to) '((0 1) (1 2))) (relation path (from to) '()) (relation cold (n) '((7))) (relation seen (n) '()) (rule (path ?x ?y) (edge ?x ?y)) (rule (path ?x ?z) (path ?x ?y) (edge ?y ?z)) (rule (seen ?n) (cold ?n)) (limits 32 256 512))) (session (gerbil-ascent-open-session program))) (gerbil-ascent-session-run session) (let (result (gerbil-ascent-session-replace-sources! session (list (cons 'edge '((0 1)))))) (list (length ((.ref result 'rows-of) 'path)) (.ref result 'active-rule-count) (length (.ref result 'reused-relations)))))","independentDatum":"(1 2 2)","id":"retained-delete-initial","imports":[":gerbil-ascent/program/scheme-language",":gerbil-ascent/program/session",":clan/poo/object"],"variant":"initial"}
2026-10-04T06:45:14.2123694Z CASE-OK retained-delete-initial
2026-10-04T06:45:14.2124168Z CASE retained-negation-initial
2026-10-04T06:45:14.2206624Z STUDY-CASE {"independentDatum":"(1 2)","nativeDatum":"(1 2)","family":"retained-negation","expression":"(let* ((program (relational-program (relation item (n) '((1) (2))) (relation blocked (n) '((1))) (relation allowed (n) '()) (rule (allowed ?n) (item ?n) (not (blocked ?n))) (limits 32 256 512))) (session (gerbil-ascent-open-session program)) (old (gerbil-ascent-session-run session))) (gerbil-ascent-session-replace-source! session 'blocked '()) (let (new (gerbil-ascent-session-run session)) (list (length ((.ref old 'rows-of) 'allowed)) (length ((.ref new 'rows-of) 'allowed)))))","imports":[":gerbil-ascent/program/scheme-language",":gerbil-ascent/program/session",":clan/poo/object"],"variant":"initial","id":"retained-negation-initial"}
2026-10-04T06:45:14.2211840Z CASE-OK retained-negation-initial
2026-10-04T06:45:14.2212344Z CASE retained-reduction-initial
2026-10-04T06:45:14.2308629Z STUDY-CASE {"nativeDatum":"(7 2)","family":"retained-reduction","expression":"(let* ((program (relational-program (relation weight (key value) '((1 2) (1 5))) (relation root (key) '((1))) (relation total (key value) '()) (rule (total ?k ?n) (root ?k) (reduce ?n (sum ?v) (weight ?k ?v))) (limits 32 256 512))) (session (gerbil-ascent-open-session program)) (old (gerbil-ascent-session-run session))) (gerbil-ascent-session-replace-source! session 'weight '((1 2))) (let (new (gerbil-ascent-session-run session)) (list (cadar ((.ref old 'rows-of) 'total)) (cadar ((.ref new 'rows-of) 'total)))))","independentDatum":"(7 2)","id":"retained-reduction-initial","imports":[":gerbil-ascent/program/scheme-language",":gerbil-ascent/program/session",":clan/poo/object"],"variant":"initial"}
2026-10-04T06:45:14.2313770Z CASE-OK retained-reduction-initial
2026-10-04T06:45:14.2314285Z CASE retained-lattice-initial
2026-10-04T06:45:14.2369599Z STUDY-CASE {"independentDatum":"(5 2)","nativeDatum":"(5 2)","family":"retained-lattice","expression":"(let* ((program (relational-program (relation input (key value) '((1 2) (1 5))) (lattice best (key value) '() max) (rule (best ?k ?v) (input ?k ?v)) (limits 32 256 512))) (session (gerbil-ascent-open-session program)) (old (gerbil-ascent-session-run session))) (gerbil-ascent-session-replace-source! session 'input '((1 2))) (let (new (gerbil-ascent-session-run session)) (list (cadar ((.ref old 'rows-of) 'best)) (cadar ((.ref new 'rows-of) 'best)))))","imports":[":gerbil-ascent/program/scheme-language",":gerbil-ascent/program/session",":clan/poo/object"],"variant":"initial","id":"retained-lattice-initial"}
2026-10-04T06:45:14.2374060Z CASE-OK retained-lattice-initial
2026-10-04T06:45:14.2374534Z CASE recursive-provenance-initial
2026-10-04T06:45:14.2574731Z STUDY-CASE {"id":"recursive-provenance-initial","imports":[":gerbil-ascent/candidate/reasoning",":gerbil-ascent/candidate/program",":gerbil-ascent/candidate/finite-evidence",":gerbil-ascent/candidate/stratified-provenance"],"nativeDatum":"(2 4 1)","variant":"initial","family":"recursive-provenance","expression":"(let* ((snapshot (reasoning-source-snapshot 'recursive 1 '((s 1 ((1) (1)))))) (datum '(candidate (relation p 1) (rule (p ?x) (s ?x)) (rule (p ?x) (p ?x)) (query p ?x) (limits 16 64 128))) (receipt (reasoning-attempt snapshot datum)) (spec (candidate-inspect snapshot datum)) (digest (reasoning-receipt-candidate-digest receipt)) (rows (reasoning-receipt-rows receipt)) (certificate (candidate-finite-evidence snapshot spec digest 'complete rows 20000)) (graph (candidate-stratified-provenance snapshot spec digest 'complete rows certificate 20000 20000 4096))) (list (length (stratified-provenance-nodes graph)) (length (stratified-provenance-edges graph)) (length (stratified-provenance-roots graph))))","independentDatum":"(2 4 1)"}
2026-10-04T06:45:14.2582173Z CASE-OK recursive-provenance-initial
2026-10-04T06:45:14.2582700Z CASE stratified-provenance-initial
2026-10-04T06:45:14.2961568Z STUDY-CASE {"variant":"initial","imports":[":gerbil-ascent/candidate/reasoning",":gerbil-ascent/candidate/program",":gerbil-ascent/candidate/finite-evidence",":gerbil-ascent/candidate/stratified-provenance"],"id":"stratified-provenance-initial","independentDatum":"(2 6 1)","expression":"(let* ((snapshot (reasoning-source-snapshot 'stratified 1 '((weight 2 ((1 2) (1 5))) (root 1 ((1))) (blocked 2 ((1 5)))))) (datum '(candidate (relation allowed 2) (relation total 2) (rule (allowed ?k ?v) (weight ?k ?v) (not (blocked ?k ?v))) (rule (total ?k ?n) (root ?k) (reduce ?n (sum ?v) (allowed ?k ?v))) (query total ?k ?n) (limits 16 64 128))) (receipt (reasoning-attempt snapshot datum)) (spec (candidate-inspect snapshot datum)) (digest (reasoning-receipt-candidate-digest receipt)) (rows (reasoning-receipt-rows receipt)) (certificate (candidate-finite-evidence snapshot spec digest 'complete rows 20000)) (graph (candidate-stratified-provenance snapshot spec digest 'complete rows certificate 20000 20000 4096))) (list (cadar rows) (length (stratified-provenance-edges graph)) (length (filter (lambda (edge) (ormap (lambda (witness) (eq? (car witness) 'not)) (list-ref edge 3))) (stratified-provenance-edges graph)))))","nativeDatum":"(2 6 1)","family":"stratified-provenance"}
2026-10-04T06:45:14.2970339Z CASE-OK stratified-provenance-initial
2026-10-04T06:45:14.2970875Z CASE higher-input-transfer
2026-10-04T06:45:14.3186810Z STUDY-CASE {"imports":[":gerbil-ascent/program/higher-order",":gerbil-ascent/program/scheme-language"],"variant":"transfer","id":"higher-input-transfer","independentDatum":"4","nativeDatum":"4","family":"higher-input","expression":"(let* ((r (relational-relation-type 1 '(0 1 2 3 4))) (apply-function (relational-typed-function (relational-arrow-type r r) (lambda (f) (relational-typed-function r (lambda (x) (relational-typed-apply f x)))))) (f (relational-typed-function r (lambda (x) (relational-typed-flatmap x r '(((1) (2))))))) (input (relational-typed-source 'input r '((1)))) (solve (lambda (term) (let-values (((program output) (relational-typed-compile term 32 256 512))) (relational-query-name (relational-solve (relational-admit program)) output)))) (bits (lambda (rows) (foldl (lambda (row mask) (+ mask (expt 2 (car row)))) 0 rows)))) (bits (solve (relational-typed-apply (relational-typed-apply apply-function f) input))))"}
2026-10-04T06:45:14.3193164Z CASE-OK higher-input-transfer
2026-10-04T06:45:14.3193647Z CASE higher-return-transfer
2026-10-04T06:45:14.3430517Z STUDY-CASE {"variant":"transfer","imports":[":gerbil-ascent/program/higher-order",":gerbil-ascent/program/scheme-language"],"id":"higher-return-transfer","independentDatum":"6","expression":"(let* ((r (relational-relation-type 1 '(0 1 2 3 4))) (builder (relational-typed-function r (lambda (seed) (relational-typed-function r (lambda (input) (relational-typed-union seed input)))))) (function (relational-typed-apply builder (relational-typed-source 'seed r '((1))))) (argument (relational-typed-source 'argument r '((2)))) (solve (lambda (term) (let-values (((program output) (relational-typed-compile term 32 256 512))) (relational-query-name (relational-solve (relational-admit program)) output)))) (bits (lambda (rows) (foldl (lambda (row mask) (+ mask (expt 2 (car row)))) 0 rows)))) (bits (solve (relational-typed-apply function argument))))","nativeDatum":"6","family":"higher-return"}
2026-10-04T06:45:14.3436656Z CASE-OK higher-return-transfer
2026-10-04T06:45:14.3437151Z CASE higher-instances-transfer
2026-10-04T06:45:14.3903340Z STUDY-CASE {"independentDatum":"(6 10)","expression":"(let* ((r (relational-relation-type 1 '(0 1 2 3 4))) (builder (relational-typed-function r (lambda (seed) (relational-typed-function r (lambda (input) (relational-typed-union seed input)))))) (function (relational-typed-apply builder (relational-typed-source 'seed r '((1))))) (a (relational-typed-source 'a r '((2)))) (b (relational-typed-source 'b r '((3)))) (solve (lambda (term) (let-values (((program output) (relational-typed-compile term 32 256 512))) (relational-query-name (relational-solve (relational-admit program)) output)))) (bits (lambda (rows) (foldl (lambda (row mask) (+ mask (expt 2 (car row)))) 0 rows)))) (list (bits (solve (relational-typed-apply function a))) (bits (solve (relational-typed-apply function b)))))","nativeDatum":"(6 10)","family":"higher-instances","variant":"transfer","imports":[":gerbil-ascent/program/higher-order",":gerbil-ascent/program/scheme-language"],"id":"higher-instances-transfer"}
2026-10-04T06:45:14.3909638Z CASE-OK higher-instances-transfer
2026-10-04T06:45:14.3910131Z CASE finite-mapping-transfer
2026-10-04T06:45:14.4127321Z STUDY-CASE {"imports":[":gerbil-ascent/program/higher-order",":gerbil-ascent/program/scheme-language"],"variant":"transfer","id":"finite-mapping-transfer","independentDatum":"24","nativeDatum":"24","family":"finite-mapping","expression":"(let* ((r (relational-relation-type 1 '(0 1 2 3 4))) (source (relational-typed-source 'input r '((2)))) (mapped (relational-typed-flatmap source r '(((2) (3)) ((2) (4))))) (solve (lambda (term) (let-values (((program output) (relational-typed-compile term 32 256 512))) (relational-query-name (relational-solve (relational-admit program)) output)))) (bits (lambda (rows) (foldl (lambda (row mask) (+ mask (expt 2 (car row)))) 0 rows)))) (bits (solve mapped)))"}
2026-10-04T06:45:14.4131510Z CASE-OK finite-mapping-transfer
2026-10-04T06:45:14.4132004Z CASE finite-fix-transfer
2026-10-04T06:45:14.4559678Z STUDY-CASE {"independentDatum":"3","expression":"(let* ((r (relational-relation-type 2 '(0 1 2 3))) (edge (relational-typed-source 'edge r '((0 1) (1 2) (2 3)))) (seed (relational-typed-source 'seed r '((0 1)))) (function (relational-typed-function r (lambda (path) (relational-typed-union seed (relational-typed-project (relational-typed-join path edge 1 0) '(0 3)))))) (solve (lambda (term) (let-values (((program output) (relational-typed-compile term 32 256 512))) (relational-query-name (relational-solve (relational-admit program)) output))))) (length (solve (relational-typed-fix function))))","nativeDatum":"3","family":"finite-fix","variant":"transfer","imports":[":gerbil-ascent/program/higher-order",":gerbil-ascent/program/scheme-language"],"id":"finite-fix-transfer"}
2026-10-04T06:45:14.4565025Z CASE-OK finite-fix-transfer
2026-10-04T06:45:14.4565430Z CASE domain-runtime-transfer
2026-10-04T06:45:14.4623000Z STUDY-CASE {"imports":[":gerbil-ascent/program/higher-order",":gerbil-ascent/program/scheme-language"],"variant":"transfer","id":"domain-runtime-transfer","independentDatum":"0","nativeDatum":"0","family":"domain-runtime","expression":"(let-values (((program output) (relational-typed-compile (relational-typed-source 'input (relational-relation-type 1 '(0 1)) '((0))) 32 256 512))) (let (session (relational-open-program-session program)) (relational-program-session-run session) (with-catch (lambda (_error) 1) (lambda () (relational-program-append-source! session 'input '(1)) 0))))"}
2026-10-04T06:45:14.4626249Z CASE-OK domain-runtime-transfer
2026-10-04T06:45:14.4626624Z CASE retained-delete-transfer
2026-10-04T06:45:14.4770844Z STUDY-CASE {"imports":[":gerbil-ascent/program/scheme-language",":gerbil-ascent/program/session",":clan/poo/object"],"variant":"transfer","id":"retained-delete-transfer","independentDatum":"(0 2 2)","nativeDatum":"(0 2 2)","family":"retained-delete","expression":"(let* ((program (relational-program (relation edge (from to) '((0 1) (1 2))) (relation path (from to) '()) (relation cold (n) '((7))) (relation seen (n) '()) (rule (path ?x ?y) (edge ?x ?y)) (rule (path ?x ?z) (path ?x ?y) (edge ?y ?z)) (rule (seen ?n) (cold ?n)) (limits 32 256 512))) (session (gerbil-ascent-open-session program))) (gerbil-ascent-session-run session) (let (result (gerbil-ascent-session-replace-sources! session (list (cons 'edge '())))) (list (length ((.ref result 'rows-of) 'path)) (.ref result 'active-rule-count) (length (.ref result 'reused-relations)))))"}
2026-10-04T06:45:14.4774828Z CASE-OK retained-delete-transfer
2026-10-04T06:45:14.4775195Z CASE retained-negation-transfer
2026-10-04T06:45:14.4853605Z STUDY-CASE {"family":"retained-negation","expression":"(let* ((program (relational-program (relation item (n) '((1) (2))) (relation blocked (n) '()) (relation allowed (n) '()) (rule (allowed ?n) (item ?n) (not (blocked ?n))) (limits 32 256 512))) (session (gerbil-ascent-open-session program)) (old (gerbil-ascent-session-run session))) (gerbil-ascent-session-replace-source! session 'blocked '((2))) (let (new (gerbil-ascent-session-run session)) (list (length ((.ref old 'rows-of) 'allowed)) (length ((.ref new 'rows-of) 'allowed)))))","independentDatum":"(2 1)","id":"retained-negation-transfer","imports":[":gerbil-ascent/program/scheme-language",":gerbil-ascent/program/session",":clan/poo/object"],"nativeDatum":"(2 1)","variant":"transfer"}
2026-10-04T06:45:14.4857080Z CASE-OK retained-negation-transfer
2026-10-04T06:45:14.4857445Z CASE retained-reduction-transfer
2026-10-04T06:45:14.4950333Z STUDY-CASE {"independentDatum":"(7 5)","nativeDatum":"(7 5)","family":"retained-reduction","expression":"(let* ((program (relational-program (relation weight (key value) '((1 2) (1 5))) (relation root (key) '((1))) (relation total (key value) '()) (rule (total ?k ?n) (root ?k) (reduce ?n (sum ?v) (weight ?k ?v))) (limits 32 256 512))) (session (gerbil-ascent-open-session program)) (old (gerbil-ascent-session-run session))) (gerbil-ascent-session-replace-source! session 'weight '((1 5))) (let (new (gerbil-ascent-session-run session)) (list (cadar ((.ref old 'rows-of) 'total)) (cadar ((.ref new 'rows-of) 'total)))))","imports":[":gerbil-ascent/program/scheme-language",":gerbil-ascent/program/session",":clan/poo/object"],"variant":"transfer","id":"retained-reduction-transfer"}
2026-10-04T06:45:14.4954488Z CASE-OK retained-reduction-transfer
2026-10-04T06:45:14.4954887Z CASE retained-lattice-transfer
2026-10-04T06:45:14.5004938Z STUDY-CASE {"independentDatum":"(5 9)","expression":"(let* ((program (relational-program (relation input (key value) '((1 2) (1 5))) (lattice best (key value) '() max) (rule (best ?k ?v) (input ?k ?v)) (limits 32 256 512))) (session (gerbil-ascent-open-session program)) (old (gerbil-ascent-session-run session))) (gerbil-ascent-session-replace-source! session 'input '((1 5) (1 9))) (let (new (gerbil-ascent-session-run session)) (list (cadar ((.ref old 'rows-of) 'best)) (cadar ((.ref new 'rows-of) 'best)))))","nativeDatum":"(5 9)","family":"retained-lattice","variant":"transfer","imports":[":gerbil-ascent/program/scheme-language",":gerbil-ascent/program/session",":clan/poo/object"],"id":"retained-lattice-transfer"}
2026-10-04T06:45:14.5008023Z CASE-OK retained-lattice-transfer
2026-10-04T06:45:14.5008383Z CASE recursive-provenance-transfer
2026-10-04T06:45:14.5182351Z STUDY-CASE {"imports":[":gerbil-ascent/candidate/reasoning",":gerbil-ascent/candidate/program",":gerbil-ascent/candidate/finite-evidence",":gerbil-ascent/candidate/stratified-provenance"],"variant":"transfer","id":"recursive-provenance-transfer","independentDatum":"(2 5 1)","nativeDatum":"(2 5 1)","family":"recursive-provenance","expression":"(let* ((snapshot (reasoning-source-snapshot 'recursive 2 '((s 1 ((1) (1) (1)))))) (datum '(candidate (relation p 1) (rule (p ?x) (s ?x)) (rule (p ?x) (p ?x)) (query p ?x) (limits 16 64 128))) (receipt (reasoning-attempt snapshot datum)) (spec (candidate-inspect snapshot datum)) (digest (reasoning-receipt-candidate-digest receipt)) (rows (reasoning-receipt-rows receipt)) (certificate (candidate-finite-evidence snapshot spec digest 'complete rows 20000)) (graph (candidate-stratified-provenance snapshot spec digest 'complete rows certificate 20000 20000 4096))) (list (length (stratified-provenance-nodes graph)) (length (stratified-provenance-edges graph)) (length (stratified-provenance-roots graph))))"}
2026-10-04T06:45:14.5188230Z CASE-OK recursive-provenance-transfer
2026-10-04T06:45:14.5188651Z CASE stratified-provenance-transfer
2026-10-04T06:45:14.5550445Z STUDY-CASE {"variant":"transfer","imports":[":gerbil-ascent/candidate/reasoning",":gerbil-ascent/candidate/program",":gerbil-ascent/candidate/finite-evidence",":gerbil-ascent/candidate/stratified-provenance"],"id":"stratified-provenance-transfer","independentDatum":"(7 6 2)","expression":"(let* ((snapshot (reasoning-source-snapshot 'stratified 2 '((weight 2 ((1 2) (1 5))) (root 1 ((1))) (blocked 2 ())))) (datum '(candidate (relation allowed 2) (relation total 2) (rule (allowed ?k ?v) (weight ?k ?v) (not (blocked ?k ?v))) (rule (total ?k ?n) (root ?k) (reduce ?n (sum ?v) (allowed ?k ?v))) (query total ?k ?n) (limits 16 64 128))) (receipt (reasoning-attempt snapshot datum)) (spec (candidate-inspect snapshot datum)) (digest (reasoning-receipt-candidate-digest receipt)) (rows (reasoning-receipt-rows receipt)) (certificate (candidate-finite-evidence snapshot spec digest 'complete rows 20000)) (graph (candidate-stratified-provenance snapshot spec digest 'complete rows certificate 20000 20000 4096))) (list (cadar rows) (length (stratified-provenance-edges graph)) (length (filter (lambda (edge) (ormap (lambda (witness) (eq? (car witness) 'not)) (list-ref edge 3))) (stratified-provenance-edges graph)))))","nativeDatum":"(7 6 2)","family":"stratified-provenance"}
2026-10-04T06:45:14.5558837Z CASE-OK stratified-provenance-transfer
2026-10-04T06:45:14.5559483Z SUITE-OK Native preflight for source-only model closure tasks
2026-10-04T06:45:14.5560169Z MODULE-OK t/qualification/scheme-model-closure-test.ss
2026-10-04T06:45:14.5560708Z HARNESS-OK Scheme DSL closure
2026-10-04T06:45:14.5561079Z OK
2026-10-04T06:45:15.0283141Z SOURCE-CLOSURE {"modules":["gerbil/core/mop~MOP-5","gerbil/core/mop~MOP-system-classes","gerbil/core/mop~MOP-1","gerbil/core/mop~MOP-4","gerbil/core/sugar~Sugar-1","gerbil/core/sugar~QuasiquoteRuntime","gerbil/core/sugar~Quasiquote","gerbil/core/sugar~Sugar-2","gerbil/core/sugar~Sugar-3","gerbil/core/runtime~RuntimeAliases","gerbil/core/runtime~GerbilRuntime","gerbil/core/runtime~GambitRuntime","gerbil/core/runtime~R7RSRuntime","gerbil/core/runtime~R5RSRuntime","gerbil/core/runtime~Runtime","gerbil/core/runtime","gerbil/core/sugar","gerbil/core/mop","gerbil/core/contract~TypeReference","gerbil/core/contract~TypeCast","gerbil/core/contract~Using","gerbil/core/contract~Interface","gerbil/core/contract~ContractRules","gerbil/core/contract~TypedDefinitions","gerbil/core/match","gerbil/core/more-sugar","gerbil/core/module-sugar","gerbil/core/contract","gerbil/core","gerbil/runtime/gambit","gerbil/runtime/util","gerbil/runtime/c3","gerbil/runtime/table","gerbil/runtime/mop","gerbil/runtime/error","gerbil/runtime/repl","gerbil/runtime/control","gerbil/runtime/system","gerbil/runtime/syntax","gerbil/runtime/interface","gerbil/runtime/hash","gerbil/runtime/eval","gerbil/runtime/thread","gerbil/runtime/mop-system-classes","gerbil/runtime/loader","gerbil/runtime/init","gerbil/runtime","gerbil/base","std/error","std/func","clan/poo/support/base","std/values","std/stxparam","std/string/symbol","std/list/list-builder","std/list/list","std/iter/interface","std/interface","std/iter/iterators","std/iter/macros","std/iter/api","std/iter","std/hash/misc","clan/poo/object"],"root":":clan/poo/object"}
2026-10-04T06:45:15.5212186Z SOURCE-CLOSURE {"modules":["gerbil/core/mop~MOP-5","gerbil/core/mop~MOP-system-classes","gerbil/core/mop~MOP-1","gerbil/core/mop~MOP-4","gerbil/core/sugar~Sugar-1","gerbil/core/sugar~QuasiquoteRuntime","gerbil/core/sugar~Quasiquote","gerbil/core/sugar~Sugar-2","gerbil/core/sugar~Sugar-3","gerbil/core/runtime~RuntimeAliases","gerbil/core/runtime~GerbilRuntime","gerbil/core/runtime~GambitRuntime","gerbil/core/runtime~R7RSRuntime","gerbil/core/runtime~R5RSRuntime","gerbil/core/runtime~Runtime","gerbil/core/runtime","gerbil/core/sugar","gerbil/core/mop","gerbil/core/contract~TypeReference","gerbil/core/contract~TypeCast","gerbil/core/contract~Using","gerbil/core/contract~Interface","gerbil/core/contract~ContractRules","gerbil/core/contract~TypedDefinitions","gerbil/core/match","gerbil/core/more-sugar","gerbil/core/module-sugar","gerbil/core/contract","gerbil/core","gerbil-ascent/table/trrel","gerbil-ascent/table/eqrel","gerbil/runtime/gambit","gerbil/runtime/util","gerbil/runtime/c3","gerbil/runtime/table","gerbil/runtime/mop","gerbil/runtime/error","gerbil/runtime/repl","gerbil/runtime/control","gerbil/runtime/system","gerbil/runtime/syntax","gerbil/runtime/interface","gerbil/runtime/hash","gerbil/runtime/eval","gerbil/runtime/thread","gerbil/runtime/mop-system-classes","gerbil/runtime/loader","gerbil/runtime/init","gerbil/runtime","gerbil/base","std/error","std/func","clan/poo/support/base","std/values","std/stxparam","std/string/symbol","std/list/list-builder","std/list/list","std/iter/interface","std/interface","std/iter/iterators","std/iter/macros","std/iter/api","std/iter","std/hash/misc","clan/poo/object","clan/poo/brace","clan/poo/support/repr","std/serde/scan","std/encoding/json/env","std/text/parser/char-set","std/encoding/hex","std/number/misc","std/ffi~C-struct","std/ffi","std/vector/u8vector","std/text/parser/base","std/io/interface/base","std/string/utf8","std/net/address/types","std/time/time","std/time/timeout","std/os/error","std/os/time","std/os/sockaddr","std/os/device","std/os/fcntl","std/os/socket","std/os/sockopt","std/io/interface/socket","std/io/interface/bio","std/io/interface","std/os/file","std/os/flock","std/io/file","std/encoding/base64","std/crypto/libcrypto","std/crypto/error","std/crypto/random","std/io/tempfile","std/io/bio/types","std/io/bio/macros","std/sync/spinlock","std/cache","std/io/bio/cache","std/io/bio/buffer","std/io/bio/output","std/io/bio/input","std/io/bio/delimited","std/io/bio/port","std/io/bio/srcsnk","std/io/bio/memory","std/io/bio/writer","std/io/bio/reader","std/io/bio/api","std/io/util","std/io/detachable","std/io/delimited","std/io/dummy","std/io/counter","std/io/socket/sockaddr","std/sync/rwlock","std/serde/util","std/serde/interface","std/hash/types","std/serde/deserialize","std/net/address/serde","std/format/ascii","std/format/env~integer-conversions","std/format/env","std/number/writer","std/serde/interned","std/serde/scanner","std/serde/serialize","std/format/ioutil","std/format/reader","std/format/writer","std/format/io","std/format/format-string","std/format/format","std/format/api","std/format","std/string/stringer","std/net/address/stringer","std/list/random","std/net/address/resolver","std/text/pregexp","std/net/address/parser","std/net/address/api","std/net/address","std/io/socket/types","std/io/socket/basic","std/io/socket/datagram","std/io/socket/server","std/io/socket/client","std/io/socket/stream","std/io/socket/socket","std/io/socket/api","std/io/api","std/io","std/text/parser/ll1","std/list/alist","std/list/walist","std/encoding/json/reader","std/encoding/json/writer","std/encoding/json/io","std/misc/ports","std/list/plist","std/encoding/json/util","std/encoding/json/api","std/encoding/json","clan/poo/support/json","std/assert","clan/poo/support/io","clan/poo/mop","core/types","gerbil-ascent/table/storage","gerbil-ascent/table/funs","gerbil-ascent/table/provider","gerbil-ascent/program/aggregators","gerbil-ascent/program/types","gerbil-ascent/program/objects","gerbil-ascent/program/scheme-checked","std/crypto/digest","gerbil-ascent/candidate/types","gerbil-ascent/candidate/program","gerbil-ascent/candidate/funs","gerbil-ascent/candidate/finite-evidence"],"root":":gerbil-ascent/candidate/finite-evidence"}
2026-10-04T06:45:15.5441456Z SOURCE-CLOSURE {"modules":["gerbil/core/mop~MOP-5","gerbil/core/mop~MOP-system-classes","gerbil/core/mop~MOP-1","gerbil/core/mop~MOP-4","gerbil/core/sugar~Sugar-1","gerbil/core/sugar~QuasiquoteRuntime","gerbil/core/sugar~Quasiquote","gerbil/core/sugar~Sugar-2","gerbil/core/sugar~Sugar-3","gerbil/core/runtime~RuntimeAliases","gerbil/core/runtime~GerbilRuntime","gerbil/core/runtime~GambitRuntime","gerbil/core/runtime~R7RSRuntime","gerbil/core/runtime~R5RSRuntime","gerbil/core/runtime~Runtime","gerbil/core/runtime","gerbil/core/sugar","gerbil/core/mop","gerbil/core/contract~TypeReference","gerbil/core/contract~TypeCast","gerbil/core/contract~Using","gerbil/core/contract~Interface","gerbil/core/contract~ContractRules","gerbil/core/contract~TypedDefinitions","gerbil/core/match","gerbil/core/more-sugar","gerbil/core/module-sugar","gerbil/core/contract","gerbil/core","gerbil-ascent/table/trrel","gerbil-ascent/table/eqrel","gerbil/runtime/gambit","gerbil/runtime/util","gerbil/runtime/c3","gerbil/runtime/table","gerbil/runtime/mop","gerbil/runtime/error","gerbil/runtime/repl","gerbil/runtime/control","gerbil/runtime/system","gerbil/runtime/syntax","gerbil/runtime/interface","gerbil/runtime/hash","gerbil/runtime/eval","gerbil/runtime/thread","gerbil/runtime/mop-system-classes","gerbil/runtime/loader","gerbil/runtime/init","gerbil/runtime","gerbil/base","std/error","std/func","clan/poo/support/base","std/values","std/stxparam","std/string/symbol","std/list/list-builder","std/list/list","std/iter/interface","std/interface","std/iter/iterators","std/iter/macros","std/iter/api","std/iter","std/hash/misc","clan/poo/object","clan/poo/brace","clan/poo/support/repr","std/serde/scan","std/encoding/json/env","std/text/parser/char-set","std/encoding/hex","std/number/misc","std/ffi~C-struct","std/ffi","std/vector/u8vector","std/text/parser/base","std/io/interface/base","std/string/utf8","std/net/address/types","std/time/time","std/time/timeout","std/os/error","std/os/time","std/os/sockaddr","std/os/device","std/os/fcntl","std/os/socket","std/os/sockopt","std/io/interface/socket","std/io/interface/bio","std/io/interface","std/os/file","std/os/flock","std/io/file","std/encoding/base64","std/crypto/libcrypto","std/crypto/error","std/crypto/random","std/io/tempfile","std/io/bio/types","std/io/bio/macros","std/sync/spinlock","std/cache","std/io/bio/cache","std/io/bio/buffer","std/io/bio/output","std/io/bio/input","std/io/bio/delimited","std/io/bio/port","std/io/bio/srcsnk","std/io/bio/memory","std/io/bio/writer","std/io/bio/reader","std/io/bio/api","std/io/util","std/io/detachable","std/io/delimited","std/io/dummy","std/io/counter","std/io/socket/sockaddr","std/sync/rwlock","std/serde/util","std/serde/interface","std/hash/types","std/serde/deserialize","std/net/address/serde","std/format/ascii","std/format/env~integer-conversions","std/format/env","std/number/writer","std/serde/interned","std/serde/scanner","std/serde/serialize","std/format/ioutil","std/format/reader","std/format/writer","std/format/io","std/format/format-string","std/format/format","std/format/api","std/format","std/string/stringer","std/net/address/stringer","std/list/random","std/net/address/resolver","std/text/pregexp","std/net/address/parser","std/net/address/api","std/net/address","std/io/socket/types","std/io/socket/basic","std/io/socket/datagram","std/io/socket/server","std/io/socket/client","std/io/socket/stream","std/io/socket/socket","std/io/socket/api","std/io/api","std/io","std/text/parser/ll1","std/list/alist","std/list/walist","std/encoding/json/reader","std/encoding/json/writer","std/encoding/json/io","std/misc/ports","std/list/plist","std/encoding/json/util","std/encoding/json/api","std/encoding/json","clan/poo/support/json","std/assert","clan/poo/support/io","clan/poo/mop","core/types","gerbil-ascent/table/storage","gerbil-ascent/table/funs","gerbil-ascent/table/provider","gerbil-ascent/program/aggregators","gerbil-ascent/program/types","gerbil-ascent/program/objects","gerbil-ascent/program/scheme-checked","std/crypto/digest","gerbil-ascent/candidate/types","gerbil-ascent/candidate/program"],"root":":gerbil-ascent/candidate/program"}
2026-10-04T06:45:15.5865581Z SOURCE-CLOSURE {"root":":gerbil-ascent/candidate/reasoning","modules":["gerbil/core/mop~MOP-5","gerbil/core/mop~MOP-system-classes","gerbil/core/mop~MOP-1","gerbil/core/mop~MOP-4","gerbil/core/sugar~Sugar-1","gerbil/core/sugar~QuasiquoteRuntime","gerbil/core/sugar~Quasiquote","gerbil/core/sugar~Sugar-2","gerbil/core/sugar~Sugar-3","gerbil/core/runtime~RuntimeAliases","gerbil/core/runtime~GerbilRuntime","gerbil/core/runtime~GambitRuntime","gerbil/core/runtime~R7RSRuntime","gerbil/core/runtime~R5RSRuntime","gerbil/core/runtime~Runtime","gerbil/core/runtime","gerbil/core/sugar","gerbil/core/mop","gerbil/core/contract~TypeReference","gerbil/core/contract~TypeCast","gerbil/core/contract~Using","gerbil/core/contract~Interface","gerbil/core/contract~ContractRules","gerbil/core/contract~TypedDefinitions","gerbil/core/match","gerbil/core/more-sugar","gerbil/core/module-sugar","gerbil/core/contract","gerbil/core","gerbil/runtime/gambit","gerbil/runtime/util","gerbil/runtime/c3","gerbil/runtime/table","gerbil/runtime/mop","gerbil/runtime/error","gerbil/runtime/repl","gerbil/runtime/control","gerbil/runtime/system","gerbil/runtime/syntax","gerbil/runtime/interface","gerbil/runtime/hash","gerbil/runtime/eval","gerbil/runtime/thread","gerbil/runtime/mop-system-classes","gerbil/runtime/loader","gerbil/runtime/init","gerbil/runtime","gerbil/base","std/error","std/func","clan/poo/support/base","std/values","std/stxparam","std/string/symbol","std/list/list-builder","std/list/list","std/iter/interface","std/interface","std/iter/iterators","std/iter/macros","std/iter/api","std/iter","std/hash/misc","clan/poo/object","clan/poo/brace","clan/poo/support/repr","std/serde/scan","std/encoding/json/env","std/text/parser/char-set","std/encoding/hex","std/number/misc","std/ffi~C-struct","std/ffi","std/vector/u8vector","std/text/parser/base","std/io/interface/base","std/string/utf8","std/net/address/types","std/time/time","std/time/timeout","std/os/error","std/os/time","std/os/sockaddr","std/os/device","std/os/fcntl","std/os/socket","std/os/sockopt","std/io/interface/socket","std/io/interface/bio","std/io/interface","std/os/file","std/os/flock","std/io/file","std/encoding/base64","std/crypto/libcrypto","std/crypto/error","std/crypto/random","std/io/tempfile","std/io/bio/types","std/io/bio/macros","std/sync/spinlock","std/cache","std/io/bio/cache","std/io/bio/buffer","std/io/bio/output","std/io/bio/input","std/io/bio/delimited","std/io/bio/port","std/io/bio/srcsnk","std/io/bio/memory","std/io/bio/writer","std/io/bio/reader","std/io/bio/api","std/io/util","std/io/detachable","std/io/delimited","std/io/dummy","std/io/counter","std/io/socket/sockaddr","std/sync/rwlock","std/serde/util","std/serde/interface","std/hash/types","std/serde/deserialize","std/net/address/serde","std/format/ascii","std/format/env~integer-conversions","std/format/env","std/number/writer","std/serde/interned","std/serde/scanner","std/serde/serialize","std/format/ioutil","std/format/reader","std/format/writer","std/format/io","std/format/format-string","std/format/format","std/format/api","std/format","std/string/stringer","std/net/address/stringer","std/list/random","std/net/address/resolver","std/text/pregexp","std/net/address/parser","std/net/address/api","std/net/address","std/io/socket/types","std/io/socket/basic","std/io/socket/datagram","std/io/socket/server","std/io/socket/client","std/io/socket/stream","std/io/socket/socket","std/io/socket/api","std/io/api","std/io","std/text/parser/ll1","std/list/alist","std/list/walist","std/encoding/json/reader","std/encoding/json/writer","std/encoding/json/io","std/misc/ports","std/list/plist","std/encoding/json/util","std/encoding/json/api","std/encoding/json","clan/poo/support/json","std/assert","clan/poo/support/io","clan/poo/mop","gerbil-ascent/table/trrel","gerbil-ascent/table/eqrel","core/types","gerbil-ascent/table/storage","gerbil-ascent/table/funs","gerbil-ascent/table/provider","gerbil-ascent/table/access","gerbil-ascent/program/graph","gerbil-ascent/program/funs","gerbil-ascent/program/analysis","gerbil-ascent/program/positive","gerbil-ascent/program/aggregators","gerbil-ascent/program/types","gerbil-ascent/program/objects","gerbil-ascent/program/scheme-checked","gerbil-ascent/program/update-selection","gerbil-ascent/program/reuse","gerbil-ascent/program/planning","gerbil-ascent/program/result","gerbil-ascent/program/admission","gerbil-ascent/program/evaluate","gerbil-ascent/program/session","gerbil-ascent/program/scheme-admission","gerbil-ascent/program/scheme-language","std/crypto/digest","gerbil-ascent/candidate/types","gerbil-ascent/candidate/program","gerbil-ascent/candidate/funs","gerbil-ascent/candidate/finite-evidence","gerbil-ascent/candidate/stratified-proof","gerbil-ascent/candidate/stratified-producer","gerbil-ascent/candidate/provenance","gerbil-ascent/candidate/nonmembership","gerbil-ascent/candidate/reasoning"]}
2026-10-04T06:45:15.6104059Z SOURCE-CLOSURE {"root":":gerbil-ascent/candidate/stratified-provenance","modules":["gerbil/core/mop~MOP-5","gerbil/core/mop~MOP-system-classes","gerbil/core/mop~MOP-1","gerbil/core/mop~MOP-4","gerbil/core/sugar~Sugar-1","gerbil/core/sugar~QuasiquoteRuntime","gerbil/core/sugar~Quasiquote","gerbil/core/sugar~Sugar-2","gerbil/core/sugar~Sugar-3","gerbil/core/runtime~RuntimeAliases","gerbil/core/runtime~GerbilRuntime","gerbil/core/runtime~GambitRuntime","gerbil/core/runtime~R7RSRuntime","gerbil/core/runtime~R5RSRuntime","gerbil/core/runtime~Runtime","gerbil/core/runtime","gerbil/core/sugar","gerbil/core/mop","gerbil/core/contract~TypeReference","gerbil/core/contract~TypeCast","gerbil/core/contract~Using","gerbil/core/contract~Interface","gerbil/core/contract~ContractRules","gerbil/core/contract~TypedDefinitions","gerbil/core/match","gerbil/core/more-sugar","gerbil/core/module-sugar","gerbil/core/contract","gerbil/core","gerbil-ascent/table/trrel","gerbil-ascent/table/eqrel","gerbil/runtime/gambit","gerbil/runtime/util","gerbil/runtime/c3","gerbil/runtime/table","gerbil/runtime/mop","gerbil/runtime/error","gerbil/runtime/repl","gerbil/runtime/control","gerbil/runtime/system","gerbil/runtime/syntax","gerbil/runtime/interface","gerbil/runtime/hash","gerbil/runtime/eval","gerbil/runtime/thread","gerbil/runtime/mop-system-classes","gerbil/runtime/loader","gerbil/runtime/init","gerbil/runtime","gerbil/base","std/error","std/func","clan/poo/support/base","std/values","std/stxparam","std/string/symbol","std/list/list-builder","std/list/list","std/iter/interface","std/interface","std/iter/iterators","std/iter/macros","std/iter/api","std/iter","std/hash/misc","clan/poo/object","clan/poo/brace","clan/poo/support/repr","std/serde/scan","std/encoding/json/env","std/text/parser/char-set","std/encoding/hex","std/number/misc","std/ffi~C-struct","std/ffi","std/vector/u8vector","std/text/parser/base","std/io/interface/base","std/string/utf8","std/net/address/types","std/time/time","std/time/timeout","std/os/error","std/os/time","std/os/sockaddr","std/os/device","std/os/fcntl","std/os/socket","std/os/sockopt","std/io/interface/socket","std/io/interface/bio","std/io/interface","std/os/file","std/os/flock","std/io/file","std/encoding/base64","std/crypto/libcrypto","std/crypto/error","std/crypto/random","std/io/tempfile","std/io/bio/types","std/io/bio/macros","std/sync/spinlock","std/cache","std/io/bio/cache","std/io/bio/buffer","std/io/bio/output","std/io/bio/input","std/io/bio/delimited","std/io/bio/port","std/io/bio/srcsnk","std/io/bio/memory","std/io/bio/writer","std/io/bio/reader","std/io/bio/api","std/io/util","std/io/detachable","std/io/delimited","std/io/dummy","std/io/counter","std/io/socket/sockaddr","std/sync/rwlock","std/serde/util","std/serde/interface","std/hash/types","std/serde/deserialize","std/net/address/serde","std/format/ascii","std/format/env~integer-conversions","std/format/env","std/number/writer","std/serde/interned","std/serde/scanner","std/serde/serialize","std/format/ioutil","std/format/reader","std/format/writer","std/format/io","std/format/format-string","std/format/format","std/format/api","std/format","std/string/stringer","std/net/address/stringer","std/list/random","std/net/address/resolver","std/text/pregexp","std/net/address/parser","std/net/address/api","std/net/address","std/io/socket/types","std/io/socket/basic","std/io/socket/datagram","std/io/socket/server","std/io/socket/client","std/io/socket/stream","std/io/socket/socket","std/io/socket/api","std/io/api","std/io","std/text/parser/ll1","std/list/alist","std/list/walist","std/encoding/json/reader","std/encoding/json/writer","std/encoding/json/io","std/misc/ports","std/list/plist","std/encoding/json/util","std/encoding/json/api","std/encoding/json","clan/poo/support/json","std/assert","clan/poo/support/io","clan/poo/mop","core/types","gerbil-ascent/table/storage","gerbil-ascent/table/funs","gerbil-ascent/table/provider","gerbil-ascent/program/aggregators","gerbil-ascent/program/types","gerbil-ascent/program/objects","gerbil-ascent/program/scheme-checked","std/crypto/digest","gerbil-ascent/candidate/types","gerbil-ascent/candidate/program","gerbil-ascent/candidate/funs","gerbil-ascent/candidate/finite-evidence","gerbil-ascent/candidate/stratified-provenance"]}
2026-10-04T06:45:15.6380145Z SOURCE-CLOSURE {"root":":gerbil-ascent/program/higher-order","modules":["gerbil/core/mop~MOP-5","gerbil/core/mop~MOP-system-classes","gerbil/core/mop~MOP-1","gerbil/core/mop~MOP-4","gerbil/core/sugar~Sugar-1","gerbil/core/sugar~QuasiquoteRuntime","gerbil/core/sugar~Quasiquote","gerbil/core/sugar~Sugar-2","gerbil/core/sugar~Sugar-3","gerbil/core/runtime~RuntimeAliases","gerbil/core/runtime~GerbilRuntime","gerbil/core/runtime~GambitRuntime","gerbil/core/runtime~R7RSRuntime","gerbil/core/runtime~R5RSRuntime","gerbil/core/runtime~Runtime","gerbil/core/runtime","gerbil/core/sugar","gerbil/core/mop","gerbil/core/contract~TypeReference","gerbil/core/contract~TypeCast","gerbil/core/contract~Using","gerbil/core/contract~Interface","gerbil/core/contract~ContractRules","gerbil/core/contract~TypedDefinitions","gerbil/core/match","gerbil/core/more-sugar","gerbil/core/module-sugar","gerbil/core/contract","gerbil/core","gerbil/runtime/gambit","gerbil/runtime/util","gerbil/runtime/c3","gerbil/runtime/table","gerbil/runtime/mop","gerbil/runtime/error","gerbil/runtime/repl","gerbil/runtime/control","gerbil/runtime/system","gerbil/runtime/syntax","gerbil/runtime/interface","gerbil/runtime/hash","gerbil/runtime/eval","gerbil/runtime/thread","gerbil/runtime/mop-system-classes","gerbil/runtime/loader","gerbil/runtime/init","gerbil/runtime","gerbil/base","std/list/list-builder","std/error","std/list/list","std/func","clan/poo/support/base","std/values","std/stxparam","std/string/symbol","std/iter/interface","std/interface","std/iter/iterators","std/iter/macros","std/iter/api","std/iter","std/hash/misc","clan/poo/object","gerbil-ascent/table/trrel","gerbil-ascent/table/eqrel","clan/poo/brace","clan/poo/support/repr","std/serde/scan","std/encoding/json/env","std/text/parser/char-set","std/encoding/hex","std/number/misc","std/ffi~C-struct","std/ffi","std/vector/u8vector","std/text/parser/base","std/io/interface/base","std/string/utf8","std/net/address/types","std/time/time","std/time/timeout","std/os/error","std/os/time","std/os/sockaddr","std/os/device","std/os/fcntl","std/os/socket","std/os/sockopt","std/io/interface/socket","std/io/interface/bio","std/io/interface","std/os/file","std/os/flock","std/io/file","std/encoding/base64","std/crypto/libcrypto","std/crypto/error","std/crypto/random","std/io/tempfile","std/io/bio/types","std/io/bio/macros","std/sync/spinlock","std/cache","std/io/bio/cache","std/io/bio/buffer","std/io/bio/output","std/io/bio/input","std/io/bio/delimited","std/io/bio/port","std/io/bio/srcsnk","std/io/bio/memory","std/io/bio/writer","std/io/bio/reader","std/io/bio/api","std/io/util","std/io/detachable","std/io/delimited","std/io/dummy","std/io/counter","std/io/socket/sockaddr","std/sync/rwlock","std/serde/util","std/serde/interface","std/hash/types","std/serde/deserialize","std/net/address/serde","std/format/ascii","std/format/env~integer-conversions","std/format/env","std/number/writer","std/serde/interned","std/serde/scanner","std/serde/serialize","std/format/ioutil","std/format/reader","std/format/writer","std/format/io","std/format/format-string","std/format/format","std/format/api","std/format","std/string/stringer","std/net/address/stringer","std/list/random","std/net/address/resolver","std/text/pregexp","std/net/address/parser","std/net/address/api","std/net/address","std/io/socket/types","std/io/socket/basic","std/io/socket/datagram","std/io/socket/server","std/io/socket/client","std/io/socket/stream","std/io/socket/socket","std/io/socket/api","std/io/api","std/io","std/text/parser/ll1","std/list/alist","std/list/walist","std/encoding/json/reader","std/encoding/json/writer","std/encoding/json/io","std/misc/ports","std/list/plist","std/encoding/json/util","std/encoding/json/api","std/encoding/json","clan/poo/support/json","std/assert","clan/poo/support/io","clan/poo/mop","core/types","gerbil-ascent/table/storage","gerbil-ascent/table/funs","gerbil-ascent/table/provider","gerbil-ascent/program/types","gerbil-ascent/program/objects","gerbil-ascent/program/aggregators","gerbil-ascent/program/scheme-checked","gerbil-ascent/program/operator","gerbil-ascent/program/higher-order"]}
2026-10-04T06:45:15.6612256Z SOURCE-CLOSURE {"root":":gerbil-ascent/program/scheme-language","modules":["gerbil/core/mop~MOP-5","gerbil/core/mop~MOP-system-classes","gerbil/core/mop~MOP-1","gerbil/core/mop~MOP-4","gerbil/core/sugar~Sugar-1","gerbil/core/sugar~QuasiquoteRuntime","gerbil/core/sugar~Quasiquote","gerbil/core/sugar~Sugar-2","gerbil/core/sugar~Sugar-3","gerbil/core/runtime~RuntimeAliases","gerbil/core/runtime~GerbilRuntime","gerbil/core/runtime~GambitRuntime","gerbil/core/runtime~R7RSRuntime","gerbil/core/runtime~R5RSRuntime","gerbil/core/runtime~Runtime","gerbil/core/runtime","gerbil/core/sugar","gerbil/core/mop","gerbil/core/contract~TypeReference","gerbil/core/contract~TypeCast","gerbil/core/contract~Using","gerbil/core/contract~Interface","gerbil/core/contract~ContractRules","gerbil/core/contract~TypedDefinitions","gerbil/core/match","gerbil/core/more-sugar","gerbil/core/module-sugar","gerbil/core/contract","gerbil/core","gerbil/runtime/gambit","gerbil/runtime/util","gerbil/runtime/c3","gerbil/runtime/table","gerbil/runtime/mop","gerbil/runtime/error","gerbil/runtime/repl","gerbil/runtime/control","gerbil/runtime/system","gerbil/runtime/syntax","gerbil/runtime/interface","gerbil/runtime/hash","gerbil/runtime/eval","gerbil/runtime/thread","gerbil/runtime/mop-system-classes","gerbil/runtime/loader","gerbil/runtime/init","gerbil/runtime","gerbil/base","std/error","std/func","clan/poo/support/base","std/values","std/stxparam","std/string/symbol","std/list/list-builder","std/list/list","std/iter/interface","std/interface","std/iter/iterators","std/iter/macros","std/iter/api","std/iter","std/hash/misc","clan/poo/object","clan/poo/brace","clan/poo/support/repr","std/serde/scan","std/encoding/json/env","std/text/parser/char-set","std/encoding/hex","std/number/misc","std/ffi~C-struct","std/ffi","std/vector/u8vector","std/text/parser/base","std/io/interface/base","std/string/utf8","std/net/address/types","std/time/time","std/time/timeout","std/os/error","std/os/time","std/os/sockaddr","std/os/device","std/os/fcntl","std/os/socket","std/os/sockopt","std/io/interface/socket","std/io/interface/bio","std/io/interface","std/os/file","std/os/flock","std/io/file","std/encoding/base64","std/crypto/libcrypto","std/crypto/error","std/crypto/random","std/io/tempfile","std/io/bio/types","std/io/bio/macros","std/sync/spinlock","std/cache","std/io/bio/cache","std/io/bio/buffer","std/io/bio/output","std/io/bio/input","std/io/bio/delimited","std/io/bio/port","std/io/bio/srcsnk","std/io/bio/memory","std/io/bio/writer","std/io/bio/reader","std/io/bio/api","std/io/util","std/io/detachable","std/io/delimited","std/io/dummy","std/io/counter","std/io/socket/sockaddr","std/sync/rwlock","std/serde/util","std/serde/interface","std/hash/types","std/serde/deserialize","std/net/address/serde","std/format/ascii","std/format/env~integer-conversions","std/format/env","std/number/writer","std/serde/interned","std/serde/scanner","std/serde/serialize","std/format/ioutil","std/format/reader","std/format/writer","std/format/io","std/format/format-string","std/format/format","std/format/api","std/format","std/string/stringer","std/net/address/stringer","std/list/random","std/net/address/resolver","std/text/pregexp","std/net/address/parser","std/net/address/api","std/net/address","std/io/socket/types","std/io/socket/basic","std/io/socket/datagram","std/io/socket/server","std/io/socket/client","std/io/socket/stream","std/io/socket/socket","std/io/socket/api","std/io/api","std/io","std/text/parser/ll1","std/list/alist","std/list/walist","std/encoding/json/reader","std/encoding/json/writer","std/encoding/json/io","std/misc/ports","std/list/plist","std/encoding/json/util","std/encoding/json/api","std/encoding/json","clan/poo/support/json","std/assert","clan/poo/support/io","clan/poo/mop","gerbil-ascent/table/trrel","gerbil-ascent/table/eqrel","core/types","gerbil-ascent/table/storage","gerbil-ascent/table/funs","gerbil-ascent/table/provider","gerbil-ascent/table/access","gerbil-ascent/program/graph","gerbil-ascent/program/funs","gerbil-ascent/program/analysis","gerbil-ascent/program/positive","gerbil-ascent/program/aggregators","gerbil-ascent/program/types","gerbil-ascent/program/objects","gerbil-ascent/program/scheme-checked","gerbil-ascent/program/update-selection","gerbil-ascent/program/reuse","gerbil-ascent/program/planning","gerbil-ascent/program/result","gerbil-ascent/program/admission","gerbil-ascent/program/evaluate","gerbil-ascent/program/session","gerbil-ascent/program/scheme-admission","gerbil-ascent/program/scheme-language"]}
2026-10-04T06:45:15.6843379Z SOURCE-CLOSURE {"modules":["gerbil/core/mop~MOP-5","gerbil/core/mop~MOP-system-classes","gerbil/core/mop~MOP-1","gerbil/core/mop~MOP-4","gerbil/core/sugar~Sugar-1","gerbil/core/sugar~QuasiquoteRuntime","gerbil/core/sugar~Quasiquote","gerbil/core/sugar~Sugar-2","gerbil/core/sugar~Sugar-3","gerbil/core/runtime~RuntimeAliases","gerbil/core/runtime~GerbilRuntime","gerbil/core/runtime~GambitRuntime","gerbil/core/runtime~R7RSRuntime","gerbil/core/runtime~R5RSRuntime","gerbil/core/runtime~Runtime","gerbil/core/runtime","gerbil/core/sugar","gerbil/core/mop","gerbil/core/contract~TypeReference","gerbil/core/contract~TypeCast","gerbil/core/contract~Using","gerbil/core/contract~Interface","gerbil/core/contract~ContractRules","gerbil/core/contract~TypedDefinitions","gerbil/core/match","gerbil/core/more-sugar","gerbil/core/module-sugar","gerbil/core/contract","gerbil/core","gerbil-ascent/table/trrel","gerbil-ascent/table/eqrel","gerbil/runtime/gambit","gerbil/runtime/util","gerbil/runtime/c3","gerbil/runtime/table","gerbil/runtime/mop","gerbil/runtime/error","gerbil/runtime/repl","gerbil/runtime/control","gerbil/runtime/system","gerbil/runtime/syntax","gerbil/runtime/interface","gerbil/runtime/hash","gerbil/runtime/eval","gerbil/runtime/thread","gerbil/runtime/mop-system-classes","gerbil/runtime/loader","gerbil/runtime/init","gerbil/runtime","gerbil/base","std/error","std/func","clan/poo/support/base","std/values","std/stxparam","std/string/symbol","std/list/list-builder","std/list/list","std/iter/interface","std/interface","std/iter/iterators","std/iter/macros","std/iter/api","std/iter","std/hash/misc","clan/poo/object","clan/poo/brace","clan/poo/support/repr","std/serde/scan","std/encoding/json/env","std/text/parser/char-set","std/encoding/hex","std/number/misc","std/ffi~C-struct","std/ffi","std/vector/u8vector","std/text/parser/base","std/io/interface/base","std/string/utf8","std/net/address/types","std/time/time","std/time/timeout","std/os/error","std/os/time","std/os/sockaddr","std/os/device","std/os/fcntl","std/os/socket","std/os/sockopt","std/io/interface/socket","std/io/interface/bio","std/io/interface","std/os/file","std/os/flock","std/io/file","std/encoding/base64","std/crypto/libcrypto","std/crypto/error","std/crypto/random","std/io/tempfile","std/io/bio/types","std/io/bio/macros","std/sync/spinlock","std/cache","std/io/bio/cache","std/io/bio/buffer","std/io/bio/output","std/io/bio/input","std/io/bio/delimited","std/io/bio/port","std/io/bio/srcsnk","std/io/bio/memory","std/io/bio/writer","std/io/bio/reader","std/io/bio/api","std/io/util","std/io/detachable","std/io/delimited","std/io/dummy","std/io/counter","std/io/socket/sockaddr","std/sync/rwlock","std/serde/util","std/serde/interface","std/hash/types","std/serde/deserialize","std/net/address/serde","std/format/ascii","std/format/env~integer-conversions","std/format/env","std/number/writer","std/serde/interned","std/serde/scanner","std/serde/serialize","std/format/ioutil","std/format/reader","std/format/writer","std/format/io","std/format/format-string","std/format/format","std/format/api","std/format","std/string/stringer","std/net/address/stringer","std/list/random","std/net/address/resolver","std/text/pregexp","std/net/address/parser","std/net/address/api","std/net/address","std/io/socket/types","std/io/socket/basic","std/io/socket/datagram","std/io/socket/server","std/io/socket/client","std/io/socket/stream","std/io/socket/socket","std/io/socket/api","std/io/api","std/io","std/text/parser/ll1","std/list/alist","std/list/walist","std/encoding/json/reader","std/encoding/json/writer","std/encoding/json/io","std/misc/ports","std/list/plist","std/encoding/json/util","std/encoding/json/api","std/encoding/json","clan/poo/support/json","std/assert","clan/poo/support/io","clan/poo/mop","core/types","gerbil-ascent/table/storage","gerbil-ascent/table/funs","gerbil-ascent/table/provider","gerbil-ascent/table/access","gerbil-ascent/program/graph","gerbil-ascent/program/funs","gerbil-ascent/program/analysis","gerbil-ascent/program/positive","gerbil-ascent/program/aggregators","gerbil-ascent/program/types","gerbil-ascent/program/objects","gerbil-ascent/program/scheme-checked","gerbil-ascent/program/update-selection","gerbil-ascent/program/reuse","gerbil-ascent/program/planning","gerbil-ascent/program/result","gerbil-ascent/program/admission","gerbil-ascent/program/evaluate","gerbil-ascent/program/session"],"root":":gerbil-ascent/program/session"}
2026-10-04T06:45:15.6858564Z MODULE-OK Scheme compiler source closure
2026-10-04T06:45:15.6858869Z HARNESS-OK Scheme compiler source closure
2026-10-04T06:45:15.6859131Z OK
2026-10-04T06:45:15.7079745Z NATIVE-SOURCE-PROBE-OK modelCalls=0
2026-10-04T06:45:15.7187419Z *** WARNING module std/net/request is DEPRECATED and will be removed in the future
2026-10-04T06:45:15.7509052Z ##[group]Run just performance
2026-10-04T06:45:15.7509556Z [36;1mjust performance[0m
2026-10-04T06:45:15.7579557Z shell: /usr/bin/bash -e {0}
2026-10-04T06:45:15.7579899Z env:
2026-10-04T06:45:15.7580402Z   GERBIL_RELEASE_ROOT: /home/runner/work/gerbil-ascent/gerbil-ascent/.ci/gerbil-release/v19
2026-10-04T06:45:15.7581184Z   GERBIL_PREFIX: /home/runner/work/gerbil-ascent/gerbil-ascent/.ci/gerbil-release/v19
2026-10-04T06:45:15.7582483Z   GERBIL_HOME: /home/runner/work/gerbil-ascent/gerbil-ascent/.ci/gerbil-release/v19/current
2026-10-04T06:45:15.7584323Z   GAMBOPT: ~~=/home/runner/work/gerbil-ascent/gerbil-ascent/.ci/gerbil-release/v19/current,~~bin=/home/runner/work/gerbil-ascent/gerbil-ascent/.ci/gerbil-release/v19/current/bin,~~lib=/home/runner/work/gerbil-ascent/gerbil-ascent/.ci/gerbil-release/v19/current/lib
2026-10-04T06:45:15.7585709Z ##[endgroup]
2026-10-04T06:45:15.7709134Z GERBIL_LOADPATH="/home/runner/work/gerbil-ascent/gerbil-ascent${GERBIL_LOADPATH:+:$GERBIL_LOADPATH}" gerbil env gxi -:max-heap=1G,debug=q t/harness/run.ss performance suite
2026-10-04T06:45:19.9945036Z ... compile t/performance/ascent-scenario-performance-test
2026-10-04T06:45:22.9966889Z ... compile t/performance/ascent-binary-program-performance-test
2026-10-04T06:45:23.5885572Z ... compile t/performance/ascent-shortest-candidates-performance-test
2026-10-04T06:45:24.1103991Z [ascent-ss] START ascent-byods-trrel (1000 samples)
2026-10-04T06:45:24.1177329Z [ascent-test] START t/performance/ascent-scenario-performance-test.ss
2026-10-04T06:45:24.9583106Z NATIVE-MODULES-OK
2026-10-04T06:45:25.2640373Z HARNESS ("/home/runner/work/gerbil-ascent/gerbil-ascent/.cache/ascent/native-library/lib/gerbil-ascent/t/performance/ascent-scenario-performance-test.ssi")
2026-10-04T06:45:25.2642424Z MODULE /home/runner/work/gerbil-ascent/gerbil-ascent/.cache/ascent/native-library/lib/gerbil-ascent/t/performance/ascent-scenario-performance-test.ssi
2026-10-04T06:45:25.2643339Z SUITE ASCENT SS scenario
2026-10-04T06:45:25.2643657Z CASE bounded scenario
2026-10-04T06:45:25.2652421Z NATIVE-MODULES-OK
2026-10-04T06:45:27.4370723Z [gerbil-ascent-benchmark] ascent-byods-tr p95=293.749us semanticEquivalent=#t
2026-10-04T06:45:29.5771701Z [gerbil-ascent-benchmark] ascent-byods-uf p95=315.159us semanticEquivalent=#t
2026-10-04T06:45:31.3453698Z [gerbil-ascent-benchmark] ascent-byods-tr-ring p95=114.926us semanticEquivalent=#t
2026-10-04T06:45:33.1444617Z [gerbil-ascent-benchmark] ascent-byods-uf-ring p95=130.234us semanticEquivalent=#t
2026-10-04T06:45:33.1445879Z CASE-OK bounded scenario
2026-10-04T06:45:33.1446297Z SUITE-OK ASCENT SS scenario
2026-10-04T06:45:33.1447514Z MODULE-OK /home/runner/work/gerbil-ascent/gerbil-ascent/.cache/ascent/native-library/lib/gerbil-ascent/t/performance/ascent-scenario-performance-test.ssi
2026-10-04T06:45:33.1449553Z HARNESS-OK ("/home/runner/work/gerbil-ascent/gerbil-ascent/.cache/ascent/native-library/lib/gerbil-ascent/t/performance/ascent-scenario-performance-test.ssi")
2026-10-04T06:45:33.1450572Z OK
2026-10-04T06:45:33.1832883Z [ascent-test] PASS t/performance/ascent-scenario-performance-test.ss (9s)
2026-10-04T06:45:33.1851729Z [ascent-ss] PASS ascent-byods-trrel (9s)
2026-10-04T06:45:33.1911539Z [ascent-ss] START ascent-session-update (1000 samples)
2026-10-04T06:45:33.1988801Z [ascent-test] START t/performance/ascent-scenario-performance-test.ss
2026-10-04T06:45:34.0120025Z NATIVE-MODULES-OK
2026-10-04T06:45:34.3193551Z HARNESS ("/home/runner/work/gerbil-ascent/gerbil-ascent/.cache/ascent/native-library/lib/gerbil-ascent/t/performance/ascent-scenario-performance-test.ssi")
2026-10-04T06:45:34.3195239Z MODULE /home/runner/work/gerbil-ascent/gerbil-ascent/.cache/ascent/native-library/lib/gerbil-ascent/t/performance/ascent-scenario-performance-test.ssi
2026-10-04T06:45:34.3196239Z SUITE ASCENT SS scenario
2026-10-04T06:45:34.3196560Z CASE bounded scenario
2026-10-04T06:45:34.3205576Z NATIVE-MODULES-OK
2026-10-04T06:45:37.0830407Z [gerbil-ascent-benchmark] ascent-session-update p95=80.921us semanticEquivalent=#t
2026-10-04T06:45:37.0831143Z CASE-OK bounded scenario
2026-10-04T06:45:37.0831993Z SUITE-OK ASCENT SS scenario
2026-10-04T06:45:37.0833024Z MODULE-OK /home/runner/work/gerbil-ascent/gerbil-ascent/.cache/ascent/native-library/lib/gerbil-ascent/t/performance/ascent-scenario-performance-test.ssi
2026-10-04T06:45:37.0834644Z HARNESS-OK ("/home/runner/work/gerbil-ascent/gerbil-ascent/.cache/ascent/native-library/lib/gerbil-ascent/t/performance/ascent-scenario-performance-test.ssi")
2026-10-04T06:45:37.0835578Z OK
2026-10-04T06:45:37.1297194Z [ascent-test] PASS t/performance/ascent-scenario-performance-test.ss (4s)
2026-10-04T06:45:37.1315657Z [ascent-ss] PASS ascent-session-update (4s)
2026-10-04T06:45:37.1377635Z [ascent-ss] START ascent-ten-thousand-appends (1000 samples)
2026-10-04T06:45:37.1452447Z [ascent-test] START t/performance/ascent-scenario-performance-test.ss
2026-10-04T06:45:37.9567453Z NATIVE-MODULES-OK
2026-10-04T06:45:38.2507510Z HARNESS ("/home/runner/work/gerbil-ascent/gerbil-ascent/.cache/ascent/native-library/lib/gerbil-ascent/t/performance/ascent-scenario-performance-test.ssi")
2026-10-04T06:45:38.2509668Z MODULE /home/runner/work/gerbil-ascent/gerbil-ascent/.cache/ascent/native-library/lib/gerbil-ascent/t/performance/ascent-scenario-performance-test.ssi
2026-10-04T06:45:38.2510942Z SUITE ASCENT SS scenario
2026-10-04T06:45:38.2511743Z CASE bounded scenario
2026-10-04T06:45:38.2519145Z NATIVE-MODULES-OK
2026-10-04T06:45:43.3394086Z [gerbil-ascent-benchmark] ascent-ten-thousand-appends p95=3.439342ms
2026-10-04T06:45:43.3799253Z (p50-ns 3304430 p95-ns 3439342 max-ns 3865389 over-50ms 0)
2026-10-04T06:45:43.3799879Z CASE-OK bounded scenario
2026-10-04T06:45:43.3800190Z SUITE-OK ASCENT SS scenario
2026-10-04T06:45:43.3801024Z MODULE-OK /home/runner/work/gerbil-ascent/gerbil-ascent/.cache/ascent/native-library/lib/gerbil-ascent/t/performance/ascent-scenario-performance-test.ssi
2026-10-04T06:45:43.3802730Z HARNESS-OK ("/home/runner/work/gerbil-ascent/gerbil-ascent/.cache/ascent/native-library/lib/gerbil-ascent/t/performance/ascent-scenario-performance-test.ssi")
2026-10-04T06:45:43.3803581Z OK
2026-10-04T06:45:43.3803952Z [ascent-test] PASS t/performance/ascent-scenario-performance-test.ss (6s)
2026-10-04T06:45:43.3818695Z [ascent-ss] PASS ascent-ten-thousand-appends (6s)
2026-10-04T06:45:43.3879275Z [ascent-ss] START ascent-nonpositive-session-update (1000 samples)
2026-10-04T06:45:43.3953799Z [ascent-test] START t/performance/ascent-scenario-performance-test.ss
2026-10-04T06:45:44.2066970Z NATIVE-MODULES-OK
2026-10-04T06:45:44.5120895Z HARNESS ("/home/runner/work/gerbil-ascent/gerbil-ascent/.cache/ascent/native-library/lib/gerbil-ascent/t/performance/ascent-scenario-performance-test.ssi")
2026-10-04T06:45:44.5123188Z MODULE /home/runner/work/gerbil-ascent/gerbil-ascent/.cache/ascent/native-library/lib/gerbil-ascent/t/performance/ascent-scenario-performance-test.ssi
2026-10-04T06:45:44.5124320Z SUITE ASCENT SS scenario
2026-10-04T06:45:44.5124687Z CASE bounded scenario
2026-10-04T06:45:44.5134463Z NATIVE-MODULES-OK
2026-10-04T06:45:47.6959775Z [gerbil-ascent-benchmark] ascent-nonpositive-session-update p95=533.879us semanticEquivalent=#t
2026-10-04T06:45:47.6960663Z CASE-OK bounded scenario
2026-10-04T06:45:47.6961051Z SUITE-OK ASCENT SS scenario
2026-10-04T06:45:47.6962642Z MODULE-OK /home/runner/work/gerbil-ascent/gerbil-ascent/.cache/ascent/native-library/lib/gerbil-ascent/t/performance/ascent-scenario-performance-test.ssi
2026-10-04T06:45:47.6964238Z HARNESS-OK ("/home/runner/work/gerbil-ascent/gerbil-ascent/.cache/ascent/native-library/lib/gerbil-ascent/t/performance/ascent-scenario-performance-test.ssi")
2026-10-04T06:45:47.6965172Z OK
2026-10-04T06:45:47.7423599Z [ascent-test] PASS t/performance/ascent-scenario-performance-test.ss (4s)
2026-10-04T06:45:47.7442120Z [ascent-ss] PASS ascent-nonpositive-session-update (4s)
2026-10-04T06:45:47.7502675Z [ascent-ss] START ascent-rule-clauses (1000 samples)
2026-10-04T06:45:47.7577546Z [ascent-test] START t/performance/ascent-scenario-performance-test.ss
2026-10-04T06:45:48.5657254Z NATIVE-MODULES-OK
2026-10-04T06:45:48.8594152Z HARNESS ("/home/runner/work/gerbil-ascent/gerbil-ascent/.cache/ascent/native-library/lib/gerbil-ascent/t/performance/ascent-scenario-performance-test.ssi")
2026-10-04T06:45:48.8596188Z MODULE /home/runner/work/gerbil-ascent/gerbil-ascent/.cache/ascent/native-library/lib/gerbil-ascent/t/performance/ascent-scenario-performance-test.ssi
2026-10-04T06:45:48.8597503Z SUITE ASCENT SS scenario
2026-10-04T06:45:48.8597905Z CASE bounded scenario
2026-10-04T06:45:48.8606465Z NATIVE-MODULES-OK
2026-10-04T06:45:50.8221120Z [gerbil-ascent-benchmark] ascent-rule-clauses p95=127.639us semanticEquivalent=#t
2026-10-04T06:45:50.8222440Z CASE-OK bounded scenario
2026-10-04T06:45:50.8222823Z SUITE-OK ASCENT SS scenario
2026-10-04T06:45:50.8223912Z MODULE-OK /home/runner/work/gerbil-ascent/gerbil-ascent/.cache/ascent/native-library/lib/gerbil-ascent/t/performance/ascent-scenario-performance-test.ssi
2026-10-04T06:45:50.8225810Z HARNESS-OK ("/home/runner/work/gerbil-ascent/gerbil-ascent/.cache/ascent/native-library/lib/gerbil-ascent/t/performance/ascent-scenario-performance-test.ssi")
2026-10-04T06:45:50.8226937Z OK
2026-10-04T06:45:50.8623930Z [ascent-test] PASS t/performance/ascent-scenario-performance-test.ss (3s)
2026-10-04T06:45:50.8640054Z [ascent-ss] PASS ascent-rule-clauses (3s)
2026-10-04T06:45:50.8698277Z [ascent-ss] START ascent-var-points-to (1000 samples)
2026-10-04T06:45:50.8772057Z [ascent-test] START t/performance/ascent-scenario-performance-test.ss
2026-10-04T06:45:51.6976769Z NATIVE-MODULES-OK
2026-10-04T06:45:51.9989103Z HARNESS ("/home/runner/work/gerbil-ascent/gerbil-ascent/.cache/ascent/native-library/lib/gerbil-ascent/t/performance/ascent-scenario-performance-test.ssi")
2026-10-04T06:45:51.9992775Z MODULE /home/runner/work/gerbil-ascent/gerbil-ascent/.cache/ascent/native-library/lib/gerbil-ascent/t/performance/ascent-scenario-performance-test.ssi
2026-10-04T06:45:51.9994134Z SUITE ASCENT SS scenario
2026-10-04T06:45:51.9994496Z CASE bounded scenario
2026-10-04T06:45:52.0000609Z NATIVE-MODULES-OK
2026-10-04T06:45:53.8343502Z [gerbil-ascent-benchmark] ascent-var-points-to p95=80.681us semanticEquivalent=#t
2026-10-04T06:45:53.8344268Z CASE-OK bounded scenario
2026-10-04T06:45:53.8344662Z SUITE-OK ASCENT SS scenario
2026-10-04T06:45:53.8345756Z MODULE-OK /home/runner/work/gerbil-ascent/gerbil-ascent/.cache/ascent/native-library/lib/gerbil-ascent/t/performance/ascent-scenario-performance-test.ssi
2026-10-04T06:45:53.8347671Z HARNESS-OK ("/home/runner/work/gerbil-ascent/gerbil-ascent/.cache/ascent/native-library/lib/gerbil-ascent/t/performance/ascent-scenario-performance-test.ssi")
2026-10-04T06:45:53.8349303Z OK
2026-10-04T06:45:53.8756293Z [ascent-test] PASS t/performance/ascent-scenario-performance-test.ss (3s)
2026-10-04T06:45:53.8774714Z [ascent-ss] PASS ascent-var-points-to (3s)
2026-10-04T06:45:53.8834542Z [ascent-ss] START ascent-upstream-examples (1000 samples)
2026-10-04T06:45:53.8908710Z [ascent-test] START t/performance/ascent-scenario-performance-test.ss
2026-10-04T06:45:54.7002505Z NATIVE-MODULES-OK
2026-10-04T06:45:54.9942068Z HARNESS ("/home/runner/work/gerbil-ascent/gerbil-ascent/.cache/ascent/native-library/lib/gerbil-ascent/t/performance/ascent-scenario-performance-test.ssi")
2026-10-04T06:45:54.9944137Z MODULE /home/runner/work/gerbil-ascent/gerbil-ascent/.cache/ascent/native-library/lib/gerbil-ascent/t/performance/ascent-scenario-performance-test.ssi
2026-10-04T06:45:54.9945393Z SUITE ASCENT SS scenario
2026-10-04T06:45:54.9945805Z CASE bounded scenario
2026-10-04T06:45:54.9955278Z NATIVE-MODULES-OK
2026-10-04T06:45:56.8119532Z [gerbil-ascent-benchmark] ascent-fibonacci p95=92.904us semanticEquivalent=#t
2026-10-04T06:45:58.5596388Z [gerbil-ascent-benchmark] ascent-context-flow p95=90.259us semanticEquivalent=#t
2026-10-04T06:45:58.5597156Z CASE-OK bounded scenario
2026-10-04T06:45:58.5597564Z SUITE-OK ASCENT SS scenario
2026-10-04T06:45:58.5599023Z MODULE-OK /home/runner/work/gerbil-ascent/gerbil-ascent/.cache/ascent/native-library/lib/gerbil-ascent/t/performance/ascent-scenario-performance-test.ssi
2026-10-04T06:45:58.5601014Z HARNESS-OK ("/home/runner/work/gerbil-ascent/gerbil-ascent/.cache/ascent/native-library/lib/gerbil-ascent/t/performance/ascent-scenario-performance-test.ssi")
2026-10-04T06:45:58.5602585Z OK
2026-10-04T06:45:58.6026355Z [ascent-test] PASS t/performance/ascent-scenario-performance-test.ss (5s)
2026-10-04T06:45:58.6046172Z [ascent-ss] PASS ascent-upstream-examples (5s)
2026-10-04T06:45:58.6107893Z [ascent-ss] START ascent-product-session (1000 samples)
2026-10-04T06:45:58.6185570Z [ascent-test] START t/performance/ascent-scenario-performance-test.ss
2026-10-04T06:45:59.4279886Z NATIVE-MODULES-OK
2026-10-04T06:45:59.7259371Z HARNESS ("/home/runner/work/gerbil-ascent/gerbil-ascent/.cache/ascent/native-library/lib/gerbil-ascent/t/performance/ascent-scenario-performance-test.ssi")
2026-10-04T06:45:59.7262160Z MODULE /home/runner/work/gerbil-ascent/gerbil-ascent/.cache/ascent/native-library/lib/gerbil-ascent/t/performance/ascent-scenario-performance-test.ssi
2026-10-04T06:45:59.7263552Z SUITE ASCENT SS scenario
2026-10-04T06:45:59.7263978Z CASE bounded scenario
2026-10-04T06:45:59.7274332Z NATIVE-MODULES-OK
2026-10-04T06:46:02.0266415Z [gerbil-ascent-benchmark] ascent-product-session p95=585.575us semanticEquivalent=#t
2026-10-04T06:46:02.0267287Z CASE-OK bounded scenario
2026-10-04T06:46:02.0267713Z SUITE-OK ASCENT SS scenario
2026-10-04T06:46:02.0268926Z MODULE-OK /home/runner/work/gerbil-ascent/gerbil-ascent/.cache/ascent/native-library/lib/gerbil-ascent/t/performance/ascent-scenario-performance-test.ssi
2026-10-04T06:46:02.0271037Z HARNESS-OK ("/home/runner/work/gerbil-ascent/gerbil-ascent/.cache/ascent/native-library/lib/gerbil-ascent/t/performance/ascent-scenario-performance-test.ssi")
2026-10-04T06:46:02.0272970Z OK
2026-10-04T06:46:02.0654055Z [ascent-test] PASS t/performance/ascent-scenario-performance-test.ss (4s)
2026-10-04T06:46:02.0671808Z [ascent-ss] PASS ascent-product-session (4s)
2026-10-04T06:46:02.0733756Z [ascent-ss] START ascent-mutual-recursive-heads (1000 samples)
2026-10-04T06:46:02.0803430Z [ascent-test] START t/performance/ascent-scenario-performance-test.ss
2026-10-04T06:46:02.8988067Z NATIVE-MODULES-OK
2026-10-04T06:46:03.1926643Z HARNESS ("/home/runner/work/gerbil-ascent/gerbil-ascent/.cache/ascent/native-library/lib/gerbil-ascent/t/performance/ascent-scenario-performance-test.ssi")
2026-10-04T06:46:03.1929078Z MODULE /home/runner/work/gerbil-ascent/gerbil-ascent/.cache/ascent/native-library/lib/gerbil-ascent/t/performance/ascent-scenario-performance-test.ssi
2026-10-04T06:46:03.1931029Z SUITE ASCENT SS scenario
2026-10-04T06:46:03.1931806Z CASE bounded scenario
2026-10-04T06:46:03.1940336Z NATIVE-MODULES-OK
2026-10-04T06:46:05.0033383Z [gerbil-ascent-benchmark] ascent-mutual-recursive-heads p95=60.954us semanticEquivalent=#t
2026-10-04T06:46:05.0034332Z CASE-OK bounded scenario
2026-10-04T06:46:05.0034755Z SUITE-OK ASCENT SS scenario
2026-10-04T06:46:05.0036008Z MODULE-OK /home/runner/work/gerbil-ascent/gerbil-ascent/.cache/ascent/native-library/lib/gerbil-ascent/t/performance/ascent-scenario-performance-test.ssi
2026-10-04T06:46:05.0038125Z HARNESS-OK ("/home/runner/work/gerbil-ascent/gerbil-ascent/.cache/ascent/native-library/lib/gerbil-ascent/t/performance/ascent-scenario-performance-test.ssi")
2026-10-04T06:46:05.0039366Z OK
2026-10-04T06:46:05.0432770Z [ascent-test] PASS t/performance/ascent-scenario-performance-test.ss (3s)
2026-10-04T06:46:05.0450259Z [ascent-ss] PASS ascent-mutual-recursive-heads (3s)
2026-10-04T06:46:05.0509316Z [ascent-ss] START ascent-derived-aggregate (1000 samples)
2026-10-04T06:46:05.0586313Z [ascent-test] START t/performance/ascent-scenario-performance-test.ss
2026-10-04T06:46:05.8959826Z NATIVE-MODULES-OK
2026-10-04T06:46:06.2026389Z HARNESS ("/home/runner/work/gerbil-ascent/gerbil-ascent/.cache/ascent/native-library/lib/gerbil-ascent/t/performance/ascent-scenario-performance-test.ssi")
2026-10-04T06:46:06.2028894Z MODULE /home/runner/work/gerbil-ascent/gerbil-ascent/.cache/ascent/native-library/lib/gerbil-ascent/t/performance/ascent-scenario-performance-test.ssi
2026-10-04T06:46:06.2030312Z SUITE ASCENT SS scenario
2026-10-04T06:46:06.2030727Z CASE bounded scenario
2026-10-04T06:46:06.2040322Z NATIVE-MODULES-OK
2026-10-04T06:46:08.0135218Z [gerbil-ascent-benchmark] ascent-derived-aggregate p95=72.485us semanticEquivalent=#t
2026-10-04T06:46:08.0136064Z CASE-OK bounded scenario
2026-10-04T06:46:08.0136464Z SUITE-OK ASCENT SS scenario
2026-10-04T06:46:08.0137595Z MODULE-OK /home/runner/work/gerbil-ascent/gerbil-ascent/.cache/ascent/native-library/lib/gerbil-ascent/t/performance/ascent-scenario-performance-test.ssi
2026-10-04T06:46:08.0139572Z HARNESS-OK ("/home/runner/work/gerbil-ascent/gerbil-ascent/.cache/ascent/native-library/lib/gerbil-ascent/t/performance/ascent-scenario-performance-test.ssi")
2026-10-04T06:46:08.0140782Z OK
2026-10-04T06:46:08.0539168Z [ascent-test] PASS t/performance/ascent-scenario-performance-test.ss (3s)
2026-10-04T06:46:08.0557408Z [ascent-ss] PASS ascent-derived-aggregate (3s)
2026-10-04T06:46:08.0618994Z [ascent-ss] START ascent-indexed-joins (1000 samples)
2026-10-04T06:46:08.0692921Z [ascent-test] START t/performance/ascent-scenario-performance-test.ss
2026-10-04T06:46:08.8729100Z NATIVE-MODULES-OK
2026-10-04T06:46:09.1856645Z HARNESS ("/home/runner/work/gerbil-ascent/gerbil-ascent/.cache/ascent/native-library/lib/gerbil-ascent/t/performance/ascent-scenario-performance-test.ssi")
2026-10-04T06:46:09.1858467Z MODULE /home/runner/work/gerbil-ascent/gerbil-ascent/.cache/ascent/native-library/lib/gerbil-ascent/t/performance/ascent-scenario-performance-test.ssi
2026-10-04T06:46:09.1859500Z SUITE ASCENT SS scenario
2026-10-04T06:46:09.1859824Z CASE bounded scenario
2026-10-04T06:46:09.1868263Z NATIVE-MODULES-OK
2026-10-04T06:46:11.1303908Z [gerbil-ascent-benchmark] ascent-indexed-joins p95=149.299us semanticEquivalent=#t
2026-10-04T06:46:11.1304758Z CASE-OK bounded scenario
2026-10-04T06:46:11.1305183Z SUITE-OK ASCENT SS scenario
2026-10-04T06:46:11.1306430Z MODULE-OK /home/runner/work/gerbil-ascent/gerbil-ascent/.cache/ascent/native-library/lib/gerbil-ascent/t/performance/ascent-scenario-performance-test.ssi
2026-10-04T06:46:11.1308501Z HARNESS-OK ("/home/runner/work/gerbil-ascent/gerbil-ascent/.cache/ascent/native-library/lib/gerbil-ascent/t/performance/ascent-scenario-performance-test.ssi")
2026-10-04T06:46:11.1309753Z OK
2026-10-04T06:46:11.1718991Z [ascent-test] PASS t/performance/ascent-scenario-performance-test.ss (3s)
2026-10-04T06:46:11.1738636Z [ascent-ss] PASS ascent-indexed-joins (3s)
2026-10-04T06:46:11.1804210Z [ascent-ss] START ascent-byods-eqrel (1000 samples)
2026-10-04T06:46:11.1873716Z [ascent-test] START t/performance/ascent-scenario-performance-test.ss
2026-10-04T06:46:12.0043644Z NATIVE-MODULES-OK
2026-10-04T06:46:12.3026649Z HARNESS ("/home/runner/work/gerbil-ascent/gerbil-ascent/.cache/ascent/native-library/lib/gerbil-ascent/t/performance/ascent-scenario-performance-test.ssi")
2026-10-04T06:46:12.3028603Z MODULE /home/runner/work/gerbil-ascent/gerbil-ascent/.cache/ascent/native-library/lib/gerbil-ascent/t/performance/ascent-scenario-performance-test.ssi
2026-10-04T06:46:12.3029735Z SUITE ASCENT SS scenario
2026-10-04T06:46:12.3030111Z CASE bounded scenario
2026-10-04T06:46:12.3037765Z NATIVE-MODULES-OK
2026-10-04T06:46:14.2440054Z [gerbil-ascent-benchmark] ascent-byods-eqrel p95=244.868us semanticEquivalent=#t
2026-10-04T06:46:14.2441808Z CASE-OK bounded scenario
2026-10-04T06:46:14.2442480Z SUITE-OK ASCENT SS scenario
2026-10-04T06:46:14.2444127Z MODULE-OK /home/runner/work/gerbil-ascent/gerbil-ascent/.cache/ascent/native-library/lib/gerbil-ascent/t/performance/ascent-scenario-performance-test.ssi
2026-10-04T06:46:14.2447202Z HARNESS-OK ("/home/runner/work/gerbil-ascent/gerbil-ascent/.cache/ascent/native-library/lib/gerbil-ascent/t/performance/ascent-scenario-performance-test.ssi")
2026-10-04T06:46:14.2448557Z OK
2026-10-04T06:46:14.2838690Z [ascent-test] PASS t/performance/ascent-scenario-performance-test.ss (3s)
2026-10-04T06:46:14.2859087Z [ascent-ss] PASS ascent-byods-eqrel (3s)
2026-10-04T06:46:14.2871506Z [ascent-ss] START ascent-binary-program (1000 samples)
2026-10-04T06:46:14.2922845Z [ascent-ss] START ascent-binary-program (1000 samples)
2026-10-04T06:46:14.3000057Z [ascent-test] START t/performance/ascent-binary-program-performance-test.ss
2026-10-04T06:46:15.1082088Z NATIVE-MODULES-OK
2026-10-04T06:46:15.4015138Z HARNESS ("/home/runner/work/gerbil-ascent/gerbil-ascent/.cache/ascent/native-library/lib/gerbil-ascent/t/performance/ascent-binary-program-performance-test.ssi")
2026-10-04T06:46:15.4017595Z MODULE /home/runner/work/gerbil-ascent/gerbil-ascent/.cache/ascent/native-library/lib/gerbil-ascent/t/performance/ascent-binary-program-performance-test.ssi
2026-10-04T06:46:15.4018978Z SUITE ASCENT Scheme binary program performance
2026-10-04T06:46:15.4019576Z CASE twenty-node chain within standard fixture
2026-10-04T06:46:15.4024289Z NATIVE-MODULES-OK
2026-10-04T06:46:17.1167518Z [gerbil-ascent-benchmark] ascent-binary-program p95=127.308us
2026-10-04T06:46:17.1168298Z CASE-OK twenty-node chain within standard fixture
2026-10-04T06:46:17.1168912Z SUITE-OK ASCENT Scheme binary program performance
2026-10-04T06:46:17.1170296Z MODULE-OK /home/runner/work/gerbil-ascent/gerbil-ascent/.cache/ascent/native-library/lib/gerbil-ascent/t/performance/ascent-binary-program-performance-test.ssi
2026-10-04T06:46:17.1172830Z HARNESS-OK ("/home/runner/work/gerbil-ascent/gerbil-ascent/.cache/ascent/native-library/lib/gerbil-ascent/t/performance/ascent-binary-program-performance-test.ssi")
2026-10-04T06:46:17.1174170Z OK
2026-10-04T06:46:17.1544177Z [ascent-test] PASS t/performance/ascent-binary-program-performance-test.ss (3s)
2026-10-04T06:46:17.1564491Z [ascent-ss] PASS ascent-binary-program (3s)
2026-10-04T06:46:17.1581047Z [ascent-ss] PASS ascent-binary-program (3s)
2026-10-04T06:46:17.1633417Z [ascent-ss] START ascent-reachability-closure (1000 samples)
2026-10-04T06:46:17.1714515Z [ascent-test] START t/performance/ascent-scenario-performance-test.ss
2026-10-04T06:46:17.9837000Z NATIVE-MODULES-OK
2026-10-04T06:46:18.2851524Z HARNESS ("/home/runner/work/gerbil-ascent/gerbil-ascent/.cache/ascent/native-library/lib/gerbil-ascent/t/performance/ascent-scenario-performance-test.ssi")
2026-10-04T06:46:18.2853911Z MODULE /home/runner/work/gerbil-ascent/gerbil-ascent/.cache/ascent/native-library/lib/gerbil-ascent/t/performance/ascent-scenario-performance-test.ssi
2026-10-04T06:46:18.2855510Z SUITE ASCENT SS scenario
2026-10-04T06:46:18.2856017Z CASE bounded scenario
2026-10-04T06:46:18.2862364Z NATIVE-MODULES-OK
2026-10-04T06:46:20.1137590Z [gerbil-ascent-benchmark] ascent-reachability-closure p95=130.545us pairs=190 semanticEquivalent=#t
2026-10-04T06:46:20.1138604Z CASE-OK bounded scenario
2026-10-04T06:46:20.1139031Z SUITE-OK ASCENT SS scenario
2026-10-04T06:46:20.1140236Z MODULE-OK /home/runner/work/gerbil-ascent/gerbil-ascent/.cache/ascent/native-library/lib/gerbil-ascent/t/performance/ascent-scenario-performance-test.ssi
2026-10-04T06:46:20.1142651Z HARNESS-OK ("/home/runner/work/gerbil-ascent/gerbil-ascent/.cache/ascent/native-library/lib/gerbil-ascent/t/performance/ascent-scenario-performance-test.ssi")
2026-10-04T06:46:20.1143623Z OK
2026-10-04T06:46:20.1524473Z [ascent-test] PASS t/performance/ascent-scenario-performance-test.ss (3s)
2026-10-04T06:46:20.1542928Z [ascent-ss] PASS ascent-reachability-closure (3s)
2026-10-04T06:46:20.1601561Z [ascent-ss] START ascent-table-expression (1000 samples)
2026-10-04T06:46:20.1675197Z [ascent-test] START t/performance/ascent-scenario-performance-test.ss
2026-10-04T06:46:20.9776604Z NATIVE-MODULES-OK
2026-10-04T06:46:21.2725849Z HARNESS ("/home/runner/work/gerbil-ascent/gerbil-ascent/.cache/ascent/native-library/lib/gerbil-ascent/t/performance/ascent-scenario-performance-test.ssi")
2026-10-04T06:46:21.2727530Z MODULE /home/runner/work/gerbil-ascent/gerbil-ascent/.cache/ascent/native-library/lib/gerbil-ascent/t/performance/ascent-scenario-performance-test.ssi
2026-10-04T06:46:21.2728864Z SUITE ASCENT SS scenario
2026-10-04T06:46:21.2729183Z CASE bounded scenario
2026-10-04T06:46:21.2737116Z NATIVE-MODULES-OK
2026-10-04T06:46:21.3046162Z [ascent-table-expression] START baseline samples=1000
2026-10-04T06:46:30.1621939Z [ascent-ss] RUNNING ascent-table-expression (10s)
2026-10-04T06:46:40.1639286Z [ascent-ss] RUNNING ascent-table-expression (20s)
2026-10-04T06:46:50.1657076Z [ascent-ss] RUNNING ascent-table-expression (30s)
2026-10-04T06:46:51.3638095Z [ascent-table-expression] END baseline wall-seconds=30.059024333953857 p95=28.564935ms
2026-10-04T06:46:51.3639074Z [ascent-table-expression] START candidate samples=1000
2026-10-04T06:46:53.7353887Z [ascent-table-expression] END candidate wall-seconds=2.371441125869751
2026-10-04T06:46:53.7355737Z [gerbil-ascent-benchmark] ascent-table-expression baseline-p95=28.564935ms candidate-p95=550.659us semanticEquivalent=#t
2026-10-04T06:46:53.7357081Z CASE-OK bounded scenario
2026-10-04T06:46:53.7357532Z SUITE-OK ASCENT SS scenario
2026-10-04T06:46:53.7358537Z MODULE-OK /home/runner/work/gerbil-ascent/gerbil-ascent/.cache/ascent/native-library/lib/gerbil-ascent/t/performance/ascent-scenario-performance-test.ssi
2026-10-04T06:46:53.7360169Z HARNESS-OK ("/home/runner/work/gerbil-ascent/gerbil-ascent/.cache/ascent/native-library/lib/gerbil-ascent/t/performance/ascent-scenario-performance-test.ssi")
2026-10-04T06:46:53.7361167Z OK
2026-10-04T06:46:53.7891864Z [ascent-test] PASS t/performance/ascent-scenario-performance-test.ss (33s)
2026-10-04T06:46:53.7912813Z [ascent-ss] PASS ascent-table-expression (33s)
2026-10-04T06:46:53.7978890Z [ascent-ss] START ascent-table-expression-membership (1000 samples)
2026-10-04T06:46:53.8055054Z [ascent-test] START t/performance/ascent-scenario-performance-test.ss
2026-10-04T06:46:54.6224380Z NATIVE-MODULES-OK
2026-10-04T06:46:54.9188963Z HARNESS ("/home/runner/work/gerbil-ascent/gerbil-ascent/.cache/ascent/native-library/lib/gerbil-ascent/t/performance/ascent-scenario-performance-test.ssi")
2026-10-04T06:46:54.9191674Z MODULE /home/runner/work/gerbil-ascent/gerbil-ascent/.cache/ascent/native-library/lib/gerbil-ascent/t/performance/ascent-scenario-performance-test.ssi
2026-10-04T06:46:54.9192800Z SUITE ASCENT SS scenario
2026-10-04T06:46:54.9193106Z CASE bounded scenario
2026-10-04T06:46:54.9200780Z NATIVE-MODULES-OK
2026-10-04T06:47:00.1397289Z [gerbil-ascent-benchmark] ascent-membership baseline-p95=1.153217ms candidate-p95=31.058us semanticEquivalent=#t
2026-10-04T06:47:00.1398367Z CASE-OK bounded scenario
2026-10-04T06:47:00.1398790Z SUITE-OK ASCENT SS scenario
2026-10-04T06:47:00.1400405Z MODULE-OK /home/runner/work/gerbil-ascent/gerbil-ascent/.cache/ascent/native-library/lib/gerbil-ascent/t/performance/ascent-scenario-performance-test.ssi
2026-10-04T06:47:00.1402794Z HARNESS-OK ("/home/runner/work/gerbil-ascent/gerbil-ascent/.cache/ascent/native-library/lib/gerbil-ascent/t/performance/ascent-scenario-performance-test.ssi")
2026-10-04T06:47:00.1404067Z OK
2026-10-04T06:47:00.1830803Z [ascent-test] PASS t/performance/ascent-scenario-performance-test.ss (7s)
2026-10-04T06:47:00.1851086Z [ascent-ss] PASS ascent-table-expression-membership (7s)
2026-10-04T06:47:00.1868088Z [ascent-ss] START ascent-shortest-candidates (1000 samples)
2026-10-04T06:47:00.1913746Z [ascent-ss] START ascent-shortest-candidates (1000 samples)
2026-10-04T06:47:00.1989534Z [ascent-test] START t/performance/ascent-shortest-candidates-performance-test.ss
2026-10-04T06:47:00.9992125Z NATIVE-MODULES-OK
2026-10-04T06:47:01.0345700Z HARNESS ("/home/runner/work/gerbil-ascent/gerbil-ascent/.cache/ascent/native-library/lib/gerbil-ascent/t/performance/ascent-shortest-candidates-performance-test.ssi")
2026-10-04T06:47:01.0348075Z MODULE /home/runner/work/gerbil-ascent/gerbil-ascent/.cache/ascent/native-library/lib/gerbil-ascent/t/performance/ascent-shortest-candidates-performance-test.ssi
2026-10-04T06:47:01.0349443Z SUITE ASCENT Scheme shortest candidates performance
2026-10-04T06:47:01.0350260Z CASE twenty-node chain stays within the standard fixture
2026-10-04T06:47:01.0355758Z NATIVE-MODULES-OK
2026-10-04T06:47:03.4534608Z [gerbil-ascent-benchmark] ascent-shortest-candidates p95=98.233us
2026-10-04T06:47:03.4535427Z CASE-OK twenty-node chain stays within the standard fixture
2026-10-04T06:47:03.4536097Z SUITE-OK ASCENT Scheme shortest candidates performance
2026-10-04T06:47:03.4537428Z MODULE-OK /home/runner/work/gerbil-ascent/gerbil-ascent/.cache/ascent/native-library/lib/gerbil-ascent/t/performance/ascent-shortest-candidates-performance-test.ssi
2026-10-04T06:47:03.4539061Z HARNESS-OK ("/home/runner/work/gerbil-ascent/gerbil-ascent/.cache/ascent/native-library/lib/gerbil-ascent/t/performance/ascent-shortest-candidates-performance-test.ssi")
2026-10-04T06:47:03.4540065Z OK
2026-10-04T06:47:03.4971961Z [ascent-test] PASS t/performance/ascent-shortest-candidates-performance-test.ss (3s)
2026-10-04T06:47:03.4991066Z [ascent-ss] PASS ascent-shortest-candidates (3s)
2026-10-04T06:47:03.5008042Z [ascent-ss] PASS ascent-shortest-candidates (3s)
2026-10-04T06:47:10.2505047Z *** WARNING module std/net/request is DEPRECATED and will be removed in the future
2026-10-04T06:47:10.2922536Z Post job cleanup.
2026-10-04T06:47:10.3855330Z [command]/usr/bin/git version
2026-10-04T06:47:10.3906695Z git version 2.55.0
2026-10-04T06:47:10.3947303Z Temporarily overriding HOME='/home/runner/work/_temp/1f0449be-cc29-469e-b493-3f0bc1f18bd9' before making global git config changes
2026-10-04T06:47:10.3948703Z Adding repository directory to the temporary git global config as a safe directory
2026-10-04T06:47:10.3953522Z [command]/usr/bin/git config --global --add safe.directory /home/runner/work/gerbil-ascent/gerbil-ascent
2026-10-04T06:47:10.3996640Z Removing SSH command configuration
2026-10-04T06:47:10.4004437Z [command]/usr/bin/git config --local --name-only --get-regexp core\.sshCommand
2026-10-04T06:47:10.4050521Z [command]/usr/bin/git submodule foreach --recursive sh -c "git config --local --name-only --get-regexp 'core\.sshCommand' && git config --local --unset-all 'core.sshCommand' || :"
2026-10-04T06:47:10.4333628Z Removing HTTP extra header
2026-10-04T06:47:10.4342157Z [command]/usr/bin/git config --local --name-only --get-regexp http\.https\:\/\/github\.com\/\.extraheader
2026-10-04T06:47:10.4393966Z [command]/usr/bin/git submodule foreach --recursive sh -c "git config --local --name-only --get-regexp 'http\.https\:\/\/github\.com\/\.extraheader' && git config --local --unset-all 'http.https://github.com/.extraheader' || :"
2026-10-04T06:47:10.4689865Z Removing includeIf entries pointing to credentials config files
2026-10-04T06:47:10.4699085Z [command]/usr/bin/git config --local --name-only --get-regexp ^includeIf\.gitdir:
2026-10-04T06:47:10.4742307Z includeif.gitdir:/home/runner/work/gerbil-ascent/gerbil-ascent/.git.path
2026-10-04T06:47:10.4743602Z includeif.gitdir:/home/runner/work/gerbil-ascent/gerbil-ascent/.git/worktrees/*.path
2026-10-04T06:47:10.4744938Z includeif.gitdir:/github/workspace/.git.path
2026-10-04T06:47:10.4745829Z includeif.gitdir:/github/workspace/.git/worktrees/*.path
2026-10-04T06:47:10.4755628Z [command]/usr/bin/git config --local --get-all includeif.gitdir:/home/runner/work/gerbil-ascent/gerbil-ascent/.git.path
2026-10-04T06:47:10.4795576Z /home/runner/work/_temp/git-credentials-23194310-3d7d-4d51-8c2f-d105fb996bbf.config
2026-10-04T06:47:10.4806520Z [command]/usr/bin/git config --local --unset includeif.gitdir:/home/runner/work/gerbil-ascent/gerbil-ascent/.git.path /home/runner/work/_temp/git-credentials-23194310-3d7d-4d51-8c2f-d105fb996bbf.config
2026-10-04T06:47:10.4857790Z [command]/usr/bin/git config --local --get-all includeif.gitdir:/home/runner/work/gerbil-ascent/gerbil-ascent/.git/worktrees/*.path
2026-10-04T06:47:10.4901220Z /home/runner/work/_temp/git-credentials-23194310-3d7d-4d51-8c2f-d105fb996bbf.config
2026-10-04T06:47:10.4911674Z [command]/usr/bin/git config --local --unset includeif.gitdir:/home/runner/work/gerbil-ascent/gerbil-ascent/.git/worktrees/*.path /home/runner/work/_temp/git-credentials-23194310-3d7d-4d51-8c2f-d105fb996bbf.config
2026-10-04T06:47:10.4957691Z [command]/usr/bin/git config --local --get-all includeif.gitdir:/github/workspace/.git.path
2026-10-04T06:47:10.4989204Z /github/runner_temp/git-credentials-23194310-3d7d-4d51-8c2f-d105fb996bbf.config
2026-10-04T06:47:10.4997596Z [command]/usr/bin/git config --local --unset includeif.gitdir:/github/workspace/.git.path /github/runner_temp/git-credentials-23194310-3d7d-4d51-8c2f-d105fb996bbf.config
2026-10-04T06:47:10.5039349Z [command]/usr/bin/git config --local --get-all includeif.gitdir:/github/workspace/.git/worktrees/*.path
2026-10-04T06:47:10.5067263Z /github/runner_temp/git-credentials-23194310-3d7d-4d51-8c2f-d105fb996bbf.config
2026-10-04T06:47:10.5077698Z [command]/usr/bin/git config --local --unset includeif.gitdir:/github/workspace/.git/worktrees/*.path /github/runner_temp/git-credentials-23194310-3d7d-4d51-8c2f-d105fb996bbf.config
2026-10-04T06:47:10.5120427Z [command]/usr/bin/git submodule foreach --recursive git config --local --show-origin --name-only --get-regexp remote.origin.url
2026-10-04T06:47:10.5362433Z Removing credentials config '/home/runner/work/_temp/git-credentials-23194310-3d7d-4d51-8c2f-d105fb996bbf.config'
2026-10-04T06:47:10.5534972Z Cleaning up orphan processes
