2026-10-04T06:12:32.7267720Z Current runner version: '2.337.0'
2026-10-04T06:12:32.7291701Z ##[group]Runner Image Provisioner
2026-10-04T06:12:32.7292794Z Hosted Compute Agent
2026-10-04T06:12:32.7293451Z Version: 20260901.588
2026-10-04T06:12:32.7294081Z Commit: f88ec8081b781fac6c440065ac7ff9e710ce3d0b
2026-10-04T06:12:32.7294767Z Build Date: 2026-09-01T19:56:44Z
2026-10-04T06:12:32.7295477Z Worker ID: {cbb8888a-1fe7-4d52-a0fd-0e5bcb30d4e6}
2026-10-04T06:12:32.7296170Z Azure Region: westcentralus
2026-10-04T06:12:32.7296750Z ##[endgroup]
2026-10-04T06:12:32.7298410Z ##[group]Operating System
2026-10-04T06:12:32.7299020Z Ubuntu
2026-10-04T06:12:32.7299546Z 24.04.5
2026-10-04T06:12:32.7300049Z LTS
2026-10-04T06:12:32.7300595Z ##[endgroup]
2026-10-04T06:12:32.7301152Z ##[group]Runner Image
2026-10-04T06:12:32.7301874Z Image: ubuntu-24.04
2026-10-04T06:12:32.7302482Z Version: 20260927.320.1
2026-10-04T06:12:32.7303709Z Included Software: https://github.com/actions/runner-images/blob/ubuntu24/20260927.320/images/ubuntu/Ubuntu2404-Readme.md
2026-10-04T06:12:32.7305210Z Image Release: https://github.com/actions/runner-images/releases/tag/ubuntu24%2F20260927.320
2026-10-04T06:12:32.7306204Z ##[endgroup]
2026-10-04T06:12:32.7307284Z ##[group]GITHUB_TOKEN Permissions
2026-10-04T06:12:32.7309242Z Contents: read
2026-10-04T06:12:32.7309814Z Metadata: read
2026-10-04T06:12:32.7310368Z ##[endgroup]
2026-10-04T06:12:32.7312534Z Secret source: Actions
2026-10-04T06:12:32.7313509Z Cache mode: write
2026-10-04T06:12:32.7314159Z Prepare workflow directory
2026-10-04T06:12:32.8268740Z Prepare all required actions
2026-10-04T06:12:32.8340171Z Getting action download info
2026-10-04T06:12:33.1528131Z Download action repository 'actions/checkout@9c091bb21b7c1c1d1991bb908d89e4e9dddfe3e0' (SHA:9c091bb21b7c1c1d1991bb908d89e4e9dddfe3e0)
2026-10-04T06:12:33.4735014Z Complete job name: scheme
2026-10-04T06:12:33.5373251Z ##[group]Run actions/checkout@9c091bb21b7c1c1d1991bb908d89e4e9dddfe3e0
2026-10-04T06:12:33.5374347Z with:
2026-10-04T06:12:33.5374854Z   repository: tao3k/gerbil-ascent
2026-10-04T06:12:33.5378552Z   token: ***
2026-10-04T06:12:33.5379092Z   ssh-strict: true
2026-10-04T06:12:33.5379859Z   ssh-user: git
2026-10-04T06:12:33.5380416Z   persist-credentials: true
2026-10-04T06:12:33.5380967Z   clean: true
2026-10-04T06:12:33.5381556Z   sparse-checkout-cone-mode: true
2026-10-04T06:12:33.5382320Z   fetch-depth: 1
2026-10-04T06:12:33.5382847Z   fetch-tags: false
2026-10-04T06:12:33.5383354Z   show-progress: true
2026-10-04T06:12:33.5383868Z   lfs: false
2026-10-04T06:12:33.5384341Z   submodules: false
2026-10-04T06:12:33.5384864Z   set-safe-directory: true
2026-10-04T06:12:33.5385486Z   allow-unsafe-pr-checkout: false
2026-10-04T06:12:33.5386243Z env:
2026-10-04T06:12:33.5387000Z   GERBIL_RELEASE_ROOT: /home/runner/work/gerbil-ascent/gerbil-ascent/.ci/gerbil-release/v19
2026-10-04T06:12:33.5387969Z ##[endgroup]
2026-10-04T06:12:33.6378078Z Syncing repository: tao3k/gerbil-ascent
2026-10-04T06:12:33.6380996Z ##[group]Getting Git version info
2026-10-04T06:12:33.6382261Z Working directory is '/home/runner/work/gerbil-ascent/gerbil-ascent'
2026-10-04T06:12:33.6384078Z [command]/usr/bin/git version
2026-10-04T06:12:33.6464902Z git version 2.55.0
2026-10-04T06:12:33.6486032Z ##[endgroup]
2026-10-04T06:12:33.6496942Z Temporarily overriding HOME='/home/runner/work/_temp/496eb7b4-5a70-4a6e-a3db-e92a9015dea5' before making global git config changes
2026-10-04T06:12:33.6505169Z Adding repository directory to the temporary git global config as a safe directory
2026-10-04T06:12:33.6506699Z [command]/usr/bin/git config --global --add safe.directory /home/runner/work/gerbil-ascent/gerbil-ascent
2026-10-04T06:12:33.6555578Z Deleting the contents of '/home/runner/work/gerbil-ascent/gerbil-ascent'
2026-10-04T06:12:33.6559027Z ##[group]Determining repository object format
2026-10-04T06:12:33.6560586Z ##[endgroup]
2026-10-04T06:12:33.6561410Z ##[group]Initializing the repository
2026-10-04T06:12:33.6565348Z [command]/usr/bin/git init /home/runner/work/gerbil-ascent/gerbil-ascent
2026-10-04T06:12:33.6661049Z hint: Using 'master' as the name for the initial branch. This default branch name
2026-10-04T06:12:33.6663036Z hint: will change to "main" in Git 3.0. To configure the initial branch name
2026-10-04T06:12:33.6664453Z hint: to use in all of your new repositories, which will suppress this warning,
2026-10-04T06:12:33.6665568Z hint: call:
2026-10-04T06:12:33.6666412Z hint:
2026-10-04T06:12:33.6667282Z hint: 	git config --global init.defaultBranch <name>
2026-10-04T06:12:33.6668243Z hint:
2026-10-04T06:12:33.6669191Z hint: Names commonly chosen instead of 'master' are 'main', 'trunk' and
2026-10-04T06:12:33.6670628Z hint: 'development'. The just-created branch can be renamed via this command:
2026-10-04T06:12:33.6671932Z hint:
2026-10-04T06:12:33.6672636Z hint: 	git branch -m <name>
2026-10-04T06:12:33.6673457Z hint:
2026-10-04T06:12:33.6674437Z hint: Disable this message with "git config set advice.defaultBranchName false"
2026-10-04T06:12:33.6680269Z Initialized empty Git repository in /home/runner/work/gerbil-ascent/gerbil-ascent/.git/
2026-10-04T06:12:33.6694714Z [command]/usr/bin/git remote add origin https://github.com/tao3k/gerbil-ascent
2026-10-04T06:12:33.6740945Z ##[endgroup]
2026-10-04T06:12:33.6742500Z ##[group]Disabling automatic garbage collection
2026-10-04T06:12:33.6743523Z [command]/usr/bin/git config --local gc.auto 0
2026-10-04T06:12:33.6777320Z ##[endgroup]
2026-10-04T06:12:33.6778449Z ##[group]Setting up auth
2026-10-04T06:12:33.6779284Z Removing SSH command configuration
2026-10-04T06:12:33.6784219Z [command]/usr/bin/git config --local --name-only --get-regexp core\.sshCommand
2026-10-04T06:12:33.6834979Z [command]/usr/bin/git submodule foreach --recursive sh -c "git config --local --name-only --get-regexp 'core\.sshCommand' && git config --local --unset-all 'core.sshCommand' || :"
2026-10-04T06:12:33.7188826Z Removing HTTP extra header
2026-10-04T06:12:33.7190426Z [command]/usr/bin/git config --local --name-only --get-regexp http\.https\:\/\/github\.com\/\.extraheader
2026-10-04T06:12:33.7222295Z [command]/usr/bin/git submodule foreach --recursive sh -c "git config --local --name-only --get-regexp 'http\.https\:\/\/github\.com\/\.extraheader' && git config --local --unset-all 'http.https://github.com/.extraheader' || :"
2026-10-04T06:12:33.7428947Z Removing includeIf entries pointing to credentials config files
2026-10-04T06:12:33.7433964Z [command]/usr/bin/git config --local --name-only --get-regexp ^includeIf\.gitdir:
2026-10-04T06:12:33.7464273Z [command]/usr/bin/git submodule foreach --recursive git config --local --show-origin --name-only --get-regexp remote.origin.url
2026-10-04T06:12:33.7672657Z [command]/usr/bin/git config --file /home/runner/work/_temp/git-credentials-e9c03a40-b12c-48ca-909d-97c5dcb7cb91.config http.https://github.com/.extraheader AUTHORIZATION: basic ***
2026-10-04T06:12:33.7717331Z [command]/usr/bin/git config --local includeIf.gitdir:/home/runner/work/gerbil-ascent/gerbil-ascent/.git.path /home/runner/work/_temp/git-credentials-e9c03a40-b12c-48ca-909d-97c5dcb7cb91.config
2026-10-04T06:12:33.7751506Z [command]/usr/bin/git config --local includeIf.gitdir:/home/runner/work/gerbil-ascent/gerbil-ascent/.git/worktrees/*.path /home/runner/work/_temp/git-credentials-e9c03a40-b12c-48ca-909d-97c5dcb7cb91.config
2026-10-04T06:12:33.7788614Z [command]/usr/bin/git config --local includeIf.gitdir:/github/workspace/.git.path /github/runner_temp/git-credentials-e9c03a40-b12c-48ca-909d-97c5dcb7cb91.config
2026-10-04T06:12:33.7821945Z [command]/usr/bin/git config --local includeIf.gitdir:/github/workspace/.git/worktrees/*.path /github/runner_temp/git-credentials-e9c03a40-b12c-48ca-909d-97c5dcb7cb91.config
2026-10-04T06:12:33.7850608Z ##[endgroup]
2026-10-04T06:12:33.7852808Z ##[group]Fetching the repository
2026-10-04T06:12:33.7857419Z [command]/usr/bin/git -c protocol.version=2 fetch --no-tags --prune --no-recurse-submodules --depth=1 origin +63882cfd497ef5cb99ada22273b2ad7c866022e7:refs/remotes/pull/1/merge
2026-10-04T06:12:34.8909036Z From https://github.com/tao3k/gerbil-ascent
2026-10-04T06:12:34.8911463Z  * [new ref]         63882cfd497ef5cb99ada22273b2ad7c866022e7 -> pull/1/merge
2026-10-04T06:12:34.8916663Z ##[endgroup]
2026-10-04T06:12:34.8919228Z ##[group]Determining the checkout info
2026-10-04T06:12:34.8922080Z ##[endgroup]
2026-10-04T06:12:34.8923591Z [command]/usr/bin/git sparse-checkout disable
2026-10-04T06:12:34.8974580Z [command]/usr/bin/git config --local --unset-all extensions.worktreeConfig
2026-10-04T06:12:34.9006126Z ##[group]Checking out the ref
2026-10-04T06:12:34.9008563Z [command]/usr/bin/git checkout --progress --force refs/remotes/pull/1/merge
2026-10-04T06:12:34.9819038Z Note: switching to 'refs/remotes/pull/1/merge'.
2026-10-04T06:12:34.9820874Z 
2026-10-04T06:12:34.9822309Z You are in 'detached HEAD' state. You can look around, make experimental
2026-10-04T06:12:34.9825285Z changes and commit them, and you can discard any commits you make in this
2026-10-04T06:12:34.9827648Z state without impacting any branches by switching back to a branch.
2026-10-04T06:12:34.9829315Z 
2026-10-04T06:12:34.9830350Z If you want to create a new branch to retain commits you create, you may
2026-10-04T06:12:34.9832686Z do so (now or later) by using -c with the switch command. Example:
2026-10-04T06:12:34.9833880Z 
2026-10-04T06:12:34.9834569Z   git switch -c <new-branch-name>
2026-10-04T06:12:34.9835505Z 
2026-10-04T06:12:34.9836267Z Or undo this operation with:
2026-10-04T06:12:34.9837287Z 
2026-10-04T06:12:34.9837835Z   git switch -
2026-10-04T06:12:34.9838669Z 
2026-10-04T06:12:34.9839701Z Turn off this advice by setting config variable advice.detachedHead to false
2026-10-04T06:12:34.9841374Z 
2026-10-04T06:12:34.9843476Z HEAD is now at 63882cf Merge 6c5c6e3eafadf3df546e4b0be7c140a4e60775be into 34a3213c72d4e0ca6fc3bb248df506c6d862a26b
2026-10-04T06:12:34.9849230Z ##[endgroup]
2026-10-04T06:12:34.9875646Z [command]/usr/bin/git log -1 --format=%H
2026-10-04T06:12:34.9900709Z 63882cfd497ef5cb99ada22273b2ad7c866022e7
2026-10-04T06:12:35.0160490Z ##[group]Run sudo apt-get update
2026-10-04T06:12:35.0162402Z [36;1msudo apt-get update[0m
2026-10-04T06:12:35.0164954Z [36;1msudo apt-get install -y build-essential ca-certificates git jq just libssl-dev openssl pkg-config zlib1g-dev[0m
2026-10-04T06:12:35.0167684Z [36;1mjust --version[0m
2026-10-04T06:12:35.0366266Z shell: /usr/bin/bash -e {0}
2026-10-04T06:12:35.0367888Z env:
2026-10-04T06:12:35.0369809Z   GERBIL_RELEASE_ROOT: /home/runner/work/gerbil-ascent/gerbil-ascent/.ci/gerbil-release/v19
2026-10-04T06:12:35.0372455Z ##[endgroup]
2026-10-04T06:12:35.1845049Z Get:1 file:/etc/apt/apt-mirrors.txt Mirrorlist [144 B]
2026-10-04T06:12:35.3443226Z Hit:2 http://azure.archive.ubuntu.com/ubuntu noble InRelease
2026-10-04T06:12:35.3445062Z Get:6 https://packages.microsoft.com/ubuntu/24.04/prod noble InRelease [3600 B]
2026-10-04T06:12:35.3795891Z Get:3 http://azure.archive.ubuntu.com/ubuntu noble-updates InRelease [126 kB]
2026-10-04T06:12:35.3846343Z Get:4 http://azure.archive.ubuntu.com/ubuntu noble-backports InRelease [126 kB]
2026-10-04T06:12:35.3921134Z Get:5 http://azure.archive.ubuntu.com/ubuntu noble-security InRelease [126 kB]
2026-10-04T06:12:35.4964983Z Get:7 https://packages.microsoft.com/ubuntu/24.04/prod noble/main amd64 Packages [511 kB]
2026-10-04T06:12:35.5152685Z Get:8 https://packages.microsoft.com/ubuntu/24.04/prod noble/main armhf Packages [12.6 kB]
2026-10-04T06:12:35.5203843Z Get:9 https://packages.microsoft.com/ubuntu/24.04/prod noble/main arm64 Packages [458 kB]
2026-10-04T06:12:35.5424615Z Get:10 http://azure.archive.ubuntu.com/ubuntu noble-updates/main amd64 Packages [1364 kB]
2026-10-04T06:12:35.5473044Z Get:11 http://azure.archive.ubuntu.com/ubuntu noble-updates/main Translation-en [304 kB]
2026-10-04T06:12:35.5498376Z Get:12 http://azure.archive.ubuntu.com/ubuntu noble-updates/main amd64 Components [181 kB]
2026-10-04T06:12:35.5523591Z Get:13 http://azure.archive.ubuntu.com/ubuntu noble-updates/universe amd64 Packages [1699 kB]
2026-10-04T06:12:35.5604452Z Get:14 http://azure.archive.ubuntu.com/ubuntu noble-updates/universe Translation-en [341 kB]
2026-10-04T06:12:35.5630618Z Get:15 http://azure.archive.ubuntu.com/ubuntu noble-updates/universe amd64 Components [388 kB]
2026-10-04T06:12:35.5659882Z Get:16 http://azure.archive.ubuntu.com/ubuntu noble-updates/restricted amd64 Packages [1720 kB]
2026-10-04T06:12:35.5760987Z Get:17 http://azure.archive.ubuntu.com/ubuntu noble-updates/restricted Translation-en [394 kB]
2026-10-04T06:12:35.5778702Z Get:18 http://azure.archive.ubuntu.com/ubuntu noble-updates/multiverse amd64 Components [940 B]
2026-10-04T06:12:35.5928137Z Get:19 http://azure.archive.ubuntu.com/ubuntu noble-backports/main amd64 Components [5736 B]
2026-10-04T06:12:35.6378806Z Get:20 http://azure.archive.ubuntu.com/ubuntu noble-backports/universe amd64 Components [12.6 kB]
2026-10-04T06:12:35.6397249Z Get:21 http://azure.archive.ubuntu.com/ubuntu noble-security/main amd64 Packages [1069 kB]
2026-10-04T06:12:35.6463648Z Get:22 http://azure.archive.ubuntu.com/ubuntu noble-security/main Translation-en [221 kB]
2026-10-04T06:12:35.6486995Z Get:23 http://azure.archive.ubuntu.com/ubuntu noble-security/main amd64 Components [46.5 kB]
2026-10-04T06:12:35.6502999Z Get:24 http://azure.archive.ubuntu.com/ubuntu noble-security/universe amd64 Packages [1216 kB]
2026-10-04T06:12:35.6562418Z Get:25 http://azure.archive.ubuntu.com/ubuntu noble-security/universe Translation-en [244 kB]
2026-10-04T06:12:35.6582797Z Get:26 http://azure.archive.ubuntu.com/ubuntu noble-security/universe amd64 Components [76.3 kB]
2026-10-04T06:12:35.6598870Z Get:27 http://azure.archive.ubuntu.com/ubuntu noble-security/restricted amd64 Packages [1566 kB]
2026-10-04T06:12:35.6671910Z Get:28 http://azure.archive.ubuntu.com/ubuntu noble-security/restricted Translation-en [361 kB]
2026-10-04T06:12:44.4630229Z Fetched 12.6 MB in 2s (7726 kB/s)
2026-10-04T06:12:45.3521224Z Reading package lists...
2026-10-04T06:12:45.3862765Z Reading package lists...
2026-10-04T06:12:45.5874674Z Building dependency tree...
2026-10-04T06:12:45.5880416Z Reading state information...
2026-10-04T06:12:45.7655258Z ca-certificates is already the newest version (20260601~24.04.1).
2026-10-04T06:12:45.7657019Z git is already the newest version (1:2.55.0-0ppa1~ubuntu24.04.2).
2026-10-04T06:12:45.7658015Z git set to manually installed.
2026-10-04T06:12:45.7658921Z jq is already the newest version (1.7.1-3ubuntu0.24.04.2).
2026-10-04T06:12:45.7659858Z pkg-config is already the newest version (1.8.1-2build1).
2026-10-04T06:12:45.7660770Z zlib1g-dev is already the newest version (1:1.3.dfsg-3.1ubuntu2.2).
2026-10-04T06:12:45.7661996Z The following additional packages will be installed:
2026-10-04T06:12:45.7662766Z   libssl3t64
2026-10-04T06:12:45.7666429Z Suggested packages:
2026-10-04T06:12:45.7666833Z   libssl-doc
2026-10-04T06:12:45.7953911Z The following NEW packages will be installed:
2026-10-04T06:12:45.7963787Z   build-essential just
2026-10-04T06:12:45.7972269Z The following packages will be upgraded:
2026-10-04T06:12:45.7975909Z   libssl-dev libssl3t64 openssl
2026-10-04T06:12:45.8134655Z 3 upgraded, 2 newly installed, 0 to remove and 22 not upgraded.
2026-10-04T06:12:45.8135638Z Need to get 6547 kB of archives.
2026-10-04T06:12:45.8136399Z After this operation, 3674 kB of additional disk space will be used.
2026-10-04T06:12:45.8137184Z Get:1 file:/etc/apt/apt-mirrors.txt Mirrorlist [144 B]
2026-10-04T06:12:45.8817825Z Get:2 http://azure.archive.ubuntu.com/ubuntu noble-updates/main amd64 libssl-dev amd64 3.0.13-0ubuntu3.16 [2409 kB]
2026-10-04T06:12:45.9855705Z Get:3 http://azure.archive.ubuntu.com/ubuntu noble-updates/main amd64 libssl3t64 amd64 3.0.13-0ubuntu3.16 [1945 kB]
2026-10-04T06:12:46.0831344Z Get:4 http://azure.archive.ubuntu.com/ubuntu noble-updates/main amd64 openssl amd64 3.0.13-0ubuntu3.16 [1004 kB]
2026-10-04T06:12:46.1661247Z Get:5 http://azure.archive.ubuntu.com/ubuntu noble/main amd64 build-essential amd64 12.10ubuntu1 [4928 B]
2026-10-04T06:12:46.2133557Z Get:6 http://azure.archive.ubuntu.com/ubuntu noble/universe amd64 just amd64 1.21.0-1 [1184 kB]
2026-10-04T06:12:46.5113128Z Fetched 6547 kB in 0s (14.9 MB/s)
2026-10-04T06:12:46.6188406Z (Reading database ... 
2026-10-04T06:12:46.6189433Z (Reading database ... 5%
2026-10-04T06:12:46.6189843Z (Reading database ... 10%
2026-10-04T06:12:46.6190280Z (Reading database ... 15%
2026-10-04T06:12:46.6190690Z (Reading database ... 20%
2026-10-04T06:12:46.6191061Z (Reading database ... 25%
2026-10-04T06:12:46.6191548Z (Reading database ... 30%
2026-10-04T06:12:46.6192313Z (Reading database ... 35%
2026-10-04T06:12:46.6192801Z (Reading database ... 40%
2026-10-04T06:12:46.6193192Z (Reading database ... 45%
2026-10-04T06:12:46.6193550Z (Reading database ... 50%
2026-10-04T06:12:46.6658702Z (Reading database ... 55%
2026-10-04T06:12:47.1442200Z (Reading database ... 60%
2026-10-04T06:12:47.4016941Z (Reading database ... 65%
2026-10-04T06:12:47.6660074Z (Reading database ... 70%
2026-10-04T06:12:47.9343957Z (Reading database ... 75%
2026-10-04T06:12:48.2604207Z (Reading database ... 80%
2026-10-04T06:12:48.7745155Z (Reading database ... 85%
2026-10-04T06:12:49.3925749Z (Reading database ... 90%
2026-10-04T06:12:50.0333247Z (Reading database ... 95%
2026-10-04T06:12:50.0333729Z (Reading database ... 100%
2026-10-04T06:12:50.0334468Z (Reading database ... 202296 files and directories currently installed.)
2026-10-04T06:12:50.0378714Z Preparing to unpack .../libssl-dev_3.0.13-0ubuntu3.16_amd64.deb ...
2026-10-04T06:12:50.0516012Z Unpacking libssl-dev:amd64 (3.0.13-0ubuntu3.16) over (3.0.13-0ubuntu3.15) ...
2026-10-04T06:12:50.2752312Z Preparing to unpack .../libssl3t64_3.0.13-0ubuntu3.16_amd64.deb ...
2026-10-04T06:12:50.2797979Z Unpacking libssl3t64:amd64 (3.0.13-0ubuntu3.16) over (3.0.13-0ubuntu3.15) ...
2026-10-04T06:12:50.4022254Z Setting up libssl3t64:amd64 (3.0.13-0ubuntu3.16) ...
2026-10-04T06:12:50.4386264Z (Reading database ... 
2026-10-04T06:12:50.4386958Z (Reading database ... 5%
2026-10-04T06:12:50.4387456Z (Reading database ... 10%
2026-10-04T06:12:50.4388218Z (Reading database ... 15%
2026-10-04T06:12:50.4388567Z (Reading database ... 20%
2026-10-04T06:12:50.4388844Z (Reading database ... 25%
2026-10-04T06:12:50.4389667Z (Reading database ... 30%
2026-10-04T06:12:50.4390049Z (Reading database ... 35%
2026-10-04T06:12:50.4390356Z (Reading database ... 40%
2026-10-04T06:12:50.4390665Z (Reading database ... 45%
2026-10-04T06:12:50.4390993Z (Reading database ... 50%
2026-10-04T06:12:50.4394062Z (Reading database ... 55%
2026-10-04T06:12:50.4498532Z (Reading database ... 60%
2026-10-04T06:12:50.4524244Z (Reading database ... 65%
2026-10-04T06:12:50.4543395Z (Reading database ... 70%
2026-10-04T06:12:50.4579084Z (Reading database ... 75%
2026-10-04T06:12:50.4612033Z (Reading database ... 80%
2026-10-04T06:12:50.4638227Z (Reading database ... 85%
2026-10-04T06:12:50.4807808Z (Reading database ... 90%
2026-10-04T06:12:50.5124165Z (Reading database ... 95%
2026-10-04T06:12:50.5124775Z (Reading database ... 100%
2026-10-04T06:12:50.5125636Z (Reading database ... 202296 files and directories currently installed.)
2026-10-04T06:12:50.5169857Z Preparing to unpack .../openssl_3.0.13-0ubuntu3.16_amd64.deb ...
2026-10-04T06:12:50.5203372Z Unpacking openssl (3.0.13-0ubuntu3.16) over (3.0.13-0ubuntu3.15) ...
2026-10-04T06:12:50.6472482Z Selecting previously unselected package build-essential.
2026-10-04T06:12:50.6603969Z Preparing to unpack .../build-essential_12.10ubuntu1_amd64.deb ...
2026-10-04T06:12:50.6616474Z Unpacking build-essential (12.10ubuntu1) ...
2026-10-04T06:12:50.6787039Z Selecting previously unselected package just.
2026-10-04T06:12:50.6910071Z Preparing to unpack .../just_1.21.0-1_amd64.deb ...
2026-10-04T06:12:50.6922379Z Unpacking just (1.21.0-1) ...
2026-10-04T06:12:50.7870038Z Setting up just (1.21.0-1) ...
2026-10-04T06:12:50.7902462Z Setting up libssl-dev:amd64 (3.0.13-0ubuntu3.16) ...
2026-10-04T06:12:50.7926722Z Setting up build-essential (12.10ubuntu1) ...
2026-10-04T06:12:50.7949501Z Setting up openssl (3.0.13-0ubuntu3.16) ...
2026-10-04T06:12:50.7998684Z Processing triggers for man-db (2.12.0-4build2) ...
2026-10-04T06:12:50.8020565Z Not building database; man-db/auto-update is not 'true'.
2026-10-04T06:12:50.8035704Z Processing triggers for libc-bin (2.39-0ubuntu8.9) ...
2026-10-04T06:12:51.8548199Z 
2026-10-04T06:12:51.8549078Z Running kernel seems to be up-to-date.
2026-10-04T06:12:51.8549661Z 
2026-10-04T06:12:51.8549826Z Restarting services...
2026-10-04T06:12:51.8912342Z  /etc/needrestart/restart.d/systemd-manager
2026-10-04T06:12:52.1576504Z  systemctl restart packagekit.service php8.3-fpm.service systemd-journald.service systemd-networkd.service systemd-resolved.service systemd-udevd.service udisks2.service
2026-10-04T06:12:52.3126050Z 
2026-10-04T06:12:52.3126938Z Service restarts being deferred:
2026-10-04T06:12:52.3127816Z  systemctl restart hosted-compute-agent.service
2026-10-04T06:12:52.3128479Z  systemctl restart systemd-logind.service
2026-10-04T06:12:52.3129043Z  systemctl restart walinuxagent.service
2026-10-04T06:12:52.3129375Z 
2026-10-04T06:12:52.3129574Z No containers need to be restarted.
2026-10-04T06:12:52.3129884Z 
2026-10-04T06:12:52.3130040Z User sessions running outdated binaries:
2026-10-04T06:12:52.3130540Z  runner @ user manager service: systemd[1166]
2026-10-04T06:12:52.3215157Z 
2026-10-04T06:12:52.3216400Z No VM guests are running outdated hypervisor (qemu) binaries on this host.
2026-10-04T06:12:53.2900568Z just 1.21.0
2026-10-04T06:12:53.2956598Z ##[group]Run bash tools/ci/install-gerbil-v19-release.sh "$GERBIL_RELEASE_ROOT"
2026-10-04T06:12:53.2957223Z [36;1mbash tools/ci/install-gerbil-v19-release.sh "$GERBIL_RELEASE_ROOT"[0m
2026-10-04T06:12:53.3002155Z shell: /usr/bin/bash -e {0}
2026-10-04T06:12:53.3002548Z env:
2026-10-04T06:12:53.3003093Z   GERBIL_RELEASE_ROOT: /home/runner/work/gerbil-ascent/gerbil-ascent/.ci/gerbil-release/v19
2026-10-04T06:12:53.3003591Z ##[endgroup]
2026-10-04T06:12:53.5039716Z   % Total    % Received % Xferd  Average Speed   Time    Time     Time  Current
2026-10-04T06:12:53.5044970Z                                  Dload  Upload   Total   Spent    Left  Speed
2026-10-04T06:12:53.5045318Z 
2026-10-04T06:12:53.7019545Z   0     0    0     0    0     0      0      0 --:--:-- --:--:-- --:--:--     0
2026-10-04T06:12:53.7020025Z   0     0    0     0    0     0      0      0 --:--:-- --:--:-- --:--:--     0
2026-10-04T06:12:54.4198193Z 
2026-10-04T06:12:54.7964680Z  54  110M   54 60.0M    0     0  65.5M      0  0:00:01 --:--:--  0:00:01 65.5M
2026-10-04T06:12:54.7965305Z 100  110M  100  110M    0     0  85.2M      0  0:00:01  0:00:01 --:--:--  133M
2026-10-04T06:12:55.2512627Z /home/runner/work/_temp/gerbil-v0.19-2591dcd9b7c6d2c4e9dd8611a17c5b1a5d82bbdb-linux-x86_64-portable-full-single-host-unlimited-patchf5cedd8168cb.tar.gz: OK
2026-10-04T06:12:59.0708692Z Gerbil 2591dcd on Gambit dcd677c
2026-10-04T06:12:59.1748942Z gerbil-ready
2026-10-04T06:12:59.1823034Z ##[group]Run mkdir -p "$HOME/.gerbil/pkg"
2026-10-04T06:12:59.1823475Z [36;1mmkdir -p "$HOME/.gerbil/pkg"[0m
2026-10-04T06:12:59.1823960Z [36;1mgerbil pkg dir --add git.cons.io/mighty-gerbils/gerbil-directory[0m
2026-10-04T06:12:59.1824430Z [36;1mgerbil deps --install[0m
2026-10-04T06:12:59.1825179Z [36;1mgerbil env gerbil interactive -e '(begin (import :asp-gerbil-scheme/building-api :asp-gerbil-scheme/benchmark-api) (displayln "ascent-dependencies-ready"))'[0m
2026-10-04T06:12:59.1869347Z shell: /usr/bin/bash -e {0}
2026-10-04T06:12:59.1869714Z env:
2026-10-04T06:12:59.1870181Z   GERBIL_RELEASE_ROOT: /home/runner/work/gerbil-ascent/gerbil-ascent/.ci/gerbil-release/v19
2026-10-04T06:12:59.1870855Z   GERBIL_PREFIX: /home/runner/work/gerbil-ascent/gerbil-ascent/.ci/gerbil-release/v19
2026-10-04T06:12:59.1871475Z   GERBIL_HOME: /home/runner/work/gerbil-ascent/gerbil-ascent/.ci/gerbil-release/v19/current
2026-10-04T06:12:59.1872972Z   GAMBOPT: ~~=/home/runner/work/gerbil-ascent/gerbil-ascent/.ci/gerbil-release/v19/current,~~bin=/home/runner/work/gerbil-ascent/gerbil-ascent/.ci/gerbil-release/v19/current/bin,~~lib=/home/runner/work/gerbil-ascent/gerbil-ascent/.ci/gerbil-release/v19/current/lib
2026-10-04T06:12:59.1874084Z ##[endgroup]
2026-10-04T06:12:59.9531266Z *** WARNING module std/net/request is DEPRECATED and will be removed in the future
2026-10-04T06:13:06.1519274Z ... compile support/base
2026-10-04T06:13:10.5728452Z ... compile support/debug
2026-10-04T06:13:11.1218740Z ... compile support/io
2026-10-04T06:13:12.5565365Z ... compile support/json
2026-10-04T06:13:12.9942368Z ... compile support/list
2026-10-04T06:13:13.2445067Z ... compile support/option
2026-10-04T06:13:13.6573192Z ... compile support/rationaldict
2026-10-04T06:13:14.3232029Z ... compile support/repr
2026-10-04T06:13:14.6980637Z ... compile support/syntax
2026-10-04T06:13:15.1283206Z ... compile object
2026-10-04T06:13:20.0675998Z ... compile proto
2026-10-04T06:13:20.3577336Z ... compile support/testing
2026-10-04T06:13:20.8478485Z ... compile brace
2026-10-04T06:13:21.1465206Z ... compile cli
2026-10-04T06:13:21.6021278Z ... compile mop
2026-10-04T06:13:24.2670129Z ... compile io
2026-10-04T06:13:27.1741360Z ... compile t/table-testing
2026-10-04T06:13:30.8455014Z ... compile number
2026-10-04T06:13:32.1878868Z ... compile type
2026-10-04T06:13:35.5154481Z ... compile fq
2026-10-04T06:13:36.5780702Z ... compile polynomial
2026-10-04T06:13:38.5343374Z ... compile table
2026-10-04T06:13:40.1326165Z ... compile debug
2026-10-04T06:13:40.8374723Z ... compile fun
2026-10-04T06:13:41.2712682Z ... compile rationaldict
2026-10-04T06:13:41.6439961Z ... compile trie
2026-10-04T06:13:48.9600292Z ... compile types
2026-10-04T06:13:51.6074109Z ... compile object-family/funcs
2026-10-04T06:13:51.8676164Z ... compile object-family/syntax
2026-10-04T06:13:58.4718484Z ... compile extension-graph/support/data
2026-10-04T06:13:59.0441016Z ... compile contribution/objects
2026-10-04T06:13:59.4267523Z ... compile contribution/verification
2026-10-04T06:13:59.9348853Z ... compile module-system/schema/support/slot-policy
2026-10-04T06:14:00.2435814Z ... compile module-system/graph/funs
2026-10-04T06:14:00.5457978Z ... compile module-system/funs
2026-10-04T06:14:00.9620413Z ... compile module-system/loader/load-path
2026-10-04T06:14:01.3622983Z ... compile profile-composition/bindings
2026-10-04T06:14:01.6408092Z ... compile observability/slot-presentation
2026-10-04T06:14:02.1266066Z ... compile observability/output
2026-10-04T06:14:02.3947009Z ... compile poo-clos/types
2026-10-04T06:14:03.3280162Z ... compile poo-clos/funcs
2026-10-04T06:14:03.7577383Z ... compile poo-clos/declaration-ir-core
2026-10-04T06:14:06.5021396Z ... compile module-system/schema/slot-contracts
2026-10-04T06:14:06.8779511Z ... compile module-system/schema/relations
2026-10-04T06:14:07.3270816Z ... compile observability/types
2026-10-04T06:14:08.4593875Z ... compile object-family/indexed
2026-10-04T06:14:08.9177244Z ... compile module-system/source/objects
2026-10-04T06:14:09.2208731Z ... compile module-system/projection/option-objects
2026-10-04T06:14:09.5745040Z ... compile module-system/observability/diagnostics
2026-10-04T06:14:09.8931265Z ... compile composition/lineage
2026-10-04T06:14:10.2182071Z ... compile extension-graph/support/node-operations
2026-10-04T06:14:10.7056751Z ... compile poo-clos/objects
2026-10-04T06:14:12.3716449Z ... compile poo-clos/lambda-list
2026-10-04T06:14:12.7402786Z ... compile poo-clos/class-declaration-ir
2026-10-04T06:14:13.2523342Z ... compile poo-clos/method-combination-declaration-ir
2026-10-04T06:14:13.7855062Z ... compile module-system/types
2026-10-04T06:14:14.1740293Z ... compile observability/funcs
2026-10-04T06:14:14.9737996Z ... compile object-family/interface
2026-10-04T06:14:15.1122694Z ... compile module-system/loader/objects
2026-10-04T06:14:15.6143978Z ... compile module-system/catalog/objects
2026-10-04T06:14:15.9906769Z ... compile extension-graph/support/operation
2026-10-04T06:14:16.4932801Z ... compile poo-clos/method-combination
2026-10-04T06:14:16.9213395Z ... compile poo-clos/generic-evolution
2026-10-04T06:14:17.3193707Z ... compile poo-clos/mop
2026-10-04T06:14:17.6222244Z ... compile poo-clos/classes
2026-10-04T06:14:18.7458129Z ... compile poo-clos/declaration-ir
2026-10-04T06:14:18.8855825Z ... compile module-system/objects
2026-10-04T06:14:19.1858103Z ... compile module-system/config
2026-10-04T06:14:19.5897587Z ... compile profile-composition/profile-bundle
2026-10-04T06:14:21.2861673Z ... compile observability/slot-debug
2026-10-04T06:14:21.9576936Z ... compile observability/objects
2026-10-04T06:14:22.7738884Z ... compile extension-graph/support/apply
2026-10-04T06:14:23.4596426Z ... compile poo-clos/model
2026-10-04T06:14:23.7698342Z ... compile poo-clos/evolution
2026-10-04T06:14:24.1702316Z ... compile poo-clos/instance-state
2026-10-04T06:14:24.5730723Z ... compile poo-clos/dispatch
2026-10-04T06:14:25.6157707Z ... compile module-system/projection/option-validation
2026-10-04T06:14:25.9193350Z ... compile profile-composition/selection-syntax
2026-10-04T06:14:26.2600128Z ... compile observability/debug
2026-10-04T06:14:27.7484201Z ... compile extension-graph/interface
2026-10-04T06:14:27.8904179Z ... compile poo-clos/lifecycle
2026-10-04T06:14:28.7071296Z ... compile observability/testing-case
2026-10-04T06:14:29.2864633Z ... compile module-system/schema/support/contracts
2026-10-04T06:14:29.8266453Z ... compile poo-clos/reflection
2026-10-04T06:14:30.2782405Z ... compile poo-clos/load-form
2026-10-04T06:14:30.6696758Z ... compile poo-clos/syntax
2026-10-04T06:14:36.0725992Z ... compile module-system/schema/support/object-slots
2026-10-04T06:14:36.3936857Z ... compile module-system/schema/support/field-resolution
2026-10-04T06:14:36.9756085Z ... compile poo-clos/interface
2026-10-04T06:14:37.1315781Z ... compile module-system/schema/support/object
2026-10-04T06:14:37.8089869Z ... compile module-system/schema/interface
2026-10-04T06:14:37.9536929Z ... compile module-system/schema/validation
2026-10-04T06:14:44.0053545Z ... compile src/build-api/core-capacity.ss
2026-10-04T06:14:44.0163938Z ... compile src/build-api/module-artifacts.ss
2026-10-04T06:14:45.0212740Z ... compile src/build-api/native-spec-support.ss
2026-10-04T06:14:45.1514276Z ... compile src/build-api/resident-import-footprint.ss
2026-10-04T06:14:45.1627854Z ... compile src/build-api/package-build.ss
2026-10-04T06:14:45.1746862Z ... compile src/support/list.ss
2026-10-04T06:14:45.1831259Z ... compile src/support/time.ss
2026-10-04T06:14:45.2192752Z ... compile src/support/args.ss
2026-10-04T06:14:45.2359973Z ... compile src/language/evidence.ss
2026-10-04T06:14:45.2781346Z ... compile src/extensions/model.ss
2026-10-04T06:14:45.4094532Z ... compile src/extensions/poo-pattern-support.ss
2026-10-04T06:14:45.4294077Z ... compile src/extensions/poo-source-ref-validation.ss
2026-10-04T06:14:45.4728696Z ... compile src/policy/model.ss
2026-10-04T06:14:45.4854423Z ... compile src/policy/prototype.ss
2026-10-04T06:14:46.2138176Z ... compile src/policy/agent-poo-callees.ss
2026-10-04T06:14:46.2375110Z ... compile src/policy/agent-style-steering.ss
2026-10-04T06:14:46.2603745Z ... compile src/policy/agent-style-shape-config.ss
2026-10-04T06:14:46.2817288Z ... compile src/utilities/functional.ss
2026-10-04T06:14:46.3074363Z ... compile src/utilities/contract-syntax.ss
2026-10-04T06:14:46.3398641Z ... compile src/utilities/contracts.ss
2026-10-04T06:14:46.3782539Z ... compile src/parser/model.ss
2026-10-04T06:14:46.4572838Z ... compile src/parser/source-class.ss
2026-10-04T06:14:46.6263308Z ... compile src/parser/list-prefix.ss
2026-10-04T06:14:46.6653894Z ... compile src/parser/typed-contract-scheme-expression.ss
2026-10-04T06:14:46.7095049Z ... compile src/parser/typed-contract-token.ss
2026-10-04T06:14:46.7374805Z ... compile src/parser/reader.ss
2026-10-04T06:14:46.7823883Z ... compile src/parser/support.ss
2026-10-04T06:14:46.8171703Z ... compile src/parser/typed-comment-docs.ss
2026-10-04T06:14:46.8485067Z ... compile src/testing/import-footprint-reader.ss
2026-10-04T06:14:46.8760501Z ... compile src/benchmark/memory.ss
2026-10-04T06:14:46.9011584Z ... compile src/benchmark/statistics.ss
2026-10-04T06:14:46.9270475Z ... compile src/benchmark/report.ss
2026-10-04T06:14:46.9531651Z ... compile src/constants.ss
2026-10-04T06:14:46.9775762Z ... compile src/runtime/provider-http-json-client.ss
2026-10-04T06:14:47.1041626Z ... compile src/object-family/syntax.ss
2026-10-04T06:14:47.2441554Z ... compile src/types/findings.ss
2026-10-04T06:14:47.2810616Z ... compile src/types/model-syntax.ss
2026-10-04T06:14:47.3294027Z ... compile src/protocol/support.ss
2026-10-04T06:14:47.3590950Z ... compile src/protocol/json-output.ss
2026-10-04T06:14:47.3868222Z ... compile src/policy/test-scope.ss
2026-10-04T06:14:47.4149301Z ... compile src/build-api/native-import-closure.ss
2026-10-04T06:14:47.4607094Z ... compile src/parser/profile.ss
2026-10-04T06:14:47.4939909Z ... compile src/benchmark/fixture-model.ss
2026-10-04T06:14:47.5247870Z ... compile src/extensions/poo-pattern-typeclass.ss
2026-10-04T06:14:47.5549879Z ... compile src/policy/catalog.ss
2026-10-04T06:14:47.7223762Z ... compile src/utilities/projection.ss
2026-10-04T06:14:47.7543644Z ... compile src/format/core.ss
2026-10-04T06:14:47.7981235Z ... compile src/parser/formals.ss
2026-10-04T06:14:47.8581054Z ... compile src/parser/package.ss
2026-10-04T06:14:47.8908046Z ... compile src/testing/extension.ss
2026-10-04T06:14:47.9576772Z ... compile src/benchmark/micro-kernel.ss
2026-10-04T06:14:47.9988898Z ... compile src/snapshot/bench.ss
2026-10-04T06:14:48.0306480Z ... compile src/build-api/native-profile.ss
2026-10-04T06:14:48.0637211Z ... compile src/build-api/generated-module-projection.ss
2026-10-04T06:14:48.1014566Z ... compile src/macro-governance/model.ss
2026-10-04T06:14:48.1374046Z ... compile src/protocol/provider-operation-catalog.ss
2026-10-04T06:14:48.1755474Z ... compile src/policy/detection.ss
2026-10-04T06:14:48.2408987Z ... compile src/scenario/benchmark-contract.ss
2026-10-04T06:14:48.2899308Z ... compile src/benchmark/fixture-contract.ss
2026-10-04T06:14:48.3208292Z ... compile src/extensions/poo-patterns.ss
2026-10-04T06:14:48.3707825Z ... compile src/commands/guide-sections.ss
2026-10-04T06:14:48.4156938Z ... compile src/policy/repair-diagnostic.ss
2026-10-04T06:14:48.4562270Z ... compile src/types/model.ss
2026-10-04T06:14:48.5281487Z ... compile src/commands/project-resolution.ss
2026-10-04T06:14:48.6335822Z ... compile testing-api.ss
2026-10-04T06:14:48.7886789Z ... compile src/testing/discovery-runner.ss
2026-10-04T06:14:48.8512479Z ... compile src/testing/debug-trace.ss
2026-10-04T06:14:48.8863626Z ... compile src/testing/source-admission.ss
2026-10-04T06:14:48.9546830Z ... compile src/build-api/generated-artifact.ss
2026-10-04T06:14:49.0065141Z ... compile src/build-api/package-spec.ss
2026-10-04T06:14:49.0744469Z ... compile src/benchmark/gate.ss
2026-10-04T06:14:49.1142943Z ... compile src/extensions/poo-validation.ss
2026-10-04T06:14:49.1677561Z ... compile src/policy/poo-source.ss
2026-10-04T06:14:49.2017583Z ... compile src/policy/repair-report.ss
2026-10-04T06:14:49.2617316Z ... compile src/types/subtyping.ss
2026-10-04T06:14:49.3266547Z ... compile src/types/signatures.ss
2026-10-04T06:14:49.3817549Z ... compile src/types/validation-union.ss
2026-10-04T06:14:49.4152188Z ... compile testing-runner-api.ss
2026-10-04T06:14:49.4482014Z ... compile testing-debug-api.ss
2026-10-04T06:14:49.4800668Z ... compile testing-source-admission-api.ss
2026-10-04T06:14:49.5119951Z ... compile building-api.ss
2026-10-04T06:14:49.5437045Z ... compile src/build-api/source-bootstrap.ss
2026-10-04T06:14:49.5752346Z ... compile src/testing/performance.ss
2026-10-04T06:14:49.6102125Z ... compile src/benchmark/framework.ss
2026-10-04T06:14:49.6652652Z ... compile src/policy/repair.ss
2026-10-04T06:14:49.6994012Z ... compile src/types/validation.ss
2026-10-04T06:14:49.7824040Z ... compile benchmark-api.ss
2026-10-04T06:14:49.8226605Z ... compile src/extensions/poo-object-validation.ss
2026-10-04T06:14:49.8611239Z ... compile src/parser/typed-contract-scheme.ss
2026-10-04T06:14:50.0763950Z ... compile src/language/compare.ss
2026-10-04T06:14:50.1449920Z ... compile src/parser/runtime-contract.ss
2026-10-04T06:14:50.2297868Z ... compile src/support/io.ss
2026-10-04T06:14:50.2433795Z ... compile src/parser/selectors.ss
2026-10-04T06:14:50.2434835Z ... compile src/parser/comment-quality-classifier.ss
2026-10-04T06:14:50.4045862Z ... compile src/parser/quality-shape-loop-driver.ss
2026-10-04T06:14:50.4447761Z ... compile src/parser/function-quality-signals.ss
2026-10-04T06:14:50.4831439Z ... compile src/parser/syntax-macro-family.ss
2026-10-04T06:14:50.5226155Z ... compile src/parser/poo.ss
2026-10-04T06:14:50.6133849Z ... compile src/parser/exports.ss
2026-10-04T06:14:50.6900670Z ... compile src/parser/dependency-adapter-quality.ss
2026-10-04T06:14:50.7749483Z ... compile src/parser/syntax-ast.ss
2026-10-04T06:14:50.8283764Z ... compile src/parser/imports.ss
2026-10-04T06:14:50.8703578Z ... compile src/types/source-findings.ss
2026-10-04T06:14:50.9074524Z ... compile src/parser/source-scope.ss
2026-10-04T06:14:50.9548330Z ... compile src/types/env.ss
2026-10-04T06:14:51.1527555Z ... compile src/parser/comment-quality.ss
2026-10-04T06:14:51.2439098Z ... compile src/parser/syntax-support.ss
2026-10-04T06:14:51.2985847Z ... compile src/types/core.ss
2026-10-04T06:14:51.3738255Z ... compile src/parser/definition-syntax.ss
2026-10-04T06:14:51.4104974Z ... compile src/parser/syntax-calls.ss
2026-10-04T06:14:51.4682744Z ... compile src/types/facade.ss
2026-10-04T06:14:51.5056349Z ... compile src/parser/exact-owner.ss
2026-10-04T06:14:51.5416716Z ... compile src/parser/syntax.ss
2026-10-04T06:14:51.6009889Z ... compile src/commands/projection-batch.ss
2026-10-04T06:14:51.6809873Z ... compile src/parser/quality-shape.ss
2026-10-04T06:14:51.7897976Z ... compile src/parser/control-flow.ss
2026-10-04T06:14:51.8550167Z ... compile src/parser/owner-items.ss
2026-10-04T06:14:51.9272676Z ... compile src/parser/higher-order.ss
2026-10-04T06:14:51.9963121Z ... compile src/exact-source-projection.ss
2026-10-04T06:14:52.0710729Z ... compile src/parser/function-quality.ss
2026-10-04T06:14:52.1467417Z ... compile src/format/files.ss
2026-10-04T06:14:52.1856863Z ... compile src/parser/typed-comment-metadata.ss
2026-10-04T06:14:52.2763330Z ... compile src/format/facade.ss
2026-10-04T06:14:52.3208550Z ... compile src/parser/typed-contract-diagnostics.ss
2026-10-04T06:14:52.5058572Z ... compile src/parser/typed-contract-comment-index.ss
2026-10-04T06:14:52.6148564Z ... compile src/parser/typed-contract.ss
2026-10-04T06:14:52.7033976Z ... compile src/parser/source-file.ss
2026-10-04T06:14:52.7720660Z ... compile src/parser/parse-workers.ss
2026-10-04T06:14:52.8241042Z ... compile src/parser/test-source-scope.ss
2026-10-04T06:14:52.8622375Z ... compile src/parser/core.ss
2026-10-04T06:14:52.9025239Z ... compile src/parser/facade.ss
2026-10-04T06:14:52.9395232Z ... compile src/package-manager/core.ss
2026-10-04T06:14:52.9543833Z ... compile src/policy/agent-basic-loop-support.ss
2026-10-04T06:14:52.9544606Z ... compile src/policy/agent-support.ss
2026-10-04T06:14:53.0538333Z ... compile src/policy/agent-style-message.ss
2026-10-04T06:14:53.0935139Z ... compile src/policy/agent-style-destructuring-signals.ss
2026-10-04T06:14:53.1346187Z ... compile src/policy/agent-style-gerbil-signal-support.ss
2026-10-04T06:14:53.1743719Z ... compile src/policy/agent-poo-loop-support.ss
2026-10-04T06:14:53.2122740Z ... compile src/parser/language-projection.ss
2026-10-04T06:14:53.2738258Z ... compile src/snapshot/support.ss
2026-10-04T06:14:53.3135476Z ... compile src/policy/agent-style-performance-signals.ss
2026-10-04T06:14:53.3523375Z ... compile src/parser/query.ss
2026-10-04T06:14:53.3954057Z ... compile src/policy/dependency-adapter-profile.ss
2026-10-04T06:14:53.4388907Z ... compile src/policy/agent-poo-object-literal.ss
2026-10-04T06:14:53.4980520Z ... compile src/policy/agent-build.ss
2026-10-04T06:14:53.5630984Z ... compile src/policy/agent-string-growth.ss
2026-10-04T06:14:53.6074925Z ... compile src/policy/agent-list-random-access.ss
2026-10-04T06:14:53.6489046Z ... compile src/policy/modularity.ss
2026-10-04T06:14:53.7208913Z ... compile src/policy/agent-list-growth.ss
2026-10-04T06:14:53.7677033Z ... compile src/policy/agent-alist-access.ss
2026-10-04T06:14:53.8077435Z ... compile src/policy/agent-macro-io.ss
2026-10-04T06:14:53.8482119Z ... compile src/policy/agent-anonymous-pair.ss
2026-10-04T06:14:53.8892150Z ... compile src/policy/agent-source-scope.ss
2026-10-04T06:14:54.0666871Z ... compile src/protocol/function-quality-facts.ss
2026-10-04T06:14:54.1067360Z ... compile src/protocol/quality-shape-facts.ss
2026-10-04T06:14:54.1489030Z ... compile src/language/capability.ss
2026-10-04T06:14:54.1958623Z ... compile src/protocol/registry.ss
2026-10-04T06:14:54.2386453Z ... compile src/policy/agent-package-build-system.ss
2026-10-04T06:14:54.2819089Z ... compile src/policy/repair-calibration.ss
2026-10-04T06:14:54.3699867Z ... compile src/commands/guide.ss
2026-10-04T06:14:54.4698925Z ... compile src/policy/agent-style-docs.ss
2026-10-04T06:14:54.5823356Z ... compile src/policy/agent-comment.ss
2026-10-04T06:14:54.6259274Z ... compile src/policy/agent-import.ss
2026-10-04T06:14:54.6689137Z ... compile src/policy/agent-style-gerbil-boundary-signals.ss
2026-10-04T06:14:54.7181545Z ... compile src/policy/gerbil-utils-source.ss
2026-10-04T06:14:54.7722239Z ... compile src/policy/agent-style-gerbil-macro-signals.ss
2026-10-04T06:14:54.8243358Z ... compile src/snapshot/parser.ss
2026-10-04T06:14:54.8792568Z ... compile src/policy/agent-dependency-adapter.ss
2026-10-04T06:14:54.9487000Z ... compile src/policy/agent-poo-loop-performance.ss
2026-10-04T06:14:55.0241005Z ... compile src/protocol/structural-facts.ss
2026-10-04T06:14:55.1087396Z ... compile src/language/facade.ss
2026-10-04T06:14:55.1578436Z ... compile src/policy/agent-build-runtime.ss
2026-10-04T06:14:55.3445379Z ... compile src/policy/agent-style-shape.ss
2026-10-04T06:14:55.4003559Z ... compile src/policy/agent-macro-protocol.ss
2026-10-04T06:14:55.4787310Z ... compile src/policy/agent-style-gerbil-signals.ss
2026-10-04T06:14:55.5311221Z ... compile src/policy/agent-poo.ss
2026-10-04T06:14:55.5874930Z ... compile src/protocol/structural-index.ss
2026-10-04T06:14:55.6677436Z ... compile src/macro-governance/admission.ss
2026-10-04T06:14:55.7201058Z ... compile src/policy/agent-style-quality.ss
2026-10-04T06:14:55.7875016Z ... compile src/policy/agent-style-details.ss
2026-10-04T06:14:55.8343017Z ... compile src/policy/agent-basic.ss
2026-10-04T06:14:55.9118775Z ... compile src/commands/projection.ss
2026-10-04T06:14:55.9612098Z ... compile src/macro-governance/facade.ss
2026-10-04T06:14:56.0021211Z ... compile src/policy/agent-style.ss
2026-10-04T06:14:56.0906736Z ... compile src/policy/streaming.ss
2026-10-04T06:14:56.1375204Z ... compile src/policy/agent.ss
2026-10-04T06:14:56.1809558Z ... compile src/policy/core.ss
2026-10-04T06:14:56.2237379Z ... compile src/package-manager/facade.ss
2026-10-04T06:14:56.2654658Z ... compile src/policy/gxtest-runtime.ss
2026-10-04T06:14:56.2825028Z ... compile src/build-api/policy-runner.ss
2026-10-04T06:14:56.3522167Z ... compile src/policy/facade.ss
2026-10-04T06:14:56.3941246Z ... compile src/policy/gxtest-report.ss
2026-10-04T06:14:56.4123455Z ... compile src/scenario/policy.ss
2026-10-04T06:14:56.5413099Z ... compile src/policy/gxtest.ss
2026-10-04T06:14:56.6005544Z ... compile policy-api.ss
2026-10-04T06:14:56.6422674Z ... compile src/extensions/poo-inheritance.ss
2026-10-04T06:14:56.6909154Z ... compile src/extensions/poo.ss
2026-10-04T06:14:56.8814648Z ... compile src/extensions/core.ss
2026-10-04T06:14:56.9230509Z ... compile src/extensions/facade.ss
2026-10-04T06:14:56.9643022Z ... compile src/snapshot/core.ss
2026-10-04T06:14:56.9774636Z ... compile src/protocol/json.ss
2026-10-04T06:14:57.0822102Z ... compile src/snapshot/graph.ss
2026-10-04T06:14:57.1311115Z ... compile src/runtime/provider-semantic-evidence.ss
2026-10-04T06:14:57.1473135Z ... compile src/commands/fmt.ss
2026-10-04T06:14:57.2441454Z ... compile src/commands/info.ss
2026-10-04T06:14:57.2893385Z ... compile src/commands/agent.ss
2026-10-04T06:14:57.3361204Z ... compile src/snapshot/facade.ss
2026-10-04T06:14:57.8935802Z ... execute compile job (compile-file /home/runner/work/gerbil-ascent/gerbil-ascent/.gerbil/lib/asp-gerbil-scheme/src/build-api/module-artifacts~0.scm)
2026-10-04T06:14:57.8937902Z ... execute compile job (compile-file /home/runner/work/gerbil-ascent/gerbil-ascent/.gerbil/lib/asp-gerbil-scheme/src/build-api/module-artifacts.scm)
2026-10-04T06:14:57.8953525Z ... execute compile job (compile-file /home/runner/work/gerbil-ascent/gerbil-ascent/.gerbil/lib/asp-gerbil-scheme/src/build-api/core-capacity~0.scm)
2026-10-04T06:14:57.8955281Z ... execute compile job (compile-file /home/runner/work/gerbil-ascent/gerbil-ascent/.gerbil/lib/asp-gerbil-scheme/src/build-api/core-capacity.scm)
2026-10-04T06:14:57.8956955Z ... execute compile job (compile-file /home/runner/work/gerbil-ascent/gerbil-ascent/.gerbil/lib/asp-gerbil-scheme/src/build-api/resident-import-footprint~0.scm)
2026-10-04T06:14:57.8958587Z ... execute compile job (compile-file /home/runner/work/gerbil-ascent/gerbil-ascent/.gerbil/lib/asp-gerbil-scheme/src/build-api/resident-import-footprint.scm)
2026-10-04T06:14:58.4652689Z ... execute compile job (compile-file /home/runner/work/gerbil-ascent/gerbil-ascent/.gerbil/lib/asp-gerbil-scheme/src/build-api/native-spec-support~0.scm)
2026-10-04T06:14:58.4655106Z ... execute compile job (compile-file /home/runner/work/gerbil-ascent/gerbil-ascent/.gerbil/lib/asp-gerbil-scheme/src/build-api/native-spec-support.scm)
2026-10-04T06:14:58.4657484Z ... execute compile job (compile-file /home/runner/work/gerbil-ascent/gerbil-ascent/.gerbil/lib/asp-gerbil-scheme/src/support/list~0.scm)
2026-10-04T06:14:58.4659324Z ... execute compile job (compile-file /home/runner/work/gerbil-ascent/gerbil-ascent/.gerbil/lib/asp-gerbil-scheme/src/support/list.scm)
2026-10-04T06:14:58.4661197Z ... execute compile job (compile-file /home/runner/work/gerbil-ascent/gerbil-ascent/.gerbil/lib/asp-gerbil-scheme/src/build-api/package-build~0.scm)
2026-10-04T06:14:58.4663180Z ... execute compile job (compile-file /home/runner/work/gerbil-ascent/gerbil-ascent/.gerbil/lib/asp-gerbil-scheme/src/build-api/package-build.scm)
2026-10-04T06:14:58.4664890Z ... execute compile job (compile-file /home/runner/work/gerbil-ascent/gerbil-ascent/.gerbil/lib/asp-gerbil-scheme/src/support/args~0.scm)
2026-10-04T06:14:58.9401398Z ... execute compile job (compile-file /home/runner/work/gerbil-ascent/gerbil-ascent/.gerbil/lib/asp-gerbil-scheme/src/support/args.scm)
2026-10-04T06:14:58.9403348Z ... execute compile job (compile-file /home/runner/work/gerbil-ascent/gerbil-ascent/.gerbil/lib/asp-gerbil-scheme/src/support/time~0.scm)
2026-10-04T06:14:58.9404945Z ... execute compile job (compile-file /home/runner/work/gerbil-ascent/gerbil-ascent/.gerbil/lib/asp-gerbil-scheme/src/support/time.scm)
2026-10-04T06:14:58.9406913Z ... execute compile job (compile-file /home/runner/work/gerbil-ascent/gerbil-ascent/.gerbil/lib/asp-gerbil-scheme/src/extensions/poo-source-ref-validation~0.scm)
2026-10-04T06:14:58.9408634Z ... execute compile job (compile-file /home/runner/work/gerbil-ascent/gerbil-ascent/.gerbil/lib/asp-gerbil-scheme/src/extensions/poo-source-ref-validation.scm)
2026-10-04T06:14:58.9410410Z ... execute compile job (compile-file /home/runner/work/gerbil-ascent/gerbil-ascent/.gerbil/lib/asp-gerbil-scheme/src/extensions/poo-pattern-support~0.scm)
2026-10-04T06:14:58.9412579Z ... execute compile job (compile-file /home/runner/work/gerbil-ascent/gerbil-ascent/.gerbil/lib/asp-gerbil-scheme/src/extensions/poo-pattern-support.scm)
2026-10-04T06:14:59.5235939Z ... execute compile job (compile-file /home/runner/work/gerbil-ascent/gerbil-ascent/.gerbil/lib/asp-gerbil-scheme/src/policy/model~0.scm)
2026-10-04T06:14:59.5237786Z ... execute compile job (compile-file /home/runner/work/gerbil-ascent/gerbil-ascent/.gerbil/lib/asp-gerbil-scheme/src/policy/model.scm)
2026-10-04T06:14:59.5242558Z ... execute compile job (compile-file /home/runner/work/gerbil-ascent/gerbil-ascent/.gerbil/lib/asp-gerbil-scheme/src/policy/model~1.scm)
2026-10-04T06:14:59.5263621Z ... execute compile job (compile-file /home/runner/work/gerbil-ascent/gerbil-ascent/.gerbil/lib/asp-gerbil-scheme/src/policy/prototype~0.scm)
2026-10-04T06:14:59.5303563Z ... execute compile job (compile-file /home/runner/work/gerbil-ascent/gerbil-ascent/.gerbil/lib/asp-gerbil-scheme/src/policy/prototype.scm)
2026-10-04T06:14:59.5333381Z ... execute compile job (compile-file /home/runner/work/gerbil-ascent/gerbil-ascent/.gerbil/lib/asp-gerbil-scheme/src/policy/agent-poo-callees~0.scm)
2026-10-04T06:14:59.5363119Z ... execute compile job (compile-file /home/runner/work/gerbil-ascent/gerbil-ascent/.gerbil/lib/asp-gerbil-scheme/src/policy/agent-poo-callees.scm)
2026-10-04T06:15:00.0000448Z ... execute compile job (compile-file /home/runner/work/gerbil-ascent/gerbil-ascent/.gerbil/lib/asp-gerbil-scheme/src/policy/agent-style-steering~0.scm)
2026-10-04T06:15:00.0024042Z ... execute compile job (compile-file /home/runner/work/gerbil-ascent/gerbil-ascent/.gerbil/lib/asp-gerbil-scheme/src/policy/agent-style-steering.scm)
2026-10-04T06:15:00.0053508Z ... execute compile job (compile-file /home/runner/work/gerbil-ascent/gerbil-ascent/.gerbil/lib/asp-gerbil-scheme/src/policy/agent-style-shape-config~0.scm)
2026-10-04T06:15:00.0083359Z ... execute compile job (compile-file /home/runner/work/gerbil-ascent/gerbil-ascent/.gerbil/lib/asp-gerbil-scheme/src/policy/agent-style-shape-config.scm)
2026-10-04T06:15:00.0113368Z ... execute compile job (compile-file /home/runner/work/gerbil-ascent/gerbil-ascent/.gerbil/lib/asp-gerbil-scheme/src/utilities/functional~0.scm)
2026-10-04T06:15:00.0115212Z ... execute compile job (compile-file /home/runner/work/gerbil-ascent/gerbil-ascent/.gerbil/lib/asp-gerbil-scheme/src/utilities/functional.scm)
2026-10-04T06:15:00.0137059Z ... execute compile job (compile-file /home/runner/work/gerbil-ascent/gerbil-ascent/.gerbil/lib/asp-gerbil-scheme/src/utilities/contract-syntax.scm)
2026-10-04T06:15:00.5513846Z ... execute compile job (compile-file /home/runner/work/gerbil-ascent/gerbil-ascent/.gerbil/lib/asp-gerbil-scheme/src/utilities/contract-syntax~1.scm)
2026-10-04T06:15:00.5515618Z ... execute compile job (compile-file /home/runner/work/gerbil-ascent/gerbil-ascent/.gerbil/lib/asp-gerbil-scheme/src/utilities/contracts~0.scm)
2026-10-04T06:15:00.5517353Z ... execute compile job (compile-file /home/runner/work/gerbil-ascent/gerbil-ascent/.gerbil/lib/asp-gerbil-scheme/src/utilities/contracts.scm)
2026-10-04T06:15:00.5519008Z ... execute compile job (compile-file /home/runner/work/gerbil-ascent/gerbil-ascent/.gerbil/lib/asp-gerbil-scheme/src/utilities/contracts~1.scm)
2026-10-04T06:15:00.5520545Z ... execute compile job (compile-file /home/runner/work/gerbil-ascent/gerbil-ascent/.gerbil/lib/asp-gerbil-scheme/src/parser/source-class~0.scm)
2026-10-04T06:15:00.5522602Z ... execute compile job (compile-file /home/runner/work/gerbil-ascent/gerbil-ascent/.gerbil/lib/asp-gerbil-scheme/src/parser/source-class.scm)
2026-10-04T06:15:00.5524073Z ... execute compile job (compile-file /home/runner/work/gerbil-ascent/gerbil-ascent/.gerbil/lib/asp-gerbil-scheme/src/extensions/model~0.scm)
2026-10-04T06:15:01.1624334Z ... execute compile job (compile-file /home/runner/work/gerbil-ascent/gerbil-ascent/.gerbil/lib/asp-gerbil-scheme/src/extensions/model.scm)
2026-10-04T06:15:01.1641073Z ... execute compile job (compile-file /home/runner/work/gerbil-ascent/gerbil-ascent/.gerbil/lib/asp-gerbil-scheme/src/extensions/model~1.scm)
2026-10-04T06:15:01.1663913Z ... execute compile job (compile-file /home/runner/work/gerbil-ascent/gerbil-ascent/.gerbil/lib/asp-gerbil-scheme/src/parser/list-prefix~0.scm)
2026-10-04T06:15:01.1693563Z ... execute compile job (compile-file /home/runner/work/gerbil-ascent/gerbil-ascent/.gerbil/lib/asp-gerbil-scheme/src/parser/list-prefix.scm)
2026-10-04T06:15:01.1723929Z ... execute compile job (compile-file /home/runner/work/gerbil-ascent/gerbil-ascent/.gerbil/lib/asp-gerbil-scheme/src/parser/typed-contract-scheme-expression~0.scm)
2026-10-04T06:15:01.1743834Z ... execute compile job (compile-file /home/runner/work/gerbil-ascent/gerbil-ascent/.gerbil/lib/asp-gerbil-scheme/src/parser/typed-contract-scheme-expression.scm)
2026-10-04T06:15:01.1746272Z ... execute compile job (compile-file /home/runner/work/gerbil-ascent/gerbil-ascent/.gerbil/lib/asp-gerbil-scheme/src/parser/typed-contract-token~0.scm)
2026-10-04T06:15:01.7113993Z ... execute compile job (compile-file /home/runner/work/gerbil-ascent/gerbil-ascent/.gerbil/lib/asp-gerbil-scheme/src/parser/typed-contract-token.scm)
2026-10-04T06:15:01.7143733Z ... execute compile job (compile-file /home/runner/work/gerbil-ascent/gerbil-ascent/.gerbil/lib/asp-gerbil-scheme/src/parser/reader~0.scm)
2026-10-04T06:15:01.7145375Z ... execute compile job (compile-file /home/runner/work/gerbil-ascent/gerbil-ascent/.gerbil/lib/asp-gerbil-scheme/src/parser/reader.scm)
2026-10-04T06:15:01.7166749Z ... execute compile job (compile-file /home/runner/work/gerbil-ascent/gerbil-ascent/.gerbil/lib/asp-gerbil-scheme/src/parser/reader~1.scm)
2026-10-04T06:15:01.7170411Z ... execute compile job (compile-file /home/runner/work/gerbil-ascent/gerbil-ascent/.gerbil/lib/asp-gerbil-scheme/src/parser/support~0.scm)
2026-10-04T06:15:01.7172521Z ... execute compile job (compile-file /home/runner/work/gerbil-ascent/gerbil-ascent/.gerbil/lib/asp-gerbil-scheme/src/parser/support.scm)
2026-10-04T06:15:01.7176083Z ... execute compile job (compile-file /home/runner/work/gerbil-ascent/gerbil-ascent/.gerbil/lib/asp-gerbil-scheme/src/parser/typed-comment-docs~0.scm)
2026-10-04T06:15:02.1526479Z ... execute compile job (compile-file /home/runner/work/gerbil-ascent/gerbil-ascent/.gerbil/lib/asp-gerbil-scheme/src/parser/typed-comment-docs.scm)
2026-10-04T06:15:02.1528961Z ... execute compile job (compile-file /home/runner/work/gerbil-ascent/gerbil-ascent/.gerbil/lib/asp-gerbil-scheme/src/testing/import-footprint-reader~0.scm)
2026-10-04T06:15:02.1531064Z ... execute compile job (compile-file /home/runner/work/gerbil-ascent/gerbil-ascent/.gerbil/lib/asp-gerbil-scheme/src/testing/import-footprint-reader.scm)
2026-10-04T06:15:02.1533439Z ... execute compile job (compile-file /home/runner/work/gerbil-ascent/gerbil-ascent/.gerbil/lib/asp-gerbil-scheme/src/benchmark/memory~0.scm)
2026-10-04T06:15:02.1535249Z ... execute compile job (compile-file /home/runner/work/gerbil-ascent/gerbil-ascent/.gerbil/lib/asp-gerbil-scheme/src/benchmark/memory.scm)
2026-10-04T06:15:02.1536900Z ... execute compile job (compile-file /home/runner/work/gerbil-ascent/gerbil-ascent/.gerbil/lib/asp-gerbil-scheme/src/benchmark/statistics~0.scm)
2026-10-04T06:15:02.1538530Z ... execute compile job (compile-file /home/runner/work/gerbil-ascent/gerbil-ascent/.gerbil/lib/asp-gerbil-scheme/src/benchmark/statistics.scm)
2026-10-04T06:15:02.5463101Z ... execute compile job (compile-file /home/runner/work/gerbil-ascent/gerbil-ascent/.gerbil/lib/asp-gerbil-scheme/src/benchmark/report~0.scm)
2026-10-04T06:15:02.5464985Z ... execute compile job (compile-file /home/runner/work/gerbil-ascent/gerbil-ascent/.gerbil/lib/asp-gerbil-scheme/src/benchmark/report.scm)
2026-10-04T06:15:02.5466472Z ... execute compile job (compile-file /home/runner/work/gerbil-ascent/gerbil-ascent/.gerbil/lib/asp-gerbil-scheme/src/constants~0.scm)
2026-10-04T06:15:02.5467921Z ... execute compile job (compile-file /home/runner/work/gerbil-ascent/gerbil-ascent/.gerbil/lib/asp-gerbil-scheme/src/constants.scm)
2026-10-04T06:15:02.5469398Z ... execute compile job (compile-file /home/runner/work/gerbil-ascent/gerbil-ascent/.gerbil/lib/asp-gerbil-scheme/src/runtime/provider-http-json-client~0.scm)
2026-10-04T06:15:02.5471077Z ... execute compile job (compile-file /home/runner/work/gerbil-ascent/gerbil-ascent/.gerbil/lib/asp-gerbil-scheme/src/runtime/provider-http-json-client.scm)
2026-10-04T06:15:02.5472767Z ... execute compile job (compile-file /home/runner/work/gerbil-ascent/gerbil-ascent/.gerbil/lib/asp-gerbil-scheme/src/object-family/syntax~0.scm)
2026-10-04T06:15:03.1346161Z ... execute compile job (compile-file /home/runner/work/gerbil-ascent/gerbil-ascent/.gerbil/lib/asp-gerbil-scheme/src/object-family/syntax.scm)
2026-10-04T06:15:03.1373756Z ... execute compile job (compile-file /home/runner/work/gerbil-ascent/gerbil-ascent/.gerbil/lib/asp-gerbil-scheme/src/object-family/syntax~1.scm)
2026-10-04T06:15:03.1403545Z ... execute compile job (compile-file /home/runner/work/gerbil-ascent/gerbil-ascent/.gerbil/lib/asp-gerbil-scheme/src/types/findings~0.scm)
2026-10-04T06:15:03.1433404Z ... execute compile job (compile-file /home/runner/work/gerbil-ascent/gerbil-ascent/.gerbil/lib/asp-gerbil-scheme/src/types/findings.scm)
2026-10-04T06:15:03.1463342Z ... execute compile job (compile-file /home/runner/work/gerbil-ascent/gerbil-ascent/.gerbil/lib/asp-gerbil-scheme/src/types/findings~1.scm)
2026-10-04T06:15:03.1465327Z ... execute compile job (compile-file /home/runner/work/gerbil-ascent/gerbil-ascent/.gerbil/lib/asp-gerbil-scheme/src/types/model-syntax~0.scm)
2026-10-04T06:15:03.1473933Z ... execute compile job (compile-file /home/runner/work/gerbil-ascent/gerbil-ascent/.gerbil/lib/asp-gerbil-scheme/src/types/model-syntax.scm)
2026-10-04T06:15:03.1475772Z ... execute compile job (compile-file /home/runner/work/gerbil-ascent/gerbil-ascent/.gerbil/lib/asp-gerbil-scheme/src/protocol/support~0.scm)
2026-10-04T06:15:03.6315770Z ... execute compile job (compile-file /home/runner/work/gerbil-ascent/gerbil-ascent/.gerbil/lib/asp-gerbil-scheme/src/protocol/support.scm)
2026-10-04T06:15:03.6317466Z ... execute compile job (compile-file /home/runner/work/gerbil-ascent/gerbil-ascent/.gerbil/lib/asp-gerbil-scheme/src/protocol/json-output~0.scm)
2026-10-04T06:15:03.6319041Z ... execute compile job (compile-file /home/runner/work/gerbil-ascent/gerbil-ascent/.gerbil/lib/asp-gerbil-scheme/src/protocol/json-output.scm)
2026-10-04T06:15:03.6320459Z ... execute compile job (compile-file /home/runner/work/gerbil-ascent/gerbil-ascent/.gerbil/lib/asp-gerbil-scheme/src/policy/test-scope~0.scm)
2026-10-04T06:15:03.6321933Z ... execute compile job (compile-file /home/runner/work/gerbil-ascent/gerbil-ascent/.gerbil/lib/asp-gerbil-scheme/src/policy/test-scope.scm)
2026-10-04T06:15:03.6323406Z ... execute compile job (compile-file /home/runner/work/gerbil-ascent/gerbil-ascent/.gerbil/lib/asp-gerbil-scheme/src/build-api/native-import-closure~0.scm)
2026-10-04T06:15:03.6324893Z ... execute compile job (compile-file /home/runner/work/gerbil-ascent/gerbil-ascent/.gerbil/lib/asp-gerbil-scheme/src/build-api/native-import-closure.scm)
2026-10-04T06:15:04.2090783Z ... execute compile job (compile-file /home/runner/work/gerbil-ascent/gerbil-ascent/.gerbil/lib/asp-gerbil-scheme/src/parser/profile~0.scm)
2026-10-04T06:15:04.2095427Z ... execute compile job (compile-file /home/runner/work/gerbil-ascent/gerbil-ascent/.gerbil/lib/asp-gerbil-scheme/src/parser/profile.scm)
2026-10-04T06:15:04.2097603Z ... execute compile job (compile-file /home/runner/work/gerbil-ascent/gerbil-ascent/.gerbil/lib/asp-gerbil-scheme/src/benchmark/fixture-model~0.scm)
2026-10-04T06:15:04.2099511Z ... execute compile job (compile-file /home/runner/work/gerbil-ascent/gerbil-ascent/.gerbil/lib/asp-gerbil-scheme/src/benchmark/fixture-model.scm)
2026-10-04T06:15:04.2101395Z ... execute compile job (compile-file /home/runner/work/gerbil-ascent/gerbil-ascent/.gerbil/lib/asp-gerbil-scheme/src/extensions/poo-pattern-typeclass~0.scm)
2026-10-04T06:15:04.2103438Z ... execute compile job (compile-file /home/runner/work/gerbil-ascent/gerbil-ascent/.gerbil/lib/asp-gerbil-scheme/src/extensions/poo-pattern-typeclass.scm)
2026-10-04T06:15:04.7355025Z ... execute compile job (compile-file /home/runner/work/gerbil-ascent/gerbil-ascent/.gerbil/lib/asp-gerbil-scheme/src/policy/catalog~0.scm)
2026-10-04T06:15:04.7396266Z ... execute compile job (compile-file /home/runner/work/gerbil-ascent/gerbil-ascent/.gerbil/lib/asp-gerbil-scheme/src/policy/catalog.scm)
2026-10-04T06:15:04.7398568Z ... execute compile job (compile-file /home/runner/work/gerbil-ascent/gerbil-ascent/.gerbil/lib/asp-gerbil-scheme/src/utilities/projection~0.scm)
2026-10-04T06:15:04.7400435Z ... execute compile job (compile-file /home/runner/work/gerbil-ascent/gerbil-ascent/.gerbil/lib/asp-gerbil-scheme/src/utilities/projection.scm)
2026-10-04T06:15:04.7402898Z ... execute compile job (compile-file /home/runner/work/gerbil-ascent/gerbil-ascent/.gerbil/lib/asp-gerbil-scheme/src/format/core~0.scm)
2026-10-04T06:15:04.7404537Z ... execute compile job (compile-file /home/runner/work/gerbil-ascent/gerbil-ascent/.gerbil/lib/asp-gerbil-scheme/src/format/core.scm)
2026-10-04T06:15:04.7406260Z ... execute compile job (compile-file /home/runner/work/gerbil-ascent/gerbil-ascent/.gerbil/lib/asp-gerbil-scheme/src/parser/formals~0.scm)
2026-10-04T06:15:04.7407856Z ... execute compile job (compile-file /home/runner/work/gerbil-ascent/gerbil-ascent/.gerbil/lib/asp-gerbil-scheme/src/parser/formals.scm)
2026-10-04T06:15:05.6419803Z ... execute compile job (compile-file /home/runner/work/gerbil-ascent/gerbil-ascent/.gerbil/lib/asp-gerbil-scheme/src/parser/package~0.scm)
2026-10-04T06:15:05.6422336Z ... execute compile job (compile-file /home/runner/work/gerbil-ascent/gerbil-ascent/.gerbil/lib/asp-gerbil-scheme/src/parser/package.scm)
2026-10-04T06:15:05.6424594Z ... execute compile job (compile-file /home/runner/work/gerbil-ascent/gerbil-ascent/.gerbil/lib/asp-gerbil-scheme/src/parser/package~1.scm)
2026-10-04T06:15:05.6426455Z ... execute compile job (compile-file /home/runner/work/gerbil-ascent/gerbil-ascent/.gerbil/lib/asp-gerbil-scheme/src/testing/extension~0.scm)
2026-10-04T06:15:05.6428289Z ... execute compile job (compile-file /home/runner/work/gerbil-ascent/gerbil-ascent/.gerbil/lib/asp-gerbil-scheme/src/testing/extension.scm)
2026-10-04T06:15:05.6429990Z ... execute compile job (compile-file /home/runner/work/gerbil-ascent/gerbil-ascent/.gerbil/lib/asp-gerbil-scheme/src/benchmark/micro-kernel~0.scm)
2026-10-04T06:15:05.6431662Z ... execute compile job (compile-file /home/runner/work/gerbil-ascent/gerbil-ascent/.gerbil/lib/asp-gerbil-scheme/src/benchmark/micro-kernel.scm)
2026-10-04T06:15:06.1879992Z ... execute compile job (compile-file /home/runner/work/gerbil-ascent/gerbil-ascent/.gerbil/lib/asp-gerbil-scheme/src/snapshot/bench~0.scm)
2026-10-04T06:15:06.1903739Z ... execute compile job (compile-file /home/runner/work/gerbil-ascent/gerbil-ascent/.gerbil/lib/asp-gerbil-scheme/src/snapshot/bench.scm)
2026-10-04T06:15:06.1933294Z ... execute compile job (compile-file /home/runner/work/gerbil-ascent/gerbil-ascent/.gerbil/lib/asp-gerbil-scheme/src/build-api/native-profile~0.scm)
2026-10-04T06:15:06.1963054Z ... execute compile job (compile-file /home/runner/work/gerbil-ascent/gerbil-ascent/.gerbil/lib/asp-gerbil-scheme/src/build-api/native-profile.scm)
2026-10-04T06:15:06.1993060Z ... execute compile job (compile-file /home/runner/work/gerbil-ascent/gerbil-ascent/.gerbil/lib/asp-gerbil-scheme/src/build-api/generated-module-projection~0.scm)
2026-10-04T06:15:06.1995207Z ... execute compile job (compile-file /home/runner/work/gerbil-ascent/gerbil-ascent/.gerbil/lib/asp-gerbil-scheme/src/build-api/generated-module-projection.scm)
2026-10-04T06:15:06.2016032Z ... execute compile job (compile-file /home/runner/work/gerbil-ascent/gerbil-ascent/.gerbil/lib/asp-gerbil-scheme/src/macro-governance/model~0.scm)
2026-10-04T06:15:06.8673785Z ... execute compile job (compile-file /home/runner/work/gerbil-ascent/gerbil-ascent/.gerbil/lib/asp-gerbil-scheme/src/macro-governance/model.scm)
2026-10-04T06:15:06.8703457Z ... execute compile job (compile-file /home/runner/work/gerbil-ascent/gerbil-ascent/.gerbil/lib/asp-gerbil-scheme/src/macro-governance/model~1.scm)
2026-10-04T06:15:06.8733318Z ... execute compile job (compile-file /home/runner/work/gerbil-ascent/gerbil-ascent/.gerbil/lib/asp-gerbil-scheme/src/protocol/provider-operation-catalog~0.scm)
2026-10-04T06:15:06.8763278Z ... execute compile job (compile-file /home/runner/work/gerbil-ascent/gerbil-ascent/.gerbil/lib/asp-gerbil-scheme/src/protocol/provider-operation-catalog.scm)
2026-10-04T06:15:06.8793129Z ... execute compile job (compile-file /home/runner/work/gerbil-ascent/gerbil-ascent/.gerbil/lib/asp-gerbil-scheme/src/policy/detection~0.scm)
2026-10-04T06:15:06.8823159Z ... execute compile job (compile-file /home/runner/work/gerbil-ascent/gerbil-ascent/.gerbil/lib/asp-gerbil-scheme/src/policy/detection.scm)
2026-10-04T06:15:06.8852755Z ... execute compile job (compile-file /home/runner/work/gerbil-ascent/gerbil-ascent/.gerbil/lib/asp-gerbil-scheme/src/scenario/benchmark-contract~0.scm)
2026-10-04T06:15:07.5915223Z ... execute compile job (compile-file /home/runner/work/gerbil-ascent/gerbil-ascent/.gerbil/lib/asp-gerbil-scheme/src/scenario/benchmark-contract.scm)
2026-10-04T06:15:07.5916891Z ... execute compile job (compile-file /home/runner/work/gerbil-ascent/gerbil-ascent/.gerbil/lib/asp-gerbil-scheme/src/benchmark/fixture-contract~0.scm)
2026-10-04T06:15:07.5918668Z ... execute compile job (compile-file /home/runner/work/gerbil-ascent/gerbil-ascent/.gerbil/lib/asp-gerbil-scheme/src/benchmark/fixture-contract.scm)
2026-10-04T06:15:07.5920188Z ... execute compile job (compile-file /home/runner/work/gerbil-ascent/gerbil-ascent/.gerbil/lib/asp-gerbil-scheme/src/extensions/poo-patterns~0.scm)
2026-10-04T06:15:07.5921699Z ... execute compile job (compile-file /home/runner/work/gerbil-ascent/gerbil-ascent/.gerbil/lib/asp-gerbil-scheme/src/extensions/poo-patterns.scm)
2026-10-04T06:15:07.5923460Z ... execute compile job (compile-file /home/runner/work/gerbil-ascent/gerbil-ascent/.gerbil/lib/asp-gerbil-scheme/src/commands/guide-sections~0.scm)
2026-10-04T06:15:07.5924971Z ... execute compile job (compile-file /home/runner/work/gerbil-ascent/gerbil-ascent/.gerbil/lib/asp-gerbil-scheme/src/commands/guide-sections.scm)
2026-10-04T06:15:08.8900463Z ... execute compile job (compile-file /home/runner/work/gerbil-ascent/gerbil-ascent/.gerbil/lib/asp-gerbil-scheme/src/policy/repair-diagnostic~0.scm)
2026-10-04T06:15:08.8934680Z ... execute compile job (compile-file /home/runner/work/gerbil-ascent/gerbil-ascent/.gerbil/lib/asp-gerbil-scheme/src/policy/repair-diagnostic.scm)
2026-10-04T06:15:08.8936895Z ... execute compile job (compile-file /home/runner/work/gerbil-ascent/gerbil-ascent/.gerbil/lib/asp-gerbil-scheme/src/policy/repair-diagnostic~1.scm)
2026-10-04T06:15:08.8963267Z ... execute compile job (compile-file /home/runner/work/gerbil-ascent/gerbil-ascent/.gerbil/lib/asp-gerbil-scheme/src/types/model~0.scm)
2026-10-04T06:15:08.8993340Z ... execute compile job (compile-file /home/runner/work/gerbil-ascent/gerbil-ascent/.gerbil/lib/asp-gerbil-scheme/src/types/model.scm)
2026-10-04T06:15:08.9023022Z ... execute compile job (compile-file /home/runner/work/gerbil-ascent/gerbil-ascent/.gerbil/lib/asp-gerbil-scheme/src/types/model~1.scm)
2026-10-04T06:15:08.9024876Z ... execute compile job (compile-file /home/runner/work/gerbil-ascent/gerbil-ascent/.gerbil/lib/asp-gerbil-scheme/src/commands/project-resolution~0.scm)
2026-10-04T06:15:09.4235929Z ... execute compile job (compile-file /home/runner/work/gerbil-ascent/gerbil-ascent/.gerbil/lib/asp-gerbil-scheme/src/commands/project-resolution.scm)
2026-10-04T06:15:09.4237775Z ... execute compile job (compile-file /home/runner/work/gerbil-ascent/gerbil-ascent/.gerbil/lib/asp-gerbil-scheme/src/commands/project-resolution~1.scm)
2026-10-04T06:15:09.4240013Z ... execute compile job (compile-file /home/runner/work/gerbil-ascent/gerbil-ascent/.gerbil/lib/asp-gerbil-scheme/testing-api.scm)
2026-10-04T06:15:09.4241437Z ... execute compile job (compile-file /home/runner/work/gerbil-ascent/gerbil-ascent/.gerbil/lib/asp-gerbil-scheme/src/testing/discovery-runner~0.scm)
2026-10-04T06:15:09.4243200Z ... execute compile job (compile-file /home/runner/work/gerbil-ascent/gerbil-ascent/.gerbil/lib/asp-gerbil-scheme/src/testing/discovery-runner.scm)
2026-10-04T06:15:09.4244910Z ... execute compile job (compile-file /home/runner/work/gerbil-ascent/gerbil-ascent/.gerbil/lib/asp-gerbil-scheme/src/testing/discovery-runner~1.scm)
2026-10-04T06:15:09.4246308Z ... execute compile job (compile-file /home/runner/work/gerbil-ascent/gerbil-ascent/.gerbil/lib/asp-gerbil-scheme/src/testing/debug-trace~0.scm)
2026-10-04T06:15:10.1884032Z ... execute compile job (compile-file /home/runner/work/gerbil-ascent/gerbil-ascent/.gerbil/lib/asp-gerbil-scheme/src/testing/debug-trace.scm)
2026-10-04T06:15:10.1886518Z ... execute compile job (compile-file /home/runner/work/gerbil-ascent/gerbil-ascent/.gerbil/lib/asp-gerbil-scheme/src/testing/source-admission~0.scm)
2026-10-04T06:15:10.1913306Z ... execute compile job (compile-file /home/runner/work/gerbil-ascent/gerbil-ascent/.gerbil/lib/asp-gerbil-scheme/src/testing/source-admission.scm)
2026-10-04T06:15:10.1943340Z ... execute compile job (compile-file /home/runner/work/gerbil-ascent/gerbil-ascent/.gerbil/lib/asp-gerbil-scheme/src/build-api/generated-artifact~0.scm)
2026-10-04T06:15:10.1964095Z ... execute compile job (compile-file /home/runner/work/gerbil-ascent/gerbil-ascent/.gerbil/lib/asp-gerbil-scheme/src/build-api/generated-artifact.scm)
2026-10-04T06:15:10.1995621Z ... execute compile job (compile-file /home/runner/work/gerbil-ascent/gerbil-ascent/.gerbil/lib/asp-gerbil-scheme/src/build-api/package-spec~0.scm)
2026-10-04T06:15:10.7444553Z ... execute compile job (compile-file /home/runner/work/gerbil-ascent/gerbil-ascent/.gerbil/lib/asp-gerbil-scheme/src/build-api/package-spec.scm)
2026-10-04T06:15:10.7464493Z ... execute compile job (compile-file /home/runner/work/gerbil-ascent/gerbil-ascent/.gerbil/lib/asp-gerbil-scheme/src/build-api/package-spec~1.scm)
2026-10-04T06:15:10.7466484Z ... execute compile job (compile-file /home/runner/work/gerbil-ascent/gerbil-ascent/.gerbil/lib/asp-gerbil-scheme/src/benchmark/gate~0.scm)
2026-10-04T06:15:10.7468298Z ... execute compile job (compile-file /home/runner/work/gerbil-ascent/gerbil-ascent/.gerbil/lib/asp-gerbil-scheme/src/benchmark/gate.scm)
2026-10-04T06:15:10.7470023Z ... execute compile job (compile-file /home/runner/work/gerbil-ascent/gerbil-ascent/.gerbil/lib/asp-gerbil-scheme/src/extensions/poo-validation~0.scm)
2026-10-04T06:15:10.7471662Z ... execute compile job (compile-file /home/runner/work/gerbil-ascent/gerbil-ascent/.gerbil/lib/asp-gerbil-scheme/src/extensions/poo-validation.scm)
2026-10-04T06:15:10.7474040Z ... execute compile job (compile-file /home/runner/work/gerbil-ascent/gerbil-ascent/.gerbil/lib/asp-gerbil-scheme/src/policy/poo-source~0.scm)
2026-10-04T06:15:10.7480383Z ... execute compile job (compile-file /home/runner/work/gerbil-ascent/gerbil-ascent/.gerbil/lib/asp-gerbil-scheme/src/policy/poo-source.scm)
2026-10-04T06:15:11.5261665Z ... execute compile job (compile-file /home/runner/work/gerbil-ascent/gerbil-ascent/.gerbil/lib/asp-gerbil-scheme/src/policy/repair-report~0.scm)
2026-10-04T06:15:11.5293460Z ... execute compile job (compile-file /home/runner/work/gerbil-ascent/gerbil-ascent/.gerbil/lib/asp-gerbil-scheme/src/policy/repair-report.scm)
2026-10-04T06:15:11.5313775Z ... execute compile job (compile-file /home/runner/work/gerbil-ascent/gerbil-ascent/.gerbil/lib/asp-gerbil-scheme/src/types/subtyping~0.scm)
2026-10-04T06:15:11.5343544Z ... execute compile job (compile-file /home/runner/work/gerbil-ascent/gerbil-ascent/.gerbil/lib/asp-gerbil-scheme/src/types/subtyping.scm)
2026-10-04T06:15:11.5350962Z ... execute compile job (compile-file /home/runner/work/gerbil-ascent/gerbil-ascent/.gerbil/lib/asp-gerbil-scheme/src/types/subtyping~1.scm)
2026-10-04T06:15:11.5383172Z ... execute compile job (compile-file /home/runner/work/gerbil-ascent/gerbil-ascent/.gerbil/lib/asp-gerbil-scheme/src/types/signatures~0.scm)
2026-10-04T06:15:11.5393323Z ... execute compile job (compile-file /home/runner/work/gerbil-ascent/gerbil-ascent/.gerbil/lib/asp-gerbil-scheme/src/types/signatures.scm)
2026-10-04T06:15:11.8853699Z ... execute compile job (compile-file /home/runner/work/gerbil-ascent/gerbil-ascent/.gerbil/lib/asp-gerbil-scheme/src/types/validation-union~0.scm)
2026-10-04T06:15:11.8883327Z ... execute compile job (compile-file /home/runner/work/gerbil-ascent/gerbil-ascent/.gerbil/lib/asp-gerbil-scheme/src/types/validation-union.scm)
2026-10-04T06:15:11.8894999Z ... execute compile job (compile-file /home/runner/work/gerbil-ascent/gerbil-ascent/.gerbil/lib/asp-gerbil-scheme/testing-runner-api.scm)
2026-10-04T06:15:11.8897190Z ... execute compile job (compile-file /home/runner/work/gerbil-ascent/gerbil-ascent/.gerbil/lib/asp-gerbil-scheme/testing-debug-api.scm)
2026-10-04T06:15:11.8899061Z ... execute compile job (compile-file /home/runner/work/gerbil-ascent/gerbil-ascent/.gerbil/lib/asp-gerbil-scheme/testing-source-admission-api.scm)
2026-10-04T06:15:11.8900807Z ... execute compile job (compile-file /home/runner/work/gerbil-ascent/gerbil-ascent/.gerbil/lib/asp-gerbil-scheme/building-api.scm)
2026-10-04T06:15:11.8902977Z ... execute compile job (compile-file /home/runner/work/gerbil-ascent/gerbil-ascent/.gerbil/lib/asp-gerbil-scheme/src/build-api/source-bootstrap.scm)
2026-10-04T06:15:12.5263848Z ... execute compile job (compile-file /home/runner/work/gerbil-ascent/gerbil-ascent/.gerbil/lib/asp-gerbil-scheme/src/testing/performance~0.scm)
2026-10-04T06:15:12.5266049Z ... execute compile job (compile-file /home/runner/work/gerbil-ascent/gerbil-ascent/.gerbil/lib/asp-gerbil-scheme/src/testing/performance.scm)
2026-10-04T06:15:12.5293707Z ... execute compile job (compile-file /home/runner/work/gerbil-ascent/gerbil-ascent/.gerbil/lib/asp-gerbil-scheme/src/benchmark/framework~0.scm)
2026-10-04T06:15:12.5323484Z ... execute compile job (compile-file /home/runner/work/gerbil-ascent/gerbil-ascent/.gerbil/lib/asp-gerbil-scheme/src/benchmark/framework.scm)
2026-10-04T06:15:12.5353533Z ... execute compile job (compile-file /home/runner/work/gerbil-ascent/gerbil-ascent/.gerbil/lib/asp-gerbil-scheme/src/policy/repair.scm)
2026-10-04T06:15:12.5372337Z ... execute compile job (compile-file /home/runner/work/gerbil-ascent/gerbil-ascent/.gerbil/lib/asp-gerbil-scheme/src/types/validation~0.scm)
2026-10-04T06:15:12.5374764Z ... execute compile job (compile-file /home/runner/work/gerbil-ascent/gerbil-ascent/.gerbil/lib/asp-gerbil-scheme/src/types/validation.scm)
2026-10-04T06:15:13.6656887Z ... execute compile job (compile-file /home/runner/work/gerbil-ascent/gerbil-ascent/.gerbil/lib/asp-gerbil-scheme/src/types/validation~1.scm)
2026-10-04T06:15:13.6659095Z ... execute compile job (compile-file /home/runner/work/gerbil-ascent/gerbil-ascent/.gerbil/lib/asp-gerbil-scheme/benchmark-api.scm)
2026-10-04T06:15:13.6660942Z ... execute compile job (compile-file /home/runner/work/gerbil-ascent/gerbil-ascent/.gerbil/lib/asp-gerbil-scheme/src/extensions/poo-object-validation~0.scm)
2026-10-04T06:15:13.6663769Z ... execute compile job (compile-file /home/runner/work/gerbil-ascent/gerbil-ascent/.gerbil/lib/asp-gerbil-scheme/src/extensions/poo-object-validation.scm)
2026-10-04T06:15:13.6665711Z ... execute compile job (compile-file /home/runner/work/gerbil-ascent/gerbil-ascent/.gerbil/lib/asp-gerbil-scheme/src/language/evidence~0.scm)
2026-10-04T06:15:13.6667700Z ... execute compile job (compile-file /home/runner/work/gerbil-ascent/gerbil-ascent/.gerbil/lib/asp-gerbil-scheme/src/language/evidence.scm)
2026-10-04T06:15:13.6669333Z ... execute compile job (compile-file /home/runner/work/gerbil-ascent/gerbil-ascent/.gerbil/lib/asp-gerbil-scheme/src/parser/model~0.scm)
2026-10-04T06:15:15.6460984Z ... execute compile job (compile-file /home/runner/work/gerbil-ascent/gerbil-ascent/.gerbil/lib/asp-gerbil-scheme/src/parser/model.scm)
2026-10-04T06:15:15.6463159Z ... execute compile job (compile-file /home/runner/work/gerbil-ascent/gerbil-ascent/.gerbil/lib/asp-gerbil-scheme/src/language/compare~0.scm)
2026-10-04T06:15:15.6465037Z ... execute compile job (compile-file /home/runner/work/gerbil-ascent/gerbil-ascent/.gerbil/lib/asp-gerbil-scheme/src/language/compare.scm)
2026-10-04T06:15:15.6467013Z ... execute compile job (compile-file /home/runner/work/gerbil-ascent/gerbil-ascent/.gerbil/lib/asp-gerbil-scheme/src/parser/typed-contract-scheme~0.scm)
2026-10-04T06:15:15.6468934Z ... execute compile job (compile-file /home/runner/work/gerbil-ascent/gerbil-ascent/.gerbil/lib/asp-gerbil-scheme/src/parser/typed-contract-scheme.scm)
2026-10-04T06:15:15.6470781Z ... execute compile job (compile-file /home/runner/work/gerbil-ascent/gerbil-ascent/.gerbil/lib/asp-gerbil-scheme/src/parser/model~1.scm)
2026-10-04T06:15:15.6473073Z ... execute compile job (compile-file /home/runner/work/gerbil-ascent/gerbil-ascent/.gerbil/lib/asp-gerbil-scheme/src/parser/selectors~0.scm)
2026-10-04T06:15:16.5694466Z ... execute compile job (compile-file /home/runner/work/gerbil-ascent/gerbil-ascent/.gerbil/lib/asp-gerbil-scheme/src/parser/selectors.scm)
2026-10-04T06:15:16.5723603Z ... execute compile job (compile-file /home/runner/work/gerbil-ascent/gerbil-ascent/.gerbil/lib/asp-gerbil-scheme/src/parser/comment-quality-classifier~0.scm)
2026-10-04T06:15:16.5753669Z ... execute compile job (compile-file /home/runner/work/gerbil-ascent/gerbil-ascent/.gerbil/lib/asp-gerbil-scheme/src/parser/comment-quality-classifier.scm)
2026-10-04T06:15:16.5784041Z ... execute compile job (compile-file /home/runner/work/gerbil-ascent/gerbil-ascent/.gerbil/lib/asp-gerbil-scheme/src/parser/quality-shape-loop-driver~0.scm)
2026-10-04T06:15:16.5813116Z ... execute compile job (compile-file /home/runner/work/gerbil-ascent/gerbil-ascent/.gerbil/lib/asp-gerbil-scheme/src/parser/quality-shape-loop-driver.scm)
2026-10-04T06:15:16.5815282Z ... execute compile job (compile-file /home/runner/work/gerbil-ascent/gerbil-ascent/.gerbil/lib/asp-gerbil-scheme/src/parser/function-quality-signals~0.scm)
2026-10-04T06:15:16.5843407Z ... execute compile job (compile-file /home/runner/work/gerbil-ascent/gerbil-ascent/.gerbil/lib/asp-gerbil-scheme/src/parser/function-quality-signals.scm)
2026-10-04T06:15:18.0072699Z ... execute compile job (compile-file /home/runner/work/gerbil-ascent/gerbil-ascent/.gerbil/lib/asp-gerbil-scheme/src/parser/syntax-macro-family~0.scm)
2026-10-04T06:15:18.0074624Z ... execute compile job (compile-file /home/runner/work/gerbil-ascent/gerbil-ascent/.gerbil/lib/asp-gerbil-scheme/src/parser/syntax-macro-family.scm)
2026-10-04T06:15:18.0076965Z ... execute compile job (compile-file /home/runner/work/gerbil-ascent/gerbil-ascent/.gerbil/lib/asp-gerbil-scheme/src/parser/poo~0.scm)
2026-10-04T06:15:18.0078366Z ... execute compile job (compile-file /home/runner/work/gerbil-ascent/gerbil-ascent/.gerbil/lib/asp-gerbil-scheme/src/parser/poo.scm)
2026-10-04T06:15:18.0079750Z ... execute compile job (compile-file /home/runner/work/gerbil-ascent/gerbil-ascent/.gerbil/lib/asp-gerbil-scheme/src/parser/exports~0.scm)
2026-10-04T06:15:18.0080997Z ... execute compile job (compile-file /home/runner/work/gerbil-ascent/gerbil-ascent/.gerbil/lib/asp-gerbil-scheme/src/parser/exports.scm)
2026-10-04T06:15:18.0082464Z ... execute compile job (compile-file /home/runner/work/gerbil-ascent/gerbil-ascent/.gerbil/lib/asp-gerbil-scheme/src/parser/dependency-adapter-quality~0.scm)
2026-10-04T06:15:18.9020609Z ... execute compile job (compile-file /home/runner/work/gerbil-ascent/gerbil-ascent/.gerbil/lib/asp-gerbil-scheme/src/parser/dependency-adapter-quality.scm)
2026-10-04T06:15:18.9022734Z ... execute compile job (compile-file /home/runner/work/gerbil-ascent/gerbil-ascent/.gerbil/lib/asp-gerbil-scheme/src/parser/dependency-adapter-quality~1.scm)
2026-10-04T06:15:18.9024297Z ... execute compile job (compile-file /home/runner/work/gerbil-ascent/gerbil-ascent/.gerbil/lib/asp-gerbil-scheme/src/parser/syntax-ast~0.scm)
2026-10-04T06:15:18.9025779Z ... execute compile job (compile-file /home/runner/work/gerbil-ascent/gerbil-ascent/.gerbil/lib/asp-gerbil-scheme/src/parser/syntax-ast.scm)
2026-10-04T06:15:18.9027178Z ... execute compile job (compile-file /home/runner/work/gerbil-ascent/gerbil-ascent/.gerbil/lib/asp-gerbil-scheme/src/parser/imports~0.scm)
2026-10-04T06:15:18.9028429Z ... execute compile job (compile-file /home/runner/work/gerbil-ascent/gerbil-ascent/.gerbil/lib/asp-gerbil-scheme/src/parser/imports.scm)
2026-10-04T06:15:18.9029762Z ... execute compile job (compile-file /home/runner/work/gerbil-ascent/gerbil-ascent/.gerbil/lib/asp-gerbil-scheme/src/types/source-findings~0.scm)
2026-10-04T06:15:20.1375619Z ... execute compile job (compile-file /home/runner/work/gerbil-ascent/gerbil-ascent/.gerbil/lib/asp-gerbil-scheme/src/types/source-findings.scm)
2026-10-04T06:15:20.1403742Z ... execute compile job (compile-file /home/runner/work/gerbil-ascent/gerbil-ascent/.gerbil/lib/asp-gerbil-scheme/src/parser/source-scope~0.scm)
2026-10-04T06:15:20.1433309Z ... execute compile job (compile-file /home/runner/work/gerbil-ascent/gerbil-ascent/.gerbil/lib/asp-gerbil-scheme/src/parser/source-scope.scm)
2026-10-04T06:15:20.1462963Z ... execute compile job (compile-file /home/runner/work/gerbil-ascent/gerbil-ascent/.gerbil/lib/asp-gerbil-scheme/src/types/env~0.scm)
2026-10-04T06:15:20.1464790Z ... execute compile job (compile-file /home/runner/work/gerbil-ascent/gerbil-ascent/.gerbil/lib/asp-gerbil-scheme/src/types/env.scm)
2026-10-04T06:15:20.1493370Z ... execute compile job (compile-file /home/runner/work/gerbil-ascent/gerbil-ascent/.gerbil/lib/asp-gerbil-scheme/src/types/env~1.scm)
2026-10-04T06:15:20.1523148Z ... execute compile job (compile-file /home/runner/work/gerbil-ascent/gerbil-ascent/.gerbil/lib/asp-gerbil-scheme/src/parser/comment-quality~0.scm)
2026-10-04T06:15:20.7914970Z ... execute compile job (compile-file /home/runner/work/gerbil-ascent/gerbil-ascent/.gerbil/lib/asp-gerbil-scheme/src/parser/comment-quality.scm)
2026-10-04T06:15:20.7943477Z ... execute compile job (compile-file /home/runner/work/gerbil-ascent/gerbil-ascent/.gerbil/lib/asp-gerbil-scheme/src/parser/syntax-support~0.scm)
2026-10-04T06:15:20.7973163Z ... execute compile job (compile-file /home/runner/work/gerbil-ascent/gerbil-ascent/.gerbil/lib/asp-gerbil-scheme/src/parser/syntax-support.scm)
2026-10-04T06:15:20.7975067Z ... execute compile job (compile-file /home/runner/work/gerbil-ascent/gerbil-ascent/.gerbil/lib/asp-gerbil-scheme/src/types/core~0.scm)
2026-10-04T06:15:20.8013137Z ... execute compile job (compile-file /home/runner/work/gerbil-ascent/gerbil-ascent/.gerbil/lib/asp-gerbil-scheme/src/types/core.scm)
2026-10-04T06:15:20.8023237Z ... execute compile job (compile-file /home/runner/work/gerbil-ascent/gerbil-ascent/.gerbil/lib/asp-gerbil-scheme/src/parser/definition-syntax~0.scm)
2026-10-04T06:15:20.8037194Z ... execute compile job (compile-file /home/runner/work/gerbil-ascent/gerbil-ascent/.gerbil/lib/asp-gerbil-scheme/src/parser/definition-syntax.scm)
2026-10-04T06:15:21.6520579Z ... execute compile job (compile-file /home/runner/work/gerbil-ascent/gerbil-ascent/.gerbil/lib/asp-gerbil-scheme/src/parser/syntax-calls~0.scm)
2026-10-04T06:15:21.6543624Z ... execute compile job (compile-file /home/runner/work/gerbil-ascent/gerbil-ascent/.gerbil/lib/asp-gerbil-scheme/src/parser/syntax-calls.scm)
2026-10-04T06:15:21.6553546Z ... execute compile job (compile-file /home/runner/work/gerbil-ascent/gerbil-ascent/.gerbil/lib/asp-gerbil-scheme/src/types/facade.scm)
2026-10-04T06:15:21.6555364Z ... execute compile job (compile-file /home/runner/work/gerbil-ascent/gerbil-ascent/.gerbil/lib/asp-gerbil-scheme/src/parser/exact-owner~0.scm)
2026-10-04T06:15:21.6556948Z ... execute compile job (compile-file /home/runner/work/gerbil-ascent/gerbil-ascent/.gerbil/lib/asp-gerbil-scheme/src/parser/exact-owner.scm)
2026-10-04T06:15:21.6558394Z ... execute compile job (compile-file /home/runner/work/gerbil-ascent/gerbil-ascent/.gerbil/lib/asp-gerbil-scheme/src/parser/syntax~0.scm)
2026-10-04T06:15:21.6559816Z ... execute compile job (compile-file /home/runner/work/gerbil-ascent/gerbil-ascent/.gerbil/lib/asp-gerbil-scheme/src/parser/syntax.scm)
2026-10-04T06:15:21.6561328Z ... execute compile job (compile-file /home/runner/work/gerbil-ascent/gerbil-ascent/.gerbil/lib/asp-gerbil-scheme/src/commands/projection-batch~0.scm)
2026-10-04T06:15:23.2136289Z ... execute compile job (compile-file /home/runner/work/gerbil-ascent/gerbil-ascent/.gerbil/lib/asp-gerbil-scheme/src/commands/projection-batch.scm)
2026-10-04T06:15:23.2163783Z ... execute compile job (compile-file /home/runner/work/gerbil-ascent/gerbil-ascent/.gerbil/lib/asp-gerbil-scheme/src/parser/quality-shape~0.scm)
2026-10-04T06:15:23.2193302Z ... execute compile job (compile-file /home/runner/work/gerbil-ascent/gerbil-ascent/.gerbil/lib/asp-gerbil-scheme/src/parser/quality-shape.scm)
2026-10-04T06:15:23.2203269Z ... execute compile job (compile-file /home/runner/work/gerbil-ascent/gerbil-ascent/.gerbil/lib/asp-gerbil-scheme/src/parser/control-flow~0.scm)
2026-10-04T06:15:23.2223186Z ... execute compile job (compile-file /home/runner/work/gerbil-ascent/gerbil-ascent/.gerbil/lib/asp-gerbil-scheme/src/parser/control-flow.scm)
2026-10-04T06:15:23.2253139Z ... execute compile job (compile-file /home/runner/work/gerbil-ascent/gerbil-ascent/.gerbil/lib/asp-gerbil-scheme/src/parser/owner-items~0.scm)
2026-10-04T06:15:23.2283117Z ... execute compile job (compile-file /home/runner/work/gerbil-ascent/gerbil-ascent/.gerbil/lib/asp-gerbil-scheme/src/parser/owner-items.scm)
2026-10-04T06:15:23.8604046Z ... execute compile job (compile-file /home/runner/work/gerbil-ascent/gerbil-ascent/.gerbil/lib/asp-gerbil-scheme/src/parser/higher-order~0.scm)
2026-10-04T06:15:23.8633913Z ... execute compile job (compile-file /home/runner/work/gerbil-ascent/gerbil-ascent/.gerbil/lib/asp-gerbil-scheme/src/parser/higher-order.scm)
2026-10-04T06:15:23.8636858Z ... execute compile job (compile-file /home/runner/work/gerbil-ascent/gerbil-ascent/.gerbil/lib/asp-gerbil-scheme/src/exact-source-projection~0.scm)
2026-10-04T06:15:23.8663294Z ... execute compile job (compile-file /home/runner/work/gerbil-ascent/gerbil-ascent/.gerbil/lib/asp-gerbil-scheme/src/exact-source-projection.scm)
2026-10-04T06:15:23.8692927Z ... execute compile job (compile-file /home/runner/work/gerbil-ascent/gerbil-ascent/.gerbil/lib/asp-gerbil-scheme/src/support/io~0.scm)
2026-10-04T06:15:23.8703844Z ... execute compile job (compile-file /home/runner/work/gerbil-ascent/gerbil-ascent/.gerbil/lib/asp-gerbil-scheme/src/support/io.scm)
2026-10-04T06:15:23.8707188Z ... execute compile job (compile-file /home/runner/work/gerbil-ascent/gerbil-ascent/.gerbil/lib/asp-gerbil-scheme/src/parser/runtime-contract~0.scm)
2026-10-04T06:15:24.6071088Z ... execute compile job (compile-file /home/runner/work/gerbil-ascent/gerbil-ascent/.gerbil/lib/asp-gerbil-scheme/src/parser/runtime-contract.scm)
2026-10-04T06:15:24.6073044Z ... execute compile job (compile-file /home/runner/work/gerbil-ascent/gerbil-ascent/.gerbil/lib/asp-gerbil-scheme/src/format/files~0.scm)
2026-10-04T06:15:24.6074842Z ... execute compile job (compile-file /home/runner/work/gerbil-ascent/gerbil-ascent/.gerbil/lib/asp-gerbil-scheme/src/format/files.scm)
2026-10-04T06:15:24.6076682Z ... execute compile job (compile-file /home/runner/work/gerbil-ascent/gerbil-ascent/.gerbil/lib/asp-gerbil-scheme/src/parser/typed-comment-metadata~0.scm)
2026-10-04T06:15:24.6078765Z ... execute compile job (compile-file /home/runner/work/gerbil-ascent/gerbil-ascent/.gerbil/lib/asp-gerbil-scheme/src/parser/typed-comment-metadata.scm)
2026-10-04T06:15:24.6080795Z ... execute compile job (compile-file /home/runner/work/gerbil-ascent/gerbil-ascent/.gerbil/lib/asp-gerbil-scheme/src/format/facade.scm)
2026-10-04T06:15:24.6083603Z ... execute compile job (compile-file /home/runner/work/gerbil-ascent/gerbil-ascent/.gerbil/lib/asp-gerbil-scheme/src/parser/typed-contract-diagnostics~0.scm)
2026-10-04T06:15:25.5818350Z ... execute compile job (compile-file /home/runner/work/gerbil-ascent/gerbil-ascent/.gerbil/lib/asp-gerbil-scheme/src/parser/typed-contract-diagnostics.scm)
2026-10-04T06:15:25.5820198Z ... execute compile job (compile-file /home/runner/work/gerbil-ascent/gerbil-ascent/.gerbil/lib/asp-gerbil-scheme/src/parser/function-quality~0.scm)
2026-10-04T06:15:25.5822003Z ... execute compile job (compile-file /home/runner/work/gerbil-ascent/gerbil-ascent/.gerbil/lib/asp-gerbil-scheme/src/parser/function-quality.scm)
2026-10-04T06:15:25.5823732Z ... execute compile job (compile-file /home/runner/work/gerbil-ascent/gerbil-ascent/.gerbil/lib/asp-gerbil-scheme/src/parser/typed-contract-comment-index~0.scm)
2026-10-04T06:15:25.5825442Z ... execute compile job (compile-file /home/runner/work/gerbil-ascent/gerbil-ascent/.gerbil/lib/asp-gerbil-scheme/src/parser/typed-contract-comment-index.scm)
2026-10-04T06:15:25.5826905Z ... execute compile job (compile-file /home/runner/work/gerbil-ascent/gerbil-ascent/.gerbil/lib/asp-gerbil-scheme/src/parser/typed-contract~0.scm)
2026-10-04T06:15:25.5828560Z ... execute compile job (compile-file /home/runner/work/gerbil-ascent/gerbil-ascent/.gerbil/lib/asp-gerbil-scheme/src/parser/typed-contract.scm)
2026-10-04T06:15:26.2863284Z ... execute compile job (compile-file /home/runner/work/gerbil-ascent/gerbil-ascent/.gerbil/lib/asp-gerbil-scheme/src/parser/source-file~0.scm)
2026-10-04T06:15:26.2864882Z ... execute compile job (compile-file /home/runner/work/gerbil-ascent/gerbil-ascent/.gerbil/lib/asp-gerbil-scheme/src/parser/source-file.scm)
2026-10-04T06:15:26.2866457Z ... execute compile job (compile-file /home/runner/work/gerbil-ascent/gerbil-ascent/.gerbil/lib/asp-gerbil-scheme/src/parser/parse-workers~0.scm)
2026-10-04T06:15:26.2868031Z ... execute compile job (compile-file /home/runner/work/gerbil-ascent/gerbil-ascent/.gerbil/lib/asp-gerbil-scheme/src/parser/parse-workers.scm)
2026-10-04T06:15:26.2869518Z ... execute compile job (compile-file /home/runner/work/gerbil-ascent/gerbil-ascent/.gerbil/lib/asp-gerbil-scheme/src/parser/test-source-scope~0.scm)
2026-10-04T06:15:26.2870983Z ... execute compile job (compile-file /home/runner/work/gerbil-ascent/gerbil-ascent/.gerbil/lib/asp-gerbil-scheme/src/parser/test-source-scope.scm)
2026-10-04T06:15:26.2872589Z ... execute compile job (compile-file /home/runner/work/gerbil-ascent/gerbil-ascent/.gerbil/lib/asp-gerbil-scheme/src/parser/core~0.scm)
2026-10-04T06:15:26.7693476Z ... execute compile job (compile-file /home/runner/work/gerbil-ascent/gerbil-ascent/.gerbil/lib/asp-gerbil-scheme/src/parser/core.scm)
2026-10-04T06:15:26.7703618Z ... execute compile job (compile-file /home/runner/work/gerbil-ascent/gerbil-ascent/.gerbil/lib/asp-gerbil-scheme/src/parser/facade.scm)
2026-10-04T06:15:26.7714201Z ... execute compile job (compile-file /home/runner/work/gerbil-ascent/gerbil-ascent/.gerbil/lib/asp-gerbil-scheme/src/policy/agent-basic-loop-support~0.scm)
2026-10-04T06:15:26.7716136Z ... execute compile job (compile-file /home/runner/work/gerbil-ascent/gerbil-ascent/.gerbil/lib/asp-gerbil-scheme/src/policy/agent-basic-loop-support.scm)
2026-10-04T06:15:26.7717991Z ... execute compile job (compile-file /home/runner/work/gerbil-ascent/gerbil-ascent/.gerbil/lib/asp-gerbil-scheme/src/policy/agent-support~0.scm)
2026-10-04T06:15:26.7719716Z ... execute compile job (compile-file /home/runner/work/gerbil-ascent/gerbil-ascent/.gerbil/lib/asp-gerbil-scheme/src/policy/agent-support.scm)
2026-10-04T06:15:26.7721383Z ... execute compile job (compile-file /home/runner/work/gerbil-ascent/gerbil-ascent/.gerbil/lib/asp-gerbil-scheme/src/policy/agent-style-message~0.scm)
2026-10-04T06:15:27.1899601Z ... execute compile job (compile-file /home/runner/work/gerbil-ascent/gerbil-ascent/.gerbil/lib/asp-gerbil-scheme/src/policy/agent-style-message.scm)
2026-10-04T06:15:27.1901621Z ... execute compile job (compile-file /home/runner/work/gerbil-ascent/gerbil-ascent/.gerbil/lib/asp-gerbil-scheme/src/policy/agent-style-destructuring-signals~0.scm)
2026-10-04T06:15:27.1903794Z ... execute compile job (compile-file /home/runner/work/gerbil-ascent/gerbil-ascent/.gerbil/lib/asp-gerbil-scheme/src/policy/agent-style-destructuring-signals.scm)
2026-10-04T06:15:27.1905785Z ... execute compile job (compile-file /home/runner/work/gerbil-ascent/gerbil-ascent/.gerbil/lib/asp-gerbil-scheme/src/policy/agent-style-gerbil-signal-support~0.scm)
2026-10-04T06:15:27.1907776Z ... execute compile job (compile-file /home/runner/work/gerbil-ascent/gerbil-ascent/.gerbil/lib/asp-gerbil-scheme/src/policy/agent-style-gerbil-signal-support.scm)
2026-10-04T06:15:27.1909676Z ... execute compile job (compile-file /home/runner/work/gerbil-ascent/gerbil-ascent/.gerbil/lib/asp-gerbil-scheme/src/policy/agent-poo-loop-support~0.scm)
2026-10-04T06:15:27.5824999Z ... execute compile job (compile-file /home/runner/work/gerbil-ascent/gerbil-ascent/.gerbil/lib/asp-gerbil-scheme/src/policy/agent-poo-loop-support.scm)
2026-10-04T06:15:27.5826875Z ... execute compile job (compile-file /home/runner/work/gerbil-ascent/gerbil-ascent/.gerbil/lib/asp-gerbil-scheme/src/parser/language-projection~0.scm)
2026-10-04T06:15:27.5828418Z ... execute compile job (compile-file /home/runner/work/gerbil-ascent/gerbil-ascent/.gerbil/lib/asp-gerbil-scheme/src/parser/language-projection.scm)
2026-10-04T06:15:27.5829786Z ... execute compile job (compile-file /home/runner/work/gerbil-ascent/gerbil-ascent/.gerbil/lib/asp-gerbil-scheme/src/snapshot/support~0.scm)
2026-10-04T06:15:27.5831227Z ... execute compile job (compile-file /home/runner/work/gerbil-ascent/gerbil-ascent/.gerbil/lib/asp-gerbil-scheme/src/snapshot/support.scm)
2026-10-04T06:15:27.5832818Z ... execute compile job (compile-file /home/runner/work/gerbil-ascent/gerbil-ascent/.gerbil/lib/asp-gerbil-scheme/src/policy/agent-style-performance-signals~0.scm)
2026-10-04T06:15:27.5834276Z ... execute compile job (compile-file /home/runner/work/gerbil-ascent/gerbil-ascent/.gerbil/lib/asp-gerbil-scheme/src/policy/agent-style-performance-signals.scm)
2026-10-04T06:15:28.1856666Z ... execute compile job (compile-file /home/runner/work/gerbil-ascent/gerbil-ascent/.gerbil/lib/asp-gerbil-scheme/src/parser/query~0.scm)
2026-10-04T06:15:28.1858588Z ... execute compile job (compile-file /home/runner/work/gerbil-ascent/gerbil-ascent/.gerbil/lib/asp-gerbil-scheme/src/parser/query.scm)
2026-10-04T06:15:28.1860497Z ... execute compile job (compile-file /home/runner/work/gerbil-ascent/gerbil-ascent/.gerbil/lib/asp-gerbil-scheme/src/policy/dependency-adapter-profile~0.scm)
2026-10-04T06:15:28.1862364Z ... execute compile job (compile-file /home/runner/work/gerbil-ascent/gerbil-ascent/.gerbil/lib/asp-gerbil-scheme/src/policy/dependency-adapter-profile.scm)
2026-10-04T06:15:28.1864541Z ... execute compile job (compile-file /home/runner/work/gerbil-ascent/gerbil-ascent/.gerbil/lib/asp-gerbil-scheme/src/policy/agent-poo-object-literal~0.scm)
2026-10-04T06:15:28.1866335Z ... execute compile job (compile-file /home/runner/work/gerbil-ascent/gerbil-ascent/.gerbil/lib/asp-gerbil-scheme/src/policy/agent-poo-object-literal.scm)
2026-10-04T06:15:28.1868104Z ... execute compile job (compile-file /home/runner/work/gerbil-ascent/gerbil-ascent/.gerbil/lib/asp-gerbil-scheme/src/policy/agent-build~0.scm)
2026-10-04T06:15:28.8223700Z ... execute compile job (compile-file /home/runner/work/gerbil-ascent/gerbil-ascent/.gerbil/lib/asp-gerbil-scheme/src/policy/agent-build.scm)
2026-10-04T06:15:28.8226103Z ... execute compile job (compile-file /home/runner/work/gerbil-ascent/gerbil-ascent/.gerbil/lib/asp-gerbil-scheme/src/policy/agent-string-growth~0.scm)
2026-10-04T06:15:28.8254243Z ... execute compile job (compile-file /home/runner/work/gerbil-ascent/gerbil-ascent/.gerbil/lib/asp-gerbil-scheme/src/policy/agent-string-growth.scm)
2026-10-04T06:15:28.8283691Z ... execute compile job (compile-file /home/runner/work/gerbil-ascent/gerbil-ascent/.gerbil/lib/asp-gerbil-scheme/src/policy/agent-list-random-access~0.scm)
2026-10-04T06:15:28.8303658Z ... execute compile job (compile-file /home/runner/work/gerbil-ascent/gerbil-ascent/.gerbil/lib/asp-gerbil-scheme/src/policy/agent-list-random-access.scm)
2026-10-04T06:15:28.8343351Z ... execute compile job (compile-file /home/runner/work/gerbil-ascent/gerbil-ascent/.gerbil/lib/asp-gerbil-scheme/src/policy/modularity~0.scm)
2026-10-04T06:15:28.8345012Z ... execute compile job (compile-file /home/runner/work/gerbil-ascent/gerbil-ascent/.gerbil/lib/asp-gerbil-scheme/src/policy/modularity.scm)
2026-10-04T06:15:29.4323753Z ... execute compile job (compile-file /home/runner/work/gerbil-ascent/gerbil-ascent/.gerbil/lib/asp-gerbil-scheme/src/policy/agent-list-growth~0.scm)
2026-10-04T06:15:29.4325460Z ... execute compile job (compile-file /home/runner/work/gerbil-ascent/gerbil-ascent/.gerbil/lib/asp-gerbil-scheme/src/policy/agent-list-growth.scm)
2026-10-04T06:15:29.4346790Z ... execute compile job (compile-file /home/runner/work/gerbil-ascent/gerbil-ascent/.gerbil/lib/asp-gerbil-scheme/src/policy/agent-alist-access~0.scm)
2026-10-04T06:15:29.4350924Z ... execute compile job (compile-file /home/runner/work/gerbil-ascent/gerbil-ascent/.gerbil/lib/asp-gerbil-scheme/src/policy/agent-alist-access.scm)
2026-10-04T06:15:29.4352679Z ... execute compile job (compile-file /home/runner/work/gerbil-ascent/gerbil-ascent/.gerbil/lib/asp-gerbil-scheme/src/policy/agent-macro-io~0.scm)
2026-10-04T06:15:29.4354279Z ... execute compile job (compile-file /home/runner/work/gerbil-ascent/gerbil-ascent/.gerbil/lib/asp-gerbil-scheme/src/policy/agent-macro-io.scm)
2026-10-04T06:15:29.9455588Z ... execute compile job (compile-file /home/runner/work/gerbil-ascent/gerbil-ascent/.gerbil/lib/asp-gerbil-scheme/src/policy/agent-anonymous-pair~0.scm)
2026-10-04T06:15:29.9457413Z ... execute compile job (compile-file /home/runner/work/gerbil-ascent/gerbil-ascent/.gerbil/lib/asp-gerbil-scheme/src/policy/agent-anonymous-pair.scm)
2026-10-04T06:15:29.9458975Z ... execute compile job (compile-file /home/runner/work/gerbil-ascent/gerbil-ascent/.gerbil/lib/asp-gerbil-scheme/src/policy/agent-source-scope~0.scm)
2026-10-04T06:15:29.9460511Z ... execute compile job (compile-file /home/runner/work/gerbil-ascent/gerbil-ascent/.gerbil/lib/asp-gerbil-scheme/src/policy/agent-source-scope.scm)
2026-10-04T06:15:29.9462166Z ... execute compile job (compile-file /home/runner/work/gerbil-ascent/gerbil-ascent/.gerbil/lib/asp-gerbil-scheme/src/protocol/function-quality-facts~0.scm)
2026-10-04T06:15:29.9463747Z ... execute compile job (compile-file /home/runner/work/gerbil-ascent/gerbil-ascent/.gerbil/lib/asp-gerbil-scheme/src/protocol/function-quality-facts.scm)
2026-10-04T06:15:29.9465342Z ... execute compile job (compile-file /home/runner/work/gerbil-ascent/gerbil-ascent/.gerbil/lib/asp-gerbil-scheme/src/protocol/quality-shape-facts~0.scm)
2026-10-04T06:15:30.8179316Z ... execute compile job (compile-file /home/runner/work/gerbil-ascent/gerbil-ascent/.gerbil/lib/asp-gerbil-scheme/src/protocol/quality-shape-facts.scm)
2026-10-04T06:15:30.8181025Z ... execute compile job (compile-file /home/runner/work/gerbil-ascent/gerbil-ascent/.gerbil/lib/asp-gerbil-scheme/src/language/capability~0.scm)
2026-10-04T06:15:30.8182649Z ... execute compile job (compile-file /home/runner/work/gerbil-ascent/gerbil-ascent/.gerbil/lib/asp-gerbil-scheme/src/language/capability.scm)
2026-10-04T06:15:30.8184266Z ... execute compile job (compile-file /home/runner/work/gerbil-ascent/gerbil-ascent/.gerbil/lib/asp-gerbil-scheme/src/protocol/registry~0.scm)
2026-10-04T06:15:30.8185772Z ... execute compile job (compile-file /home/runner/work/gerbil-ascent/gerbil-ascent/.gerbil/lib/asp-gerbil-scheme/src/protocol/registry.scm)
2026-10-04T06:15:30.8187594Z ... execute compile job (compile-file /home/runner/work/gerbil-ascent/gerbil-ascent/.gerbil/lib/asp-gerbil-scheme/src/policy/agent-package-build-system~0.scm)
2026-10-04T06:15:30.8189094Z ... execute compile job (compile-file /home/runner/work/gerbil-ascent/gerbil-ascent/.gerbil/lib/asp-gerbil-scheme/src/policy/agent-package-build-system.scm)
2026-10-04T06:15:31.5890289Z ... execute compile job (compile-file /home/runner/work/gerbil-ascent/gerbil-ascent/.gerbil/lib/asp-gerbil-scheme/src/policy/repair-calibration~0.scm)
2026-10-04T06:15:31.5913711Z ... execute compile job (compile-file /home/runner/work/gerbil-ascent/gerbil-ascent/.gerbil/lib/asp-gerbil-scheme/src/policy/repair-calibration.scm)
2026-10-04T06:15:31.5943404Z ... execute compile job (compile-file /home/runner/work/gerbil-ascent/gerbil-ascent/.gerbil/lib/asp-gerbil-scheme/src/commands/guide~0.scm)
2026-10-04T06:15:31.5973381Z ... execute compile job (compile-file /home/runner/work/gerbil-ascent/gerbil-ascent/.gerbil/lib/asp-gerbil-scheme/src/commands/guide.scm)
2026-10-04T06:15:31.6003414Z ... execute compile job (compile-file /home/runner/work/gerbil-ascent/gerbil-ascent/.gerbil/lib/asp-gerbil-scheme/src/commands/guide~1.scm)
2026-10-04T06:15:31.6010943Z ... execute compile job (compile-file /home/runner/work/gerbil-ascent/gerbil-ascent/.gerbil/lib/asp-gerbil-scheme/src/policy/agent-style-docs~0.scm)
2026-10-04T06:15:31.6013292Z ... execute compile job (compile-file /home/runner/work/gerbil-ascent/gerbil-ascent/.gerbil/lib/asp-gerbil-scheme/src/policy/agent-style-docs.scm)
2026-10-04T06:15:32.2935508Z ... execute compile job (compile-file /home/runner/work/gerbil-ascent/gerbil-ascent/.gerbil/lib/asp-gerbil-scheme/src/policy/agent-comment~0.scm)
2026-10-04T06:15:32.2940391Z ... execute compile job (compile-file /home/runner/work/gerbil-ascent/gerbil-ascent/.gerbil/lib/asp-gerbil-scheme/src/policy/agent-comment.scm)
2026-10-04T06:15:32.2942751Z ... execute compile job (compile-file /home/runner/work/gerbil-ascent/gerbil-ascent/.gerbil/lib/asp-gerbil-scheme/src/policy/agent-import~0.scm)
2026-10-04T06:15:32.2944624Z ... execute compile job (compile-file /home/runner/work/gerbil-ascent/gerbil-ascent/.gerbil/lib/asp-gerbil-scheme/src/policy/agent-import.scm)
2026-10-04T06:15:32.2946646Z ... execute compile job (compile-file /home/runner/work/gerbil-ascent/gerbil-ascent/.gerbil/lib/asp-gerbil-scheme/src/policy/agent-style-gerbil-boundary-signals~0.scm)
2026-10-04T06:15:32.2948642Z ... execute compile job (compile-file /home/runner/work/gerbil-ascent/gerbil-ascent/.gerbil/lib/asp-gerbil-scheme/src/policy/agent-style-gerbil-boundary-signals.scm)
2026-10-04T06:15:32.2950509Z ... execute compile job (compile-file /home/runner/work/gerbil-ascent/gerbil-ascent/.gerbil/lib/asp-gerbil-scheme/src/policy/gerbil-utils-source~0.scm)
2026-10-04T06:15:33.3940520Z ... execute compile job (compile-file /home/runner/work/gerbil-ascent/gerbil-ascent/.gerbil/lib/asp-gerbil-scheme/src/policy/gerbil-utils-source.scm)
2026-10-04T06:15:33.3943431Z ... execute compile job (compile-file /home/runner/work/gerbil-ascent/gerbil-ascent/.gerbil/lib/asp-gerbil-scheme/src/policy/agent-style-gerbil-macro-signals~0.scm)
2026-10-04T06:15:33.3945757Z ... execute compile job (compile-file /home/runner/work/gerbil-ascent/gerbil-ascent/.gerbil/lib/asp-gerbil-scheme/src/policy/agent-style-gerbil-macro-signals.scm)
2026-10-04T06:15:33.3947578Z ... execute compile job (compile-file /home/runner/work/gerbil-ascent/gerbil-ascent/.gerbil/lib/asp-gerbil-scheme/src/snapshot/parser~0.scm)
2026-10-04T06:15:33.3949381Z ... execute compile job (compile-file /home/runner/work/gerbil-ascent/gerbil-ascent/.gerbil/lib/asp-gerbil-scheme/src/snapshot/parser.scm)
2026-10-04T06:15:33.3951184Z ... execute compile job (compile-file /home/runner/work/gerbil-ascent/gerbil-ascent/.gerbil/lib/asp-gerbil-scheme/src/policy/agent-dependency-adapter~0.scm)
2026-10-04T06:15:33.3953135Z ... execute compile job (compile-file /home/runner/work/gerbil-ascent/gerbil-ascent/.gerbil/lib/asp-gerbil-scheme/src/policy/agent-dependency-adapter.scm)
2026-10-04T06:15:34.5795976Z ... execute compile job (compile-file /home/runner/work/gerbil-ascent/gerbil-ascent/.gerbil/lib/asp-gerbil-scheme/src/policy/agent-poo-loop-performance~0.scm)
2026-10-04T06:15:34.5808903Z ... execute compile job (compile-file /home/runner/work/gerbil-ascent/gerbil-ascent/.gerbil/lib/asp-gerbil-scheme/src/policy/agent-poo-loop-performance.scm)
2026-10-04T06:15:34.5811444Z ... execute compile job (compile-file /home/runner/work/gerbil-ascent/gerbil-ascent/.gerbil/lib/asp-gerbil-scheme/src/protocol/structural-facts~0.scm)
2026-10-04T06:15:34.5815460Z ... execute compile job (compile-file /home/runner/work/gerbil-ascent/gerbil-ascent/.gerbil/lib/asp-gerbil-scheme/src/protocol/structural-facts.scm)
2026-10-04T06:15:34.5817451Z ... execute compile job (compile-file /home/runner/work/gerbil-ascent/gerbil-ascent/.gerbil/lib/asp-gerbil-scheme/src/language/facade.scm)
2026-10-04T06:15:34.5819421Z ... execute compile job (compile-file /home/runner/work/gerbil-ascent/gerbil-ascent/.gerbil/lib/asp-gerbil-scheme/src/policy/agent-build-runtime~0.scm)
2026-10-04T06:15:36.0745795Z ... execute compile job (compile-file /home/runner/work/gerbil-ascent/gerbil-ascent/.gerbil/lib/asp-gerbil-scheme/src/policy/agent-build-runtime.scm)
2026-10-04T06:15:36.0773245Z ... execute compile job (compile-file /home/runner/work/gerbil-ascent/gerbil-ascent/.gerbil/lib/asp-gerbil-scheme/src/policy/agent-style-shape~0.scm)
2026-10-04T06:15:36.0803198Z ... execute compile job (compile-file /home/runner/work/gerbil-ascent/gerbil-ascent/.gerbil/lib/asp-gerbil-scheme/src/policy/agent-style-shape.scm)
2026-10-04T06:15:36.0823372Z ... execute compile job (compile-file /home/runner/work/gerbil-ascent/gerbil-ascent/.gerbil/lib/asp-gerbil-scheme/src/policy/agent-macro-protocol~0.scm)
2026-10-04T06:15:36.0863201Z ... execute compile job (compile-file /home/runner/work/gerbil-ascent/gerbil-ascent/.gerbil/lib/asp-gerbil-scheme/src/policy/agent-macro-protocol.scm)
2026-10-04T06:15:36.0865059Z ... execute compile job (compile-file /home/runner/work/gerbil-ascent/gerbil-ascent/.gerbil/lib/asp-gerbil-scheme/src/policy/agent-style-gerbil-signals~0.scm)
2026-10-04T06:15:36.0893281Z ... execute compile job (compile-file /home/runner/work/gerbil-ascent/gerbil-ascent/.gerbil/lib/asp-gerbil-scheme/src/policy/agent-style-gerbil-signals.scm)
2026-10-04T06:15:37.1166404Z ... execute compile job (compile-file /home/runner/work/gerbil-ascent/gerbil-ascent/.gerbil/lib/asp-gerbil-scheme/src/policy/agent-poo~0.scm)
2026-10-04T06:15:37.1193473Z ... execute compile job (compile-file /home/runner/work/gerbil-ascent/gerbil-ascent/.gerbil/lib/asp-gerbil-scheme/src/policy/agent-poo.scm)
2026-10-04T06:15:37.1223399Z ... execute compile job (compile-file /home/runner/work/gerbil-ascent/gerbil-ascent/.gerbil/lib/asp-gerbil-scheme/src/protocol/structural-index~0.scm)
2026-10-04T06:15:37.1254599Z ... execute compile job (compile-file /home/runner/work/gerbil-ascent/gerbil-ascent/.gerbil/lib/asp-gerbil-scheme/src/protocol/structural-index.scm)
2026-10-04T06:15:37.1256657Z ... execute compile job (compile-file /home/runner/work/gerbil-ascent/gerbil-ascent/.gerbil/lib/asp-gerbil-scheme/src/macro-governance/admission~0.scm)
2026-10-04T06:15:37.1283299Z ... execute compile job (compile-file /home/runner/work/gerbil-ascent/gerbil-ascent/.gerbil/lib/asp-gerbil-scheme/src/macro-governance/admission.scm)
2026-10-04T06:15:37.1313243Z ... execute compile job (compile-file /home/runner/work/gerbil-ascent/gerbil-ascent/.gerbil/lib/asp-gerbil-scheme/src/policy/agent-style-quality~0.scm)
2026-10-04T06:15:37.8314033Z ... execute compile job (compile-file /home/runner/work/gerbil-ascent/gerbil-ascent/.gerbil/lib/asp-gerbil-scheme/src/policy/agent-style-quality.scm)
2026-10-04T06:15:37.8315896Z ... execute compile job (compile-file /home/runner/work/gerbil-ascent/gerbil-ascent/.gerbil/lib/asp-gerbil-scheme/src/policy/agent-style-details~0.scm)
2026-10-04T06:15:37.8317664Z ... execute compile job (compile-file /home/runner/work/gerbil-ascent/gerbil-ascent/.gerbil/lib/asp-gerbil-scheme/src/policy/agent-style-details.scm)
2026-10-04T06:15:37.8319586Z ... execute compile job (compile-file /home/runner/work/gerbil-ascent/gerbil-ascent/.gerbil/lib/asp-gerbil-scheme/src/policy/agent-basic~0.scm)
2026-10-04T06:15:37.8321153Z ... execute compile job (compile-file /home/runner/work/gerbil-ascent/gerbil-ascent/.gerbil/lib/asp-gerbil-scheme/src/policy/agent-basic.scm)
2026-10-04T06:15:37.8323900Z ... execute compile job (compile-file /home/runner/work/gerbil-ascent/gerbil-ascent/.gerbil/lib/asp-gerbil-scheme/src/commands/projection~0.scm)
2026-10-04T06:15:37.8325451Z ... execute compile job (compile-file /home/runner/work/gerbil-ascent/gerbil-ascent/.gerbil/lib/asp-gerbil-scheme/src/commands/projection.scm)
2026-10-04T06:15:38.3706574Z ... execute compile job (compile-file /home/runner/work/gerbil-ascent/gerbil-ascent/.gerbil/lib/asp-gerbil-scheme/src/macro-governance/facade.scm)
2026-10-04T06:15:38.3713182Z ... execute compile job (compile-file /home/runner/work/gerbil-ascent/gerbil-ascent/.gerbil/lib/asp-gerbil-scheme/src/policy/agent-style~0.scm)
2026-10-04T06:15:38.3714656Z ... execute compile job (compile-file /home/runner/work/gerbil-ascent/gerbil-ascent/.gerbil/lib/asp-gerbil-scheme/src/policy/agent-style.scm)
2026-10-04T06:15:38.3716186Z ... execute compile job (compile-file /home/runner/work/gerbil-ascent/gerbil-ascent/.gerbil/lib/asp-gerbil-scheme/src/policy/streaming~0.scm)
2026-10-04T06:15:38.3718045Z ... execute compile job (compile-file /home/runner/work/gerbil-ascent/gerbil-ascent/.gerbil/lib/asp-gerbil-scheme/src/policy/streaming.scm)
2026-10-04T06:15:38.3719342Z ... execute compile job (compile-file /home/runner/work/gerbil-ascent/gerbil-ascent/.gerbil/lib/asp-gerbil-scheme/src/policy/agent~0.scm)
2026-10-04T06:15:38.3720617Z ... execute compile job (compile-file /home/runner/work/gerbil-ascent/gerbil-ascent/.gerbil/lib/asp-gerbil-scheme/src/policy/agent.scm)
2026-10-04T06:15:38.7163773Z ... execute compile job (compile-file /home/runner/work/gerbil-ascent/gerbil-ascent/.gerbil/lib/asp-gerbil-scheme/src/package-manager/core~0.scm)
2026-10-04T06:15:38.7165892Z ... execute compile job (compile-file /home/runner/work/gerbil-ascent/gerbil-ascent/.gerbil/lib/asp-gerbil-scheme/src/package-manager/core.scm)
2026-10-04T06:15:38.7193513Z ... execute compile job (compile-file /home/runner/work/gerbil-ascent/gerbil-ascent/.gerbil/lib/asp-gerbil-scheme/src/policy/core~0.scm)
2026-10-04T06:15:38.7208973Z ... execute compile job (compile-file /home/runner/work/gerbil-ascent/gerbil-ascent/.gerbil/lib/asp-gerbil-scheme/src/policy/core.scm)
2026-10-04T06:15:38.7210817Z ... execute compile job (compile-file /home/runner/work/gerbil-ascent/gerbil-ascent/.gerbil/lib/asp-gerbil-scheme/src/policy/gxtest-runtime~0.scm)
2026-10-04T06:15:38.7212961Z ... execute compile job (compile-file /home/runner/work/gerbil-ascent/gerbil-ascent/.gerbil/lib/asp-gerbil-scheme/src/policy/gxtest-runtime.scm)
2026-10-04T06:15:38.7214626Z ... execute compile job (compile-file /home/runner/work/gerbil-ascent/gerbil-ascent/.gerbil/lib/asp-gerbil-scheme/src/build-api/policy-runner~0.scm)
2026-10-04T06:15:39.4288587Z ... execute compile job (compile-file /home/runner/work/gerbil-ascent/gerbil-ascent/.gerbil/lib/asp-gerbil-scheme/src/build-api/policy-runner.scm)
2026-10-04T06:15:39.4313892Z ... execute compile job (compile-file /home/runner/work/gerbil-ascent/gerbil-ascent/.gerbil/lib/asp-gerbil-scheme/src/policy/facade.scm)
2026-10-04T06:15:39.4344113Z ... execute compile job (compile-file /home/runner/work/gerbil-ascent/gerbil-ascent/.gerbil/lib/asp-gerbil-scheme/src/policy/gxtest-report~0.scm)
2026-10-04T06:15:39.4373443Z ... execute compile job (compile-file /home/runner/work/gerbil-ascent/gerbil-ascent/.gerbil/lib/asp-gerbil-scheme/src/policy/gxtest-report.scm)
2026-10-04T06:15:39.4374874Z ... execute compile job (compile-file /home/runner/work/gerbil-ascent/gerbil-ascent/.gerbil/lib/asp-gerbil-scheme/src/scenario/policy~0.scm)
2026-10-04T06:15:39.4393272Z ... execute compile job (compile-file /home/runner/work/gerbil-ascent/gerbil-ascent/.gerbil/lib/asp-gerbil-scheme/src/scenario/policy.scm)
2026-10-04T06:15:39.4394972Z ... execute compile job (compile-file /home/runner/work/gerbil-ascent/gerbil-ascent/.gerbil/lib/asp-gerbil-scheme/src/policy/gxtest~0.scm)
2026-10-04T06:15:39.4396481Z ... execute compile job (compile-file /home/runner/work/gerbil-ascent/gerbil-ascent/.gerbil/lib/asp-gerbil-scheme/src/policy/gxtest.scm)
2026-10-04T06:15:40.0837227Z ... execute compile job (compile-file /home/runner/work/gerbil-ascent/gerbil-ascent/.gerbil/lib/asp-gerbil-scheme/src/policy/gxtest~1.scm)
2026-10-04T06:15:40.0839341Z ... execute compile job (compile-file /home/runner/work/gerbil-ascent/gerbil-ascent/.gerbil/lib/asp-gerbil-scheme/src/package-manager/facade.scm)
2026-10-04T06:15:40.0840773Z ... execute compile job (compile-file /home/runner/work/gerbil-ascent/gerbil-ascent/.gerbil/lib/asp-gerbil-scheme/policy-api.scm)
2026-10-04T06:15:40.0842307Z ... execute compile job (compile-file /home/runner/work/gerbil-ascent/gerbil-ascent/.gerbil/lib/asp-gerbil-scheme/src/extensions/poo-inheritance~0.scm)
2026-10-04T06:15:40.0843945Z ... execute compile job (compile-file /home/runner/work/gerbil-ascent/gerbil-ascent/.gerbil/lib/asp-gerbil-scheme/src/extensions/poo-inheritance.scm)
2026-10-04T06:15:40.0845261Z ... execute compile job (compile-file /home/runner/work/gerbil-ascent/gerbil-ascent/.gerbil/lib/asp-gerbil-scheme/src/extensions/poo~0.scm)
2026-10-04T06:15:40.0846802Z ... execute compile job (compile-file /home/runner/work/gerbil-ascent/gerbil-ascent/.gerbil/lib/asp-gerbil-scheme/src/extensions/poo.scm)
2026-10-04T06:15:40.7762779Z ... execute compile job (compile-file /home/runner/work/gerbil-ascent/gerbil-ascent/.gerbil/lib/asp-gerbil-scheme/src/extensions/core~0.scm)
2026-10-04T06:15:40.7793597Z ... execute compile job (compile-file /home/runner/work/gerbil-ascent/gerbil-ascent/.gerbil/lib/asp-gerbil-scheme/src/extensions/core.scm)
2026-10-04T06:15:40.7796623Z ... execute compile job (compile-file /home/runner/work/gerbil-ascent/gerbil-ascent/.gerbil/lib/asp-gerbil-scheme/src/extensions/facade.scm)
2026-10-04T06:15:40.7801624Z ... execute compile job (compile-file /home/runner/work/gerbil-ascent/gerbil-ascent/.gerbil/lib/asp-gerbil-scheme/src/snapshot/core~0.scm)
2026-10-04T06:15:40.7803574Z ... execute compile job (compile-file /home/runner/work/gerbil-ascent/gerbil-ascent/.gerbil/lib/asp-gerbil-scheme/src/snapshot/core.scm)
2026-10-04T06:15:40.7805024Z ... execute compile job (compile-file /home/runner/work/gerbil-ascent/gerbil-ascent/.gerbil/lib/asp-gerbil-scheme/src/protocol/json~0.scm)
2026-10-04T06:15:40.7806402Z ... execute compile job (compile-file /home/runner/work/gerbil-ascent/gerbil-ascent/.gerbil/lib/asp-gerbil-scheme/src/protocol/json.scm)
2026-10-04T06:15:41.3698758Z ... execute compile job (compile-file /home/runner/work/gerbil-ascent/gerbil-ascent/.gerbil/lib/asp-gerbil-scheme/src/runtime/provider-semantic-evidence~0.scm)
2026-10-04T06:15:41.3700003Z ... execute compile job (compile-file /home/runner/work/gerbil-ascent/gerbil-ascent/.gerbil/lib/asp-gerbil-scheme/src/runtime/provider-semantic-evidence.scm)
2026-10-04T06:15:41.3701174Z ... execute compile job (compile-file /home/runner/work/gerbil-ascent/gerbil-ascent/.gerbil/lib/asp-gerbil-scheme/src/commands/fmt~0.scm)
2026-10-04T06:15:41.3702283Z ... execute compile job (compile-file /home/runner/work/gerbil-ascent/gerbil-ascent/.gerbil/lib/asp-gerbil-scheme/src/commands/fmt.scm)
2026-10-04T06:15:41.3703178Z ... execute compile job (compile-file /home/runner/work/gerbil-ascent/gerbil-ascent/.gerbil/lib/asp-gerbil-scheme/src/commands/info~0.scm)
2026-10-04T06:15:41.3704213Z ... execute compile job (compile-file /home/runner/work/gerbil-ascent/gerbil-ascent/.gerbil/lib/asp-gerbil-scheme/src/commands/info.scm)
2026-10-04T06:15:41.3705102Z ... execute compile job (compile-file /home/runner/work/gerbil-ascent/gerbil-ascent/.gerbil/lib/asp-gerbil-scheme/src/commands/agent~0.scm)
2026-10-04T06:15:41.3706039Z ... execute compile job (compile-file /home/runner/work/gerbil-ascent/gerbil-ascent/.gerbil/lib/asp-gerbil-scheme/src/commands/agent.scm)
2026-10-04T06:15:41.3707133Z ... execute compile job (compile-file /home/runner/work/gerbil-ascent/gerbil-ascent/.gerbil/lib/asp-gerbil-scheme/src/snapshot/graph~0.scm)
2026-10-04T06:15:41.3707990Z ... execute compile job (compile-file /home/runner/work/gerbil-ascent/gerbil-ascent/.gerbil/lib/asp-gerbil-scheme/src/snapshot/graph.scm)
2026-10-04T06:15:41.3708896Z ... execute compile job (compile-file /home/runner/work/gerbil-ascent/gerbil-ascent/.gerbil/lib/asp-gerbil-scheme/src/snapshot/facade.scm)
2026-10-04T06:16:02.2437901Z *** WARNING module std/net/request is DEPRECATED and will be removed in the future
2026-10-04T06:16:02.2438805Z ... cloning github.com/tao3k/poo-flow-core
2026-10-04T06:16:02.2440346Z ... checking out e85fd45303b208b23e5957fd316e7004994109a4
2026-10-04T06:16:02.2440901Z ... pulling
2026-10-04T06:16:02.2441335Z ... cloning github.com/tao3k/gerbil-poo
2026-10-04T06:16:02.2442078Z ... checking out 099b381588360a8a49fd772f666a1a00351366f5
2026-10-04T06:16:02.2442521Z ... pulling
2026-10-04T06:16:02.2442925Z ... build github.com/tao3k/gerbil-poo
2026-10-04T06:16:02.2443387Z ... build github.com/tao3k/poo-flow-core
2026-10-04T06:16:02.2443856Z ... cloning github.com/tao3k/asp-gerbil-scheme
2026-10-04T06:16:02.2444323Z ... checking out v0.1.2.2
2026-10-04T06:16:02.2444730Z ... fetching github.com/tao3k/gerbil-poo
2026-10-04T06:16:02.2445683Z ... checking out 099b381588360a8a49fd772f666a1a00351366f5
2026-10-04T06:16:02.2446068Z ... pulling
2026-10-04T06:16:02.2446411Z ... build github.com/tao3k/asp-gerbil-scheme
2026-10-04T06:16:02.2446773Z ... tagging packages
2026-10-04T06:16:03.3554445Z ascent-dependencies-ready
2026-10-04T06:16:03.3619583Z *** WARNING module std/net/request is DEPRECATED and will be removed in the future
2026-10-04T06:16:03.3819982Z ##[group]Run ASP_GERBIL_SCHEME_POLICY=1 gerbil build
2026-10-04T06:16:03.3820445Z [36;1mASP_GERBIL_SCHEME_POLICY=1 gerbil build[0m
2026-10-04T06:16:03.3862599Z shell: /usr/bin/bash -e {0}
2026-10-04T06:16:03.3863082Z env:
2026-10-04T06:16:03.3863539Z   GERBIL_RELEASE_ROOT: /home/runner/work/gerbil-ascent/gerbil-ascent/.ci/gerbil-release/v19
2026-10-04T06:16:03.3864153Z   GERBIL_PREFIX: /home/runner/work/gerbil-ascent/gerbil-ascent/.ci/gerbil-release/v19
2026-10-04T06:16:03.3864792Z   GERBIL_HOME: /home/runner/work/gerbil-ascent/gerbil-ascent/.ci/gerbil-release/v19/current
2026-10-04T06:16:03.3865906Z   GAMBOPT: ~~=/home/runner/work/gerbil-ascent/gerbil-ascent/.ci/gerbil-release/v19/current,~~bin=/home/runner/work/gerbil-ascent/gerbil-ascent/.ci/gerbil-release/v19/current/bin,~~lib=/home/runner/work/gerbil-ascent/gerbil-ascent/.ci/gerbil-release/v19/current/lib
2026-10-04T06:16:03.3866858Z ##[endgroup]
2026-10-04T06:16:04.5737760Z [asp-gerbil-scheme-policy] START selected modules=46
2026-10-04T06:16:05.7079173Z [asp-gerbil-scheme-policy] warning GERBIL-SCHEME-AGENT-POLICY-013 program/update-selection.ss: Scheme source owner has 3 definitions but only 2 adjacent typed-combinator-style algebraic contracts and 1 low-information typed comments; 1 public/policy-sensitive helpers need full typed doc blocks with | doc m%, # Examples, and result comments; typed-combinator-style has three criteria: adjacent Scheme-native typed block with both polymorphic generic signatures such as ;; : (forall (k v) (-> [(Pair k v)] [(Pair k v)] [(Pair k v)])) and readable/domain signatures such as ;; : (-> (Maybe Type) (Maybe Type) Boolean), compact expression-level composition, and optimization-boundary comments for specialized branches
2026-10-04T06:16:05.7085464Z [asp-gerbil-scheme-policy] warning GERBIL-SCHEME-AGENT-POLICY-013 candidate/stratified-provenance.ss: Scheme source owner has 5 definitions but only 0 adjacent typed-combinator-style algebraic contracts; typed-combinator-style has three criteria: adjacent Scheme-native typed block with both polymorphic generic signatures such as ;; : (forall (k v) (-> [(Pair k v)] [(Pair k v)] [(Pair k v)])) and readable/domain signatures such as ;; : (-> (Maybe Type) (Maybe Type) Boolean), compact expression-level composition, and optimization-boundary comments for specialized branches
2026-10-04T06:16:05.7088876Z [asp-gerbil-scheme-policy] warning GERBIL-SCHEME-AGENT-POLICY-015 candidate/stratified-provenance.ss: 1 key comment locations need engineering comments beyond typed contracts
2026-10-04T06:16:05.7090146Z [asp-gerbil-scheme-policy] COMPLETE findings=3 errors=0
2026-10-04T06:16:07.1804002Z ... compile table/expression
2026-10-04T06:16:07.1933075Z ... compile table/funs
2026-10-04T06:16:09.2299744Z ... compile table/eqrel
2026-10-04T06:16:09.2523986Z ... compile table/trrel
2026-10-04T06:16:09.2760942Z ... compile program/aggregators
2026-10-04T06:16:09.2963999Z ... compile program/graph
2026-10-04T06:16:09.3294011Z ... compile program/analysis
2026-10-04T06:16:09.3516212Z ... compile program/admission
2026-10-04T06:16:09.3707214Z ... compile program/result
2026-10-04T06:16:09.3916285Z ... compile candidate/closure
2026-10-04T06:16:09.4166704Z ... compile candidate/types
2026-10-04T06:16:09.4752230Z ... compile interface/request
2026-10-04T06:16:09.5023290Z ... compile core/binary-program
2026-10-04T06:16:09.5407247Z ... compile table/provider
2026-10-04T06:16:09.5788115Z ... compile table/storage
2026-10-04T06:16:09.6032140Z ... compile program/funs
2026-10-04T06:16:09.6317005Z ... compile program/summary
2026-10-04T06:16:09.6581007Z ... compile table/access
2026-10-04T06:16:09.6800041Z ... compile table/interface
2026-10-04T06:16:09.7005449Z ... compile program/types
2026-10-04T06:16:09.7331844Z ... compile program/positive
2026-10-04T06:16:09.7708774Z ... compile program/objects
2026-10-04T06:16:09.9223378Z ... compile program/scheme-checked
2026-10-04T06:16:09.9325545Z ... compile program/planning
2026-10-04T06:16:09.9326230Z ... compile program/syntax
2026-10-04T06:16:12.3858632Z ... compile program/operator
2026-10-04T06:16:12.4945648Z ... compile candidate/program
2026-10-04T06:16:12.5703974Z ... compile program/update-selection
2026-10-04T06:16:12.5998188Z ... compile program/operator-change
2026-10-04T06:16:12.6320478Z ... compile program/higher-order
2026-10-04T06:16:12.6730129Z ... compile candidate/funs
2026-10-04T06:16:12.7077035Z ... compile program/evaluate
2026-10-04T06:16:12.8212992Z ... compile candidate/provenance
2026-10-04T06:16:12.8754093Z ... compile candidate/finite-evidence
2026-10-04T06:16:12.9217975Z ... compile program/session
2026-10-04T06:16:12.9616952Z ... compile candidate/provenance-graph
2026-10-04T06:16:13.0730914Z ... compile candidate/nonmembership
2026-10-04T06:16:13.1446166Z ... compile candidate/stratified-provenance
2026-10-04T06:16:13.1926695Z ... compile candidate/stratified-proof
2026-10-04T06:16:13.2368028Z ... compile candidate/stratified-producer
2026-10-04T06:16:13.2951163Z ... compile program/scheme-admission
2026-10-04T06:16:13.3449969Z ... compile program/scheme-language
2026-10-04T06:16:13.3574674Z ... compile program/operator-session
2026-10-04T06:16:14.0555855Z ... compile candidate/reasoning
2026-10-04T06:16:14.0693701Z ... compile program/interface
2026-10-04T06:16:14.1312992Z ... compile temporal/lens
2026-10-04T06:16:15.0985734Z ... execute compile job (compile-file /home/runner/work/gerbil-ascent/gerbil-ascent/.gerbil/lib/gerbil-ascent/table/expression~0.scm)
2026-10-04T06:16:15.0987681Z ... execute compile job (compile-file /home/runner/work/gerbil-ascent/gerbil-ascent/.gerbil/lib/gerbil-ascent/table/expression.scm)
2026-10-04T06:16:15.0989994Z ... execute compile job (compile-file /home/runner/work/gerbil-ascent/gerbil-ascent/.gerbil/lib/gerbil-ascent/table/funs~0.scm)
2026-10-04T06:16:15.0991562Z ... execute compile job (compile-file /home/runner/work/gerbil-ascent/gerbil-ascent/.gerbil/lib/gerbil-ascent/table/funs.scm)
2026-10-04T06:16:15.0993408Z ... execute compile job (compile-file /home/runner/work/gerbil-ascent/gerbil-ascent/.gerbil/lib/gerbil-ascent/table/eqrel~0.scm)
2026-10-04T06:16:15.0995026Z ... execute compile job (compile-file /home/runner/work/gerbil-ascent/gerbil-ascent/.gerbil/lib/gerbil-ascent/table/eqrel.scm)
2026-10-04T06:16:15.0996565Z ... execute compile job (compile-file /home/runner/work/gerbil-ascent/gerbil-ascent/.gerbil/lib/gerbil-ascent/table/trrel~0.scm)
2026-10-04T06:16:15.8770898Z ... execute compile job (compile-file /home/runner/work/gerbil-ascent/gerbil-ascent/.gerbil/lib/gerbil-ascent/table/trrel.scm)
2026-10-04T06:16:15.8772770Z ... execute compile job (compile-file /home/runner/work/gerbil-ascent/gerbil-ascent/.gerbil/lib/gerbil-ascent/program/aggregators~0.scm)
2026-10-04T06:16:15.8774193Z ... execute compile job (compile-file /home/runner/work/gerbil-ascent/gerbil-ascent/.gerbil/lib/gerbil-ascent/program/aggregators.scm)
2026-10-04T06:16:15.8775138Z ... execute compile job (compile-file /home/runner/work/gerbil-ascent/gerbil-ascent/.gerbil/lib/gerbil-ascent/program/graph~0.scm)
2026-10-04T06:16:15.8775994Z ... execute compile job (compile-file /home/runner/work/gerbil-ascent/gerbil-ascent/.gerbil/lib/gerbil-ascent/program/graph.scm)
2026-10-04T06:16:15.8776829Z ... execute compile job (compile-file /home/runner/work/gerbil-ascent/gerbil-ascent/.gerbil/lib/gerbil-ascent/program/admission~0.scm)
2026-10-04T06:16:15.8777686Z ... execute compile job (compile-file /home/runner/work/gerbil-ascent/gerbil-ascent/.gerbil/lib/gerbil-ascent/program/admission.scm)
2026-10-04T06:16:15.8778523Z ... execute compile job (compile-file /home/runner/work/gerbil-ascent/gerbil-ascent/.gerbil/lib/gerbil-ascent/program/analysis~0.scm)
2026-10-04T06:16:16.9693658Z ... execute compile job (compile-file /home/runner/work/gerbil-ascent/gerbil-ascent/.gerbil/lib/gerbil-ascent/program/analysis.scm)
2026-10-04T06:16:16.9723244Z ... execute compile job (compile-file /home/runner/work/gerbil-ascent/gerbil-ascent/.gerbil/lib/gerbil-ascent/program/result~0.scm)
2026-10-04T06:16:16.9753465Z ... execute compile job (compile-file /home/runner/work/gerbil-ascent/gerbil-ascent/.gerbil/lib/gerbil-ascent/program/result.scm)
2026-10-04T06:16:16.9783069Z ... execute compile job (compile-file /home/runner/work/gerbil-ascent/gerbil-ascent/.gerbil/lib/gerbil-ascent/candidate/closure~0.scm)
2026-10-04T06:16:16.9813027Z ... execute compile job (compile-file /home/runner/work/gerbil-ascent/gerbil-ascent/.gerbil/lib/gerbil-ascent/candidate/closure.scm)
2026-10-04T06:16:16.9843010Z ... execute compile job (compile-file /home/runner/work/gerbil-ascent/gerbil-ascent/.gerbil/lib/gerbil-ascent/candidate/types~0.scm)
2026-10-04T06:16:16.9844609Z ... execute compile job (compile-file /home/runner/work/gerbil-ascent/gerbil-ascent/.gerbil/lib/gerbil-ascent/candidate/types.scm)
2026-10-04T06:16:16.9846000Z ... execute compile job (compile-file /home/runner/work/gerbil-ascent/gerbil-ascent/.gerbil/lib/gerbil-ascent/candidate/types~1.scm)
2026-10-04T06:16:17.9080814Z ... execute compile job (compile-file /home/runner/work/gerbil-ascent/gerbil-ascent/.gerbil/lib/gerbil-ascent/interface/request~0.scm)
2026-10-04T06:16:17.9103522Z ... execute compile job (compile-file /home/runner/work/gerbil-ascent/gerbil-ascent/.gerbil/lib/gerbil-ascent/interface/request.scm)
2026-10-04T06:16:17.9133594Z ... execute compile job (compile-file /home/runner/work/gerbil-ascent/gerbil-ascent/.gerbil/lib/gerbil-ascent/core/binary-program~0.scm)
2026-10-04T06:16:17.9163412Z ... execute compile job (compile-file /home/runner/work/gerbil-ascent/gerbil-ascent/.gerbil/lib/gerbil-ascent/core/binary-program.scm)
2026-10-04T06:16:17.9188934Z ... execute compile job (compile-file /home/runner/work/gerbil-ascent/gerbil-ascent/.gerbil/lib/gerbil-ascent/table/provider~0.scm)
2026-10-04T06:16:17.9207545Z ... execute compile job (compile-file /home/runner/work/gerbil-ascent/gerbil-ascent/.gerbil/lib/gerbil-ascent/table/provider.scm)
2026-10-04T06:16:17.9209493Z ... execute compile job (compile-file /home/runner/work/gerbil-ascent/gerbil-ascent/.gerbil/lib/gerbil-ascent/table/storage~0.scm)
2026-10-04T06:16:17.9211051Z ... execute compile job (compile-file /home/runner/work/gerbil-ascent/gerbil-ascent/.gerbil/lib/gerbil-ascent/table/storage.scm)
2026-10-04T06:16:18.8996608Z ... execute compile job (compile-file /home/runner/work/gerbil-ascent/gerbil-ascent/.gerbil/lib/gerbil-ascent/program/funs~0.scm)
2026-10-04T06:16:18.9023428Z ... execute compile job (compile-file /home/runner/work/gerbil-ascent/gerbil-ascent/.gerbil/lib/gerbil-ascent/program/funs.scm)
2026-10-04T06:16:18.9053381Z ... execute compile job (compile-file /home/runner/work/gerbil-ascent/gerbil-ascent/.gerbil/lib/gerbil-ascent/program/summary~0.scm)
2026-10-04T06:16:18.9083335Z ... execute compile job (compile-file /home/runner/work/gerbil-ascent/gerbil-ascent/.gerbil/lib/gerbil-ascent/program/summary.scm)
2026-10-04T06:16:18.9085088Z ... execute compile job (compile-file /home/runner/work/gerbil-ascent/gerbil-ascent/.gerbil/lib/gerbil-ascent/table/access~0.scm)
2026-10-04T06:16:18.9113258Z ... execute compile job (compile-file /home/runner/work/gerbil-ascent/gerbil-ascent/.gerbil/lib/gerbil-ascent/table/access.scm)
2026-10-04T06:16:18.9133936Z ... execute compile job (compile-file /home/runner/work/gerbil-ascent/gerbil-ascent/.gerbil/lib/gerbil-ascent/table/interface.scm)
2026-10-04T06:16:19.9886669Z ... execute compile job (compile-file /home/runner/work/gerbil-ascent/gerbil-ascent/.gerbil/lib/gerbil-ascent/program/types~0.scm)
2026-10-04T06:16:19.9888222Z ... execute compile job (compile-file /home/runner/work/gerbil-ascent/gerbil-ascent/.gerbil/lib/gerbil-ascent/program/types.scm)
2026-10-04T06:16:19.9889867Z ... execute compile job (compile-file /home/runner/work/gerbil-ascent/gerbil-ascent/.gerbil/lib/gerbil-ascent/program/positive~0.scm)
2026-10-04T06:16:19.9892256Z ... execute compile job (compile-file /home/runner/work/gerbil-ascent/gerbil-ascent/.gerbil/lib/gerbil-ascent/program/positive.scm)
2026-10-04T06:16:19.9893933Z ... execute compile job (compile-file /home/runner/work/gerbil-ascent/gerbil-ascent/.gerbil/lib/gerbil-ascent/program/objects~0.scm)
2026-10-04T06:16:19.9895224Z ... execute compile job (compile-file /home/runner/work/gerbil-ascent/gerbil-ascent/.gerbil/lib/gerbil-ascent/program/objects.scm)
2026-10-04T06:16:19.9896508Z ... execute compile job (compile-file /home/runner/work/gerbil-ascent/gerbil-ascent/.gerbil/lib/gerbil-ascent/program/planning~0.scm)
2026-10-04T06:16:19.9897848Z ... execute compile job (compile-file /home/runner/work/gerbil-ascent/gerbil-ascent/.gerbil/lib/gerbil-ascent/program/planning.scm)
2026-10-04T06:16:21.4524004Z ... execute compile job (compile-file /home/runner/work/gerbil-ascent/gerbil-ascent/.gerbil/lib/gerbil-ascent/program/syntax.scm)
2026-10-04T06:16:21.4555578Z ... execute compile job (compile-file /home/runner/work/gerbil-ascent/gerbil-ascent/.gerbil/lib/gerbil-ascent/program/scheme-checked~0.scm)
2026-10-04T06:16:21.4583704Z ... execute compile job (compile-file /home/runner/work/gerbil-ascent/gerbil-ascent/.gerbil/lib/gerbil-ascent/program/scheme-checked.scm)
2026-10-04T06:16:21.4613134Z ... execute compile job (compile-file /home/runner/work/gerbil-ascent/gerbil-ascent/.gerbil/lib/gerbil-ascent/program/scheme-checked~1.scm)
2026-10-04T06:16:21.4642991Z ... execute compile job (compile-file /home/runner/work/gerbil-ascent/gerbil-ascent/.gerbil/lib/gerbil-ascent/program/operator~0.scm)
2026-10-04T06:16:21.4645140Z ... execute compile job (compile-file /home/runner/work/gerbil-ascent/gerbil-ascent/.gerbil/lib/gerbil-ascent/program/operator.scm)
2026-10-04T06:16:21.4673066Z ... execute compile job (compile-file /home/runner/work/gerbil-ascent/gerbil-ascent/.gerbil/lib/gerbil-ascent/program/operator~1.scm)
2026-10-04T06:16:21.4703009Z ... execute compile job (compile-file /home/runner/work/gerbil-ascent/gerbil-ascent/.gerbil/lib/gerbil-ascent/candidate/program~0.scm)
2026-10-04T06:16:22.7853370Z ... execute compile job (compile-file /home/runner/work/gerbil-ascent/gerbil-ascent/.gerbil/lib/gerbil-ascent/candidate/program.scm)
2026-10-04T06:16:22.7883539Z ... execute compile job (compile-file /home/runner/work/gerbil-ascent/gerbil-ascent/.gerbil/lib/gerbil-ascent/program/update-selection~0.scm)
2026-10-04T06:16:22.7903208Z ... execute compile job (compile-file /home/runner/work/gerbil-ascent/gerbil-ascent/.gerbil/lib/gerbil-ascent/program/update-selection.scm)
2026-10-04T06:16:22.7913332Z ... execute compile job (compile-file /home/runner/work/gerbil-ascent/gerbil-ascent/.gerbil/lib/gerbil-ascent/program/operator-change~0.scm)
2026-10-04T06:16:22.7943330Z ... execute compile job (compile-file /home/runner/work/gerbil-ascent/gerbil-ascent/.gerbil/lib/gerbil-ascent/program/operator-change.scm)
2026-10-04T06:16:22.7971377Z ... execute compile job (compile-file /home/runner/work/gerbil-ascent/gerbil-ascent/.gerbil/lib/gerbil-ascent/program/higher-order~0.scm)
2026-10-04T06:16:22.7973468Z ... execute compile job (compile-file /home/runner/work/gerbil-ascent/gerbil-ascent/.gerbil/lib/gerbil-ascent/program/higher-order.scm)
2026-10-04T06:16:24.2408555Z ... execute compile job (compile-file /home/runner/work/gerbil-ascent/gerbil-ascent/.gerbil/lib/gerbil-ascent/program/higher-order~1.scm)
2026-10-04T06:16:24.2433372Z ... execute compile job (compile-file /home/runner/work/gerbil-ascent/gerbil-ascent/.gerbil/lib/gerbil-ascent/candidate/funs~0.scm)
2026-10-04T06:16:24.2454121Z ... execute compile job (compile-file /home/runner/work/gerbil-ascent/gerbil-ascent/.gerbil/lib/gerbil-ascent/candidate/funs.scm)
2026-10-04T06:16:24.2473219Z ... execute compile job (compile-file /home/runner/work/gerbil-ascent/gerbil-ascent/.gerbil/lib/gerbil-ascent/program/evaluate~0.scm)
2026-10-04T06:16:24.2493040Z ... execute compile job (compile-file /home/runner/work/gerbil-ascent/gerbil-ascent/.gerbil/lib/gerbil-ascent/program/evaluate.scm)
2026-10-04T06:16:24.2523230Z ... execute compile job (compile-file /home/runner/work/gerbil-ascent/gerbil-ascent/.gerbil/lib/gerbil-ascent/program/evaluate~1.scm)
2026-10-04T06:16:24.2549994Z ... execute compile job (compile-file /home/runner/work/gerbil-ascent/gerbil-ascent/.gerbil/lib/gerbil-ascent/candidate/provenance~0.scm)
2026-10-04T06:16:24.2552174Z ... execute compile job (compile-file /home/runner/work/gerbil-ascent/gerbil-ascent/.gerbil/lib/gerbil-ascent/candidate/provenance.scm)
2026-10-04T06:16:26.2063799Z ... execute compile job (compile-file /home/runner/work/gerbil-ascent/gerbil-ascent/.gerbil/lib/gerbil-ascent/candidate/provenance~1.scm)
2026-10-04T06:16:26.2065420Z ... execute compile job (compile-file /home/runner/work/gerbil-ascent/gerbil-ascent/.gerbil/lib/gerbil-ascent/candidate/finite-evidence~0.scm)
2026-10-04T06:16:26.2066814Z ... execute compile job (compile-file /home/runner/work/gerbil-ascent/gerbil-ascent/.gerbil/lib/gerbil-ascent/candidate/finite-evidence.scm)
2026-10-04T06:16:26.2068177Z ... execute compile job (compile-file /home/runner/work/gerbil-ascent/gerbil-ascent/.gerbil/lib/gerbil-ascent/candidate/finite-evidence~1.scm)
2026-10-04T06:16:26.2069504Z ... execute compile job (compile-file /home/runner/work/gerbil-ascent/gerbil-ascent/.gerbil/lib/gerbil-ascent/candidate/provenance-graph~0.scm)
2026-10-04T06:16:26.2070819Z ... execute compile job (compile-file /home/runner/work/gerbil-ascent/gerbil-ascent/.gerbil/lib/gerbil-ascent/candidate/provenance-graph.scm)
2026-10-04T06:16:26.2072208Z ... execute compile job (compile-file /home/runner/work/gerbil-ascent/gerbil-ascent/.gerbil/lib/gerbil-ascent/candidate/provenance-graph~1.scm)
2026-10-04T06:16:27.7044210Z ... execute compile job (compile-file /home/runner/work/gerbil-ascent/gerbil-ascent/.gerbil/lib/gerbil-ascent/candidate/nonmembership~0.scm)
2026-10-04T06:16:27.7046302Z ... execute compile job (compile-file /home/runner/work/gerbil-ascent/gerbil-ascent/.gerbil/lib/gerbil-ascent/candidate/nonmembership.scm)
2026-10-04T06:16:27.7048187Z ... execute compile job (compile-file /home/runner/work/gerbil-ascent/gerbil-ascent/.gerbil/lib/gerbil-ascent/candidate/nonmembership~1.scm)
2026-10-04T06:16:27.7050083Z ... execute compile job (compile-file /home/runner/work/gerbil-ascent/gerbil-ascent/.gerbil/lib/gerbil-ascent/candidate/stratified-provenance~0.scm)
2026-10-04T06:16:27.7052117Z ... execute compile job (compile-file /home/runner/work/gerbil-ascent/gerbil-ascent/.gerbil/lib/gerbil-ascent/candidate/stratified-provenance.scm)
2026-10-04T06:16:27.7053939Z ... execute compile job (compile-file /home/runner/work/gerbil-ascent/gerbil-ascent/.gerbil/lib/gerbil-ascent/candidate/stratified-provenance~1.scm)
2026-10-04T06:16:27.7055636Z ... execute compile job (compile-file /home/runner/work/gerbil-ascent/gerbil-ascent/.gerbil/lib/gerbil-ascent/candidate/stratified-proof~0.scm)
2026-10-04T06:16:28.9783780Z ... execute compile job (compile-file /home/runner/work/gerbil-ascent/gerbil-ascent/.gerbil/lib/gerbil-ascent/candidate/stratified-proof.scm)
2026-10-04T06:16:28.9803281Z ... execute compile job (compile-file /home/runner/work/gerbil-ascent/gerbil-ascent/.gerbil/lib/gerbil-ascent/program/session~0.scm)
2026-10-04T06:16:28.9833121Z ... execute compile job (compile-file /home/runner/work/gerbil-ascent/gerbil-ascent/.gerbil/lib/gerbil-ascent/program/session.scm)
2026-10-04T06:16:28.9843785Z ... execute compile job (compile-file /home/runner/work/gerbil-ascent/gerbil-ascent/.gerbil/lib/gerbil-ascent/candidate/stratified-producer~0.scm)
2026-10-04T06:16:28.9862952Z ... execute compile job (compile-file /home/runner/work/gerbil-ascent/gerbil-ascent/.gerbil/lib/gerbil-ascent/candidate/stratified-producer.scm)
2026-10-04T06:16:28.9892992Z ... execute compile job (compile-file /home/runner/work/gerbil-ascent/gerbil-ascent/.gerbil/lib/gerbil-ascent/program/scheme-admission~0.scm)
2026-10-04T06:16:28.9922919Z ... execute compile job (compile-file /home/runner/work/gerbil-ascent/gerbil-ascent/.gerbil/lib/gerbil-ascent/program/scheme-admission.scm)
2026-10-04T06:16:30.2843850Z ... execute compile job (compile-file /home/runner/work/gerbil-ascent/gerbil-ascent/.gerbil/lib/gerbil-ascent/program/scheme-admission~1.scm)
2026-10-04T06:16:30.2846418Z ... execute compile job (compile-file /home/runner/work/gerbil-ascent/gerbil-ascent/.gerbil/lib/gerbil-ascent/program/scheme-language.scm)
2026-10-04T06:16:30.2873546Z ... execute compile job (compile-file /home/runner/work/gerbil-ascent/gerbil-ascent/.gerbil/lib/gerbil-ascent/program/operator-session~0.scm)
2026-10-04T06:16:30.2903099Z ... execute compile job (compile-file /home/runner/work/gerbil-ascent/gerbil-ascent/.gerbil/lib/gerbil-ascent/program/operator-session.scm)
2026-10-04T06:16:30.2933304Z ... execute compile job (compile-file /home/runner/work/gerbil-ascent/gerbil-ascent/.gerbil/lib/gerbil-ascent/program/operator-session~1.scm)
2026-10-04T06:16:30.2963164Z ... execute compile job (compile-file /home/runner/work/gerbil-ascent/gerbil-ascent/.gerbil/lib/gerbil-ascent/program/scheme-language~1.scm)
2026-10-04T06:16:30.2965053Z ... execute compile job (compile-file /home/runner/work/gerbil-ascent/gerbil-ascent/.gerbil/lib/gerbil-ascent/candidate/reasoning~0.scm)
2026-10-04T06:16:30.2969227Z ... execute compile job (compile-file /home/runner/work/gerbil-ascent/gerbil-ascent/.gerbil/lib/gerbil-ascent/candidate/reasoning.scm)
2026-10-04T06:16:37.1490672Z ... execute compile job (compile-file /home/runner/work/gerbil-ascent/gerbil-ascent/.gerbil/lib/gerbil-ascent/candidate/reasoning~1.scm)
2026-10-04T06:16:37.1492342Z ... execute compile job (compile-file /home/runner/work/gerbil-ascent/gerbil-ascent/.gerbil/lib/gerbil-ascent/program/interface.scm)
2026-10-04T06:16:37.1493907Z ... execute compile job (compile-file /home/runner/work/gerbil-ascent/gerbil-ascent/.gerbil/lib/gerbil-ascent/temporal/lens~0.scm)
2026-10-04T06:16:37.1495247Z ... execute compile job (compile-file /home/runner/work/gerbil-ascent/gerbil-ascent/.gerbil/lib/gerbil-ascent/temporal/lens.scm)
2026-10-04T06:16:37.1496608Z ... execute compile job (compile-file /home/runner/work/gerbil-ascent/gerbil-ascent/.gerbil/lib/gerbil-ascent/program/syntax~1.scm)
2026-10-04T06:16:37.1924501Z *** WARNING module std/net/request is DEPRECATED and will be removed in the future
2026-10-04T06:16:37.1925177Z ... build in current directory
2026-10-04T06:16:37.2125061Z ##[group]Run just test
2026-10-04T06:16:37.2125532Z [36;1mjust test[0m
2026-10-04T06:16:37.2166866Z shell: /usr/bin/bash -e {0}
2026-10-04T06:16:37.2167237Z env:
2026-10-04T06:16:37.2167718Z   GERBIL_RELEASE_ROOT: /home/runner/work/gerbil-ascent/gerbil-ascent/.ci/gerbil-release/v19
2026-10-04T06:16:37.2168334Z   GERBIL_PREFIX: /home/runner/work/gerbil-ascent/gerbil-ascent/.ci/gerbil-release/v19
2026-10-04T06:16:37.2168912Z   GERBIL_HOME: /home/runner/work/gerbil-ascent/gerbil-ascent/.ci/gerbil-release/v19/current
2026-10-04T06:16:37.2170047Z   GAMBOPT: ~~=/home/runner/work/gerbil-ascent/gerbil-ascent/.ci/gerbil-release/v19/current,~~bin=/home/runner/work/gerbil-ascent/gerbil-ascent/.ci/gerbil-release/v19/current/bin,~~lib=/home/runner/work/gerbil-ascent/gerbil-ascent/.ci/gerbil-release/v19/current/lib
2026-10-04T06:16:37.2171031Z ##[endgroup]
2026-10-04T06:16:37.2256167Z GERBIL_LOADPATH="/home/runner/work/gerbil-ascent/gerbil-ascent${GERBIL_LOADPATH:+:$GERBIL_LOADPATH}" gerbil env gxi -:max-heap=1G,debug=q t/harness/run.ss test "auto" all
2026-10-04T06:16:46.7184719Z ... compile table/expression
2026-10-04T06:16:51.2379092Z ... compile table/funs
2026-10-04T06:16:51.6046641Z ... compile table/eqrel
2026-10-04T06:16:52.0089105Z ... compile table/trrel
2026-10-04T06:16:52.4901610Z ... compile program/aggregators
2026-10-04T06:16:52.8044688Z ... compile program/graph
2026-10-04T06:16:53.5215011Z ... compile program/analysis
2026-10-04T06:16:53.9992446Z ... compile program/admission
2026-10-04T06:16:54.3114936Z ... compile program/result
2026-10-04T06:16:54.6834478Z ... compile candidate/closure
2026-10-04T06:16:55.4886761Z ... compile candidate/types
2026-10-04T06:16:56.3865825Z ... compile interface/request
2026-10-04T06:16:56.7099029Z ... compile t/scenarios/performance/ascent-table-expression/baseline
2026-10-04T06:16:57.0619552Z ... compile t/qualification/ascent-invalid-program-test
2026-10-04T06:16:57.5044407Z ... compile t/qualification/ascent-observability-test
2026-10-04T06:16:57.8914451Z ... compile t/qualification/ascent-poo-primitives-test
2026-10-04T06:16:58.3651617Z ... compile core/binary-program
2026-10-04T06:16:59.7088311Z ... compile t/qualification/ascent-materialization-test
2026-10-04T06:17:00.9841481Z ... compile t/qualification/ascent-table-expression-test
2026-10-04T06:17:02.2176799Z ... compile table/provider
2026-10-04T06:17:02.5530481Z ... compile table/storage
2026-10-04T06:17:03.2945519Z ... compile program/funs
2026-10-04T06:17:04.2592870Z ... compile program/summary
2026-10-04T06:17:04.7531168Z ... compile t/qualification/ascent-closure-candidates-test
2026-10-04T06:17:05.4731948Z ... compile t/qualification/ascent-request-projection-test
2026-10-04T06:17:05.8845447Z ... compile t/qualification/ascent-binary-program-test
2026-10-04T06:17:08.5590357Z ... compile table/access
2026-10-04T06:17:08.8466313Z ... compile table/interface
2026-10-04T06:17:08.9972692Z ... compile program/types
2026-10-04T06:17:09.8993153Z ... compile t/qualification/ascent-set-batch-test
2026-10-04T06:17:10.5605291Z ... compile program/positive
2026-10-04T06:17:11.1292448Z ... compile t/qualification/ascent-binding-test
2026-10-04T06:17:12.1998114Z ... compile t/qualification/ascent-strata-test
2026-10-04T06:17:12.7913267Z ... compile t/qualification/ascent-byods-invariants-test
2026-10-04T06:17:13.8676406Z ... compile program/objects
2026-10-04T06:17:15.1565032Z ... compile t/qualification/ascent-contract-union-test
2026-10-04T06:17:15.9839918Z ... compile program/scheme-checked
2026-10-04T06:17:17.2545296Z ... compile program/planning
2026-10-04T06:17:17.8342202Z ... compile program/syntax
2026-10-04T06:17:27.6860464Z ... compile program/operator
2026-10-04T06:17:29.4251400Z ... compile candidate/program
2026-10-04T06:17:30.7940954Z ... compile program/update-selection
2026-10-04T06:17:31.2922298Z ... compile program/operator-change
2026-10-04T06:17:32.1373996Z ... compile program/higher-order
2026-10-04T06:17:33.5411373Z ... compile candidate/funs
2026-10-04T06:17:34.1506831Z ... compile program/evaluate
2026-10-04T06:17:37.4799127Z ... compile candidate/provenance
2026-10-04T06:17:39.3978075Z ... compile candidate/finite-evidence
2026-10-04T06:17:40.8169978Z ... compile t/qualification/ascent-binding-program-test
2026-10-04T06:17:41.2047165Z ... compile program/session
2026-10-04T06:17:41.9958471Z ... compile t/qualification/ascent-set-source-test
2026-10-04T06:17:43.3505214Z ... compile t/qualification/ascent-source-admission-test
2026-10-04T06:17:44.4230443Z ... compile candidate/provenance-graph
2026-10-04T06:17:45.7988103Z ... compile candidate/nonmembership
2026-10-04T06:17:47.0904343Z ... compile candidate/stratified-provenance
2026-10-04T06:17:48.4174993Z ... compile candidate/stratified-proof
2026-10-04T06:17:49.8087123Z ... compile program/scheme-admission
2026-10-04T06:17:51.2140918Z ... compile candidate/stratified-producer
2026-10-04T06:17:52.5340229Z ... compile program/scheme-language
2026-10-04T06:17:55.6670207Z ... compile program/operator-session
2026-10-04T06:17:56.2285311Z ... compile candidate/reasoning
2026-10-04T06:17:57.9885279Z ... compile t/qualification/scheme-closure-contract-test
2026-10-04T06:17:58.5904359Z ... compile t/qualification/scheme-native-language-test
2026-10-04T06:17:59.6498763Z ... compile t/qualification/scheme-native-reduction-test
2026-10-04T06:18:00.2595806Z ... compile t/qualification/scheme-higher-order-test
2026-10-04T06:18:01.1482554Z ... compile t/qualification/scheme-session-deletion-test
2026-10-04T06:18:02.3142792Z ... compile program/interface
2026-10-04T06:18:02.4782843Z ... compile temporal/lens
2026-10-04T06:18:03.8471398Z ... compile t/qualification/ascent-candidate-description-test
2026-10-04T06:18:04.4745396Z ... compile t/qualification/ascent-positive-provenance-test
2026-10-04T06:18:05.7054997Z ... compile t/qualification/ascent-finite-evidence-test
2026-10-04T06:18:06.4284455Z ... compile t/qualification/ascent-reasoning-library-test
2026-10-04T06:18:08.9565484Z ... compile t/qualification/ascent-positive-nonmembership-test
2026-10-04T06:18:10.3054701Z ... compile t/qualification/scheme-model-closure-test
2026-10-04T06:18:12.0109070Z ... compile t/qualification/scheme-stratified-provenance-test
2026-10-04T06:18:13.2062814Z ... compile t/qualification/ascent-stratified-proof-test
2026-10-04T06:18:15.1263617Z ... compile t/qualification/scheme-provenance-graph-test
2026-10-04T06:18:16.2434342Z ... compile t/qualification/ascent-declaration-scope-test
2026-10-04T06:18:16.6973774Z ... compile t/qualification/ascent-index-program-test
2026-10-04T06:18:18.0841132Z ... compile t/qualification/ascent-module-program-test
2026-10-04T06:18:18.6539046Z ... compile t/qualification/ascent-mutual-program-test
2026-10-04T06:18:19.8247127Z ... compile t/qualification/ascent-rule-program-test
2026-10-04T06:18:22.9113111Z ... compile t/qualification/scheme-native-integration-test
2026-10-04T06:18:23.9355448Z ... compile t/qualification/scheme-operator-retained-test
2026-10-04T06:18:25.7212609Z ... compile t/qualification/scheme-relational-test
2026-10-04T06:18:30.6345836Z ... compile t/qualification/ascent-aggregate-program-test
2026-10-04T06:18:31.5209047Z ... compile t/qualification/ascent-byods-index-test
2026-10-04T06:18:32.2103328Z ... compile t/qualification/ascent-eqrel-program-test
2026-10-04T06:18:35.3309789Z ... compile t/qualification/ascent-lattice-program-test
2026-10-04T06:18:36.8234844Z ... compile t/qualification/ascent-scc-summary-test
2026-10-04T06:18:37.5513696Z ... compile t/qualification/ascent-timeout-test
2026-10-04T06:18:39.6146158Z ... compile t/qualification/ascent-timing-test
2026-10-04T06:18:40.1720050Z ... compile t/qualification/ascent-syntax-test
2026-10-04T06:18:42.4475892Z ... compile t/qualification/ascent-result-publication-test
2026-10-04T06:18:43.4343382Z ... compile t/qualification/ascent-index-lifecycle-test
2026-10-04T06:18:44.1740781Z ... compile t/qualification/ascent-multi-frontier-test
2026-10-04T06:18:45.2667585Z ... compile t/qualification/ascent-size-test
2026-10-04T06:18:46.1737830Z ... compile t/qualification/ascent-set-emit-test
2026-10-04T06:18:47.9937588Z ... compile t/qualification/ascent-set-size-test
2026-10-04T06:18:49.2170079Z ... compile t/qualification/ascent-workspace-test
2026-10-04T06:18:49.9767462Z ... compile t/qualification/ascent-positive-plan-test
2026-10-04T06:18:51.8909027Z ... compile t/qualification/scheme-library-contract-test
2026-10-04T06:18:53.5949633Z ... compile t/qualification/scheme-operator-test
2026-10-04T06:18:56.1488606Z ... compile t/qualification/ascent-temporal-lens-test
2026-10-04T06:19:00.2016002Z [ascent-test] PLAN parallel=54 exclusive=3 jobs=4 logs=/home/runner/work/gerbil-ascent/gerbil-ascent/.cache/ascent/native-library/test.ukjNpY
2026-10-04T06:19:00.2084050Z [ascent-test] RUN t/qualification/ascent-aggregate-program-test.ss
2026-10-04T06:19:00.2103309Z [ascent-test] RUN t/qualification/ascent-binary-program-test.ss
2026-10-04T06:19:00.2104379Z [ascent-test] RUN t/qualification/ascent-binding-program-test.ss
2026-10-04T06:19:00.2105264Z [ascent-test] RUN t/qualification/ascent-binding-test.ss
2026-10-04T06:19:01.3609555Z [ascent-test] PASS t/qualification/ascent-binding-program-test.ss
2026-10-04T06:19:01.3633416Z [ascent-test] RUN t/qualification/ascent-byods-index-test.ss
2026-10-04T06:19:01.5138175Z [ascent-test] PASS t/qualification/ascent-binary-program-test.ss
2026-10-04T06:19:01.5170129Z [ascent-test] RUN t/qualification/ascent-byods-invariants-test.ss
2026-10-04T06:19:02.7525201Z [ascent-test] PASS t/qualification/ascent-byods-index-test.ss
2026-10-04T06:19:02.7556016Z [ascent-test] RUN t/qualification/ascent-candidate-description-test.ss
2026-10-04T06:19:02.7873311Z [ascent-test] PASS t/qualification/ascent-binding-test.ss
2026-10-04T06:19:02.7903419Z [ascent-test] RUN t/qualification/ascent-closure-candidates-test.ss
2026-10-04T06:19:02.7918798Z [ascent-test] PASS t/qualification/ascent-aggregate-program-test.ss
2026-10-04T06:19:02.7950620Z [ascent-test] RUN t/qualification/ascent-contract-union-test.ss
2026-10-04T06:19:03.7955721Z [ascent-test] PASS t/qualification/ascent-closure-candidates-test.ss
2026-10-04T06:19:03.8013289Z [ascent-test] RUN t/qualification/ascent-declaration-scope-test.ss
2026-10-04T06:19:04.1012963Z [ascent-test] PASS t/qualification/ascent-contract-union-test.ss
2026-10-04T06:19:04.1037502Z [ascent-test] RUN t/qualification/ascent-eqrel-program-test.ss
2026-10-04T06:19:04.3914403Z [ascent-test] PASS t/qualification/ascent-candidate-description-test.ss
2026-10-04T06:19:04.3946318Z [ascent-test] RUN t/qualification/ascent-finite-evidence-test.ss
2026-10-04T06:19:05.2058488Z [ascent-test] RUNNING logs=/home/runner/work/gerbil-ascent/gerbil-ascent/.cache/ascent/native-library/test.ukjNpY
2026-10-04T06:19:05.9105656Z [ascent-test] PASS t/qualification/ascent-eqrel-program-test.ss
2026-10-04T06:19:05.9136900Z [ascent-test] RUN t/qualification/ascent-index-lifecycle-test.ss
2026-10-04T06:19:06.1585042Z [ascent-test] PASS t/qualification/ascent-byods-invariants-test.ss
2026-10-04T06:19:06.1612574Z [ascent-test] RUN t/qualification/ascent-index-program-test.ss
2026-10-04T06:19:07.6183463Z [ascent-test] PASS t/qualification/ascent-index-lifecycle-test.ss
2026-10-04T06:19:07.6211282Z [ascent-test] RUN t/qualification/ascent-invalid-program-test.ss
2026-10-04T06:19:08.0104104Z [ascent-test] PASS t/qualification/ascent-index-program-test.ss
2026-10-04T06:19:08.0173051Z [ascent-test] RUN t/qualification/ascent-lattice-program-test.ss
2026-10-04T06:19:08.5035316Z [ascent-test] PASS t/qualification/ascent-declaration-scope-test.ss
2026-10-04T06:19:08.5102926Z [ascent-test] RUN t/qualification/ascent-materialization-test.ss
2026-10-04T06:19:09.6163238Z [ascent-test] PASS t/qualification/ascent-lattice-program-test.ss
2026-10-04T06:19:09.6192954Z [ascent-test] RUN t/qualification/ascent-module-program-test.ss
2026-10-04T06:19:09.8323272Z [ascent-test] PASS t/qualification/ascent-invalid-program-test.ss
2026-10-04T06:19:09.8353225Z [ascent-test] RUN t/qualification/ascent-multi-frontier-test.ss
2026-10-04T06:19:10.1536534Z [ascent-test] PASS t/qualification/ascent-materialization-test.ss
2026-10-04T06:19:10.1581522Z [ascent-test] RUN t/qualification/ascent-poo-primitives-test.ss
2026-10-04T06:19:10.2083746Z [ascent-test] RUNNING logs=/home/runner/work/gerbil-ascent/gerbil-ascent/.cache/ascent/native-library/test.ukjNpY
2026-10-04T06:19:11.0483223Z [ascent-test] PASS t/qualification/ascent-module-program-test.ss
2026-10-04T06:19:11.0499971Z [ascent-test] RUN t/qualification/ascent-positive-nonmembership-test.ss
2026-10-04T06:19:11.4223256Z [ascent-test] PASS t/qualification/ascent-poo-primitives-test.ss
2026-10-04T06:19:11.4253411Z [ascent-test] RUN t/qualification/ascent-positive-plan-test.ss
2026-10-04T06:19:12.1139673Z [ascent-test] PASS t/qualification/ascent-positive-nonmembership-test.ss
2026-10-04T06:19:12.1169435Z [ascent-test] RUN t/qualification/ascent-positive-provenance-test.ss
2026-10-04T06:19:12.2017899Z [ascent-test] PASS t/qualification/ascent-multi-frontier-test.ss
2026-10-04T06:19:12.2049233Z [ascent-test] RUN t/qualification/ascent-reasoning-library-test.ss
2026-10-04T06:19:12.8965444Z [ascent-test] PASS t/qualification/ascent-finite-evidence-test.ss
2026-10-04T06:19:12.9010584Z [ascent-test] RUN t/qualification/ascent-request-projection-test.ss
2026-10-04T06:19:14.3797465Z [ascent-test] PASS t/qualification/ascent-positive-provenance-test.ss
2026-10-04T06:19:14.3854129Z [ascent-test] RUN t/qualification/ascent-result-publication-test.ss
2026-10-04T06:19:14.6509261Z [ascent-test] PASS t/qualification/ascent-request-projection-test.ss
2026-10-04T06:19:14.6566060Z [ascent-test] RUN t/qualification/ascent-scc-summary-test.ss
2026-10-04T06:19:15.2113563Z [ascent-test] RUNNING logs=/home/runner/work/gerbil-ascent/gerbil-ascent/.cache/ascent/native-library/test.ukjNpY
2026-10-04T06:19:16.0273658Z [ascent-test] PASS t/qualification/ascent-result-publication-test.ss
2026-10-04T06:19:16.0333056Z [ascent-test] RUN t/qualification/ascent-set-batch-test.ss
2026-10-04T06:19:16.1110791Z [ascent-test] PASS t/qualification/ascent-scc-summary-test.ss
2026-10-04T06:19:16.1157687Z [ascent-test] RUN t/qualification/ascent-set-emit-test.ss
2026-10-04T06:19:17.3026242Z [ascent-test] PASS t/qualification/ascent-reasoning-library-test.ss
2026-10-04T06:19:17.3082930Z [ascent-test] RUN t/qualification/ascent-set-size-test.ss
2026-10-04T06:19:18.5002315Z [ascent-test] PASS t/qualification/ascent-set-emit-test.ss
2026-10-04T06:19:18.5049138Z [ascent-test] RUN t/qualification/ascent-set-source-test.ss
2026-10-04T06:19:18.8874202Z [ascent-test] PASS t/qualification/ascent-set-batch-test.ss
2026-10-04T06:19:18.8892918Z [ascent-test] RUN t/qualification/ascent-size-test.ss
2026-10-04T06:19:19.5814640Z [ascent-test] PASS t/qualification/ascent-set-size-test.ss
2026-10-04T06:19:19.5863851Z [ascent-test] RUN t/qualification/ascent-source-admission-test.ss
2026-10-04T06:19:20.2121671Z [ascent-test] RUNNING logs=/home/runner/work/gerbil-ascent/gerbil-ascent/.cache/ascent/native-library/test.ukjNpY
2026-10-04T06:19:20.4513297Z [ascent-test] PASS t/qualification/ascent-set-source-test.ss
2026-10-04T06:19:20.4543128Z [ascent-test] RUN t/qualification/ascent-strata-test.ss
2026-10-04T06:19:21.0524641Z [ascent-test] PASS t/qualification/ascent-size-test.ss
2026-10-04T06:19:21.0732259Z [ascent-test] RUN t/qualification/ascent-stratified-proof-test.ss
2026-10-04T06:19:21.0856519Z [ascent-test] PASS t/qualification/ascent-positive-plan-test.ss
2026-10-04T06:19:21.0886694Z [ascent-test] RUN t/qualification/ascent-syntax-test.ss
2026-10-04T06:19:21.2254912Z [ascent-test] PASS t/qualification/ascent-source-admission-test.ss
2026-10-04T06:19:21.2319581Z [ascent-test] RUN t/qualification/ascent-table-expression-test.ss
2026-10-04T06:19:22.0103171Z [ascent-test] PASS t/qualification/ascent-strata-test.ss
2026-10-04T06:19:22.0132684Z [ascent-test] RUN t/qualification/ascent-temporal-lens-test.ss
2026-10-04T06:19:22.5197292Z [ascent-test] PASS t/qualification/ascent-table-expression-test.ss
2026-10-04T06:19:22.5252715Z [ascent-test] RUN t/qualification/ascent-timeout-test.ss
2026-10-04T06:19:23.0167016Z [ascent-test] PASS t/qualification/ascent-syntax-test.ss
2026-10-04T06:19:23.0210712Z [ascent-test] RUN t/qualification/ascent-timing-test.ss
2026-10-04T06:19:24.2223109Z [ascent-test] START t/qualification/ascent-timeout-test.ss
2026-10-04T06:19:24.2224960Z NATIVE-MODULES-OK
2026-10-04T06:19:24.2226368Z HARNESS ("/home/runner/work/gerbil-ascent/gerbil-ascent/.cache/ascent/native-library/lib/gerbil-ascent/t/qualification/ascent-timeout-test.ssi")
2026-10-04T06:19:24.2228103Z MODULE /home/runner/work/gerbil-ascent/gerbil-ascent/.cache/ascent/native-library/lib/gerbil-ascent/t/qualification/ascent-timeout-test.ssi
2026-10-04T06:19:24.2229277Z SUITE ASCENT retained timeout
2026-10-04T06:19:24.2229837Z CASE zero budget commits rounds and resumes
2026-10-04T06:19:24.2232992Z CASE-OK zero budget commits rounds and resumes
2026-10-04T06:19:24.2233991Z CASE source changes wait for partial fixed point
2026-10-04T06:19:24.2234673Z CASE-OK source changes wait for partial fixed point
2026-10-04T06:19:24.2235365Z CASE resumed recursion feeds a later negation stratum
2026-10-04T06:19:24.2236031Z CASE-OK resumed recursion feeds a later negation stratum
2026-10-04T06:19:24.2236683Z CASE lattice joins survive a partial round boundary
2026-10-04T06:19:24.2237411Z CASE-OK lattice joins survive a partial round boundary
2026-10-04T06:19:24.2238135Z CASE BYODS closure and downstream copy resume together
2026-10-04T06:19:24.2238883Z CASE-OK BYODS closure and downstream copy resume together
2026-10-04T06:19:24.2239571Z CASE replacement runs honor a zero timeout
2026-10-04T06:19:24.2240401Z ERROR CHECK (.ref partial 'finished) "t/qualification/ascent-timeout-test.ss"@144.25-144.49
2026-10-04T06:19:24.2241468Z 
2026-10-04T06:19:24.2243615Z *** ERROR IN "t/qualification/ascent-timeout-test.ss"@144.25-144.49 [TestError]: result does not match expectation
2026-10-04T06:19:24.2244878Z --- irritants: (.ref partial 'finished) test: (.ref partial 'finished) result: #t expectation: #f 
2026-10-04T06:19:24.2245718Z --- continuation backtrace:
2026-10-04T06:19:24.2246487Z [0] raise                                                                                                                                                                   
2026-10-04T06:19:24.2247608Z [1] ascent-timeout-test~0#                                                                                                                                                  
2026-10-04T06:19:24.2249294Z [2] std/test/base#__test-do-check!                                                                                                                                                                                                                                                                                                                       (_%thunk499696%_)
2026-10-04T06:19:24.2251320Z [3] std/test/base#__test-check!                                                                                                                                                                                                                                                                                                                          (##call-with-current-continuation __tmp242260)
2026-10-04T06:19:24.2282816Z [4] ascent-timeout-test~0#                                                                                                                                                  
2026-10-04T06:19:24.2287882Z [5] core/observability/debug#call-with-poo-flow-debug-memory-case-watchdog__%                                                                                               
2026-10-04T06:19:24.2289259Z [6] ##call-with-values                                                                                                                                                      
2026-10-04T06:19:24.2291179Z [7] std/test/base#__test-case!                                                                                                                                                                                                                                                                                                                           ((let () (declare (not safe)) (##unchecked-structure-ref _%tc500179%_ '6 '#f '#f)))
2026-10-04T06:19:24.2293448Z [8] std/test/base#__test-suite!                                                                                                                                                                                                                                                                                                                          (##call-with-current-continuation __tmp242252)
2026-10-04T06:19:24.2295451Z [9] std/test/base#__test-suite!                                                                                                                                                                                                                                                                                                                          (##for-each __tmp242251 __tmp242250)
2026-10-04T06:19:24.2296566Z ...
2026-10-04T06:19:24.2297661Z [18] (interaction)                                                                                                                                                          "t/harness/gxtest.ss"@7:7-7:46                                                                                                                                               (apply gerbil/tools/gxtest#main (cddr (command-line)))
2026-10-04T06:19:24.2299077Z [19] ##load                                                                                                                                                                 
2026-10-04T06:19:24.2300205Z [20] ##load                                                                                                                                                                 
2026-10-04T06:19:24.2301181Z [21] gerbil/main#gxi-main                                                                                                                                                   
2026-10-04T06:19:24.2302187Z CASE negated source appends honor a zero timeout
2026-10-04T06:19:24.2302798Z CASE-OK negated source appends honor a zero timeout
2026-10-04T06:19:24.2303411Z CASE lattice source appends honor a zero timeout
2026-10-04T06:19:24.2304021Z CASE-OK lattice source appends honor a zero timeout
2026-10-04T06:19:24.2304668Z CASE timeout duration validation leaves session usable
2026-10-04T06:19:24.2305340Z CASE-OK timeout duration validation leaves session usable
2026-10-04T06:19:24.2306015Z CASE failed resume restores the accepted source snapshot
2026-10-04T06:19:24.2306715Z ERROR CASE failed resume restores the accepted source snapshot
2026-10-04T06:19:24.2307232Z 
2026-10-04T06:19:24.2307552Z *** ERROR IN ? [Error]: cannot reuse a partial closure
2026-10-04T06:19:24.2308147Z --- continuation backtrace:
2026-10-04T06:19:24.2308886Z [0] error                                                                                                                                                                   
2026-10-04T06:19:24.2310162Z [1] gerbil-ascent/program/evaluate#gerbil-ascent-make-updated-engine                                                                                                        
2026-10-04T06:19:24.2311664Z [2] gerbil-ascent/program/session#gerbil-ascent-open-session__%                                                                                                             
2026-10-04T06:19:24.2313400Z [3] gerbil-ascent/program/session#gerbil-ascent-open-session__%                                                                                                             
2026-10-04T06:19:24.2314638Z [4] ascent-timeout-test~0#                                                                                                                                                  
2026-10-04T06:19:24.2316122Z [5] core/observability/debug#call-with-poo-flow-debug-memory-case-watchdog__%                                                                                               
2026-10-04T06:19:24.2317435Z [6] ##call-with-values                                                                                                                                                      
2026-10-04T06:19:24.2319096Z [7] std/test/base#__test-case!                                                                                                                                                                                                                                                                                                                           ((let () (declare (not safe)) (##unchecked-structure-ref _%tc500179%_ '6 '#f '#f)))
2026-10-04T06:19:24.2321201Z [8] std/test/base#__test-suite!                                                                                                                                                                                                                                                                                                                          (##call-with-current-continuation __tmp242252)
2026-10-04T06:19:24.2323157Z [9] std/test/base#__test-suite!                                                                                                                                                                                                                                                                                                                          (##for-each __tmp242251 __tmp242250)
2026-10-04T06:19:24.2324269Z ...
2026-10-04T06:19:24.2325596Z [18] (interaction)                                                                                                                                                          "t/harness/gxtest.ss"@7:7-7:46                                                                                                                                               (apply gerbil/tools/gxtest#main (cddr (command-line)))
2026-10-04T06:19:24.2327285Z [19] ##load                                                                                                                                                                 
2026-10-04T06:19:24.2328245Z [20] ##load                                                                                                                                                                 
2026-10-04T06:19:24.2329272Z [21] gerbil/main#gxi-main                                                                                                                                                   
2026-10-04T06:19:24.2330085Z SUITE-OK ASCENT retained timeout
2026-10-04T06:19:24.2331138Z MODULE-OK /home/runner/work/gerbil-ascent/gerbil-ascent/.cache/ascent/native-library/lib/gerbil-ascent/t/qualification/ascent-timeout-test.ssi
2026-10-04T06:19:24.2333162Z HARNESS-OK ("/home/runner/work/gerbil-ascent/gerbil-ascent/.cache/ascent/native-library/lib/gerbil-ascent/t/qualification/ascent-timeout-test.ssi")
2026-10-04T06:19:24.2334942Z ERROR HARNESS (/home/runner/work/gerbil-ascent/gerbil-ascent/.cache/ascent/native-library/lib/gerbil-ascent/t/qualification/ascent-timeout-test.ssi)
2026-10-04T06:19:24.2336602Z at HARNESS ("/home/runner/work/gerbil-ascent/gerbil-ascent/.cache/ascent/native-library/lib/gerbil-ascent/t/qualification/ascent-timeout-test.ssi")
2026-10-04T06:19:24.2338235Z at MODULE /home/runner/work/gerbil-ascent/gerbil-ascent/.cache/ascent/native-library/lib/gerbil-ascent/t/qualification/ascent-timeout-test.ssi
2026-10-04T06:19:24.2339401Z at SUITE ASCENT retained timeout
2026-10-04T06:19:24.2340137Z at CHECK (.ref partial 'finished) "t/qualification/ascent-timeout-test.ss"@144.25-144.49
2026-10-04T06:19:24.2340721Z 
2026-10-04T06:19:24.2341261Z *** ERROR IN "t/qualification/ascent-timeout-test.ss"@144.25-144.49 [TestError]: result does not match expectation
2026-10-04T06:19:24.2342460Z --- irritants: (.ref partial 'finished) test: (.ref partial 'finished) result: #t expectation: #f 
2026-10-04T06:19:24.2343607Z --- continuation backtrace:
2026-10-04T06:19:24.2344140Z [0] raise                                                                                                                                                                   
2026-10-04T06:19:24.2345030Z [1] ascent-timeout-test~0#                                                                                                                                                  
2026-10-04T06:19:24.2346385Z [2] std/test/base#__test-do-check!                                                                                                                                                                                                                                                                                                                       (_%thunk499696%_)
2026-10-04T06:19:24.2348228Z [3] std/test/base#__test-check!                                                                                                                                                                                                                                                                                                                          (##call-with-current-continuation __tmp242260)
2026-10-04T06:19:24.2349649Z [4] ascent-timeout-test~0#                                                                                                                                                  
2026-10-04T06:19:24.2350868Z [5] core/observability/debug#call-with-poo-flow-debug-memory-case-watchdog__%                                                                                               
2026-10-04T06:19:24.2352286Z [6] ##call-with-values                                                                                                                                                      
2026-10-04T06:19:24.2353754Z [7] std/test/base#__test-case!                                                                                                                                                                                                                                                                                                                           ((let () (declare (not safe)) (##unchecked-structure-ref _%tc500179%_ '6 '#f '#f)))
2026-10-04T06:19:24.2355734Z [8] std/test/base#__test-suite!                                                                                                                                                                                                                                                                                                                          (##call-with-current-continuation __tmp242252)
2026-10-04T06:19:24.2394216Z [9] std/test/base#__test-suite!                                                                                                                                                                                                                                                                                                                          (##for-each __tmp242251 __tmp242250)
2026-10-04T06:19:24.2395353Z ...
2026-10-04T06:19:24.2396491Z [18] (interaction)                                                                                                                                                          "t/harness/gxtest.ss"@7:7-7:46                                                                                                                                               (apply gerbil/tools/gxtest#main (cddr (command-line)))
2026-10-04T06:19:24.2397975Z [19] ##load                                                                                                                                                                 
2026-10-04T06:19:24.2398923Z [20] ##load                                                                                                                                                                 
2026-10-04T06:19:24.2400117Z [21] gerbil/main#gxi-main                                                                                                                                                   
2026-10-04T06:19:24.2401007Z at CASE failed resume restores the accepted source snapshot
2026-10-04T06:19:24.2401429Z 
2026-10-04T06:19:24.2401669Z *** ERROR IN ? [Error]: cannot reuse a partial closure
2026-10-04T06:19:24.2402258Z --- continuation backtrace:
2026-10-04T06:19:24.2402851Z [0] error                                                                                                                                                                   
2026-10-04T06:19:24.2403918Z [1] gerbil-ascent/program/evaluate#gerbil-ascent-make-updated-engine                                                                                                        
2026-10-04T06:19:24.2405310Z [2] gerbil-ascent/program/session#gerbil-ascent-open-session__%                                                                                                             
2026-10-04T06:19:24.2406606Z [3] gerbil-ascent/program/session#gerbil-ascent-open-session__%                                                                                                             
2026-10-04T06:19:24.2407687Z [4] ascent-timeout-test~0#                                                                                                                                                  
2026-10-04T06:19:24.2408902Z [5] core/observability/debug#call-with-poo-flow-debug-memory-case-watchdog__%                                                                                               
2026-10-04T06:19:24.2410097Z [6] ##call-with-values                                                                                                                                                      
2026-10-04T06:19:24.2411874Z [7] std/test/base#__test-case!                                                                                                                                                                                                                                                                                                                           ((let () (declare (not safe)) (##unchecked-structure-ref _%tc500179%_ '6 '#f '#f)))
2026-10-04T06:19:24.2413782Z [8] std/test/base#__test-suite!                                                                                                                                                                                                                                                                                                                          (##call-with-current-continuation __tmp242252)
2026-10-04T06:19:24.2415576Z [9] std/test/base#__test-suite!                                                                                                                                                                                                                                                                                                                          (##for-each __tmp242251 __tmp242250)
2026-10-04T06:19:24.2416624Z ...
2026-10-04T06:19:24.2417705Z [18] (interaction)                                                                                                                                                          "t/harness/gxtest.ss"@7:7-7:46                                                                                                                                               (apply gerbil/tools/gxtest#main (cddr (command-line)))
2026-10-04T06:19:24.2419132Z [19] ##load                                                                                                                                                                 
2026-10-04T06:19:24.2420009Z [20] ##load                                                                                                                                                                 
2026-10-04T06:19:24.2421104Z [21] gerbil/main#gxi-main                                                                                                                                                   
2026-10-04T06:19:24.2455420Z error: Recipe `_test-file` failed with exit code 42
2026-10-04T06:19:24.2456246Z [ascent-test] RUN t/qualification/ascent-workspace-test.ss
2026-10-04T06:19:24.4483043Z [ascent-test] PASS t/qualification/ascent-timing-test.ss
2026-10-04T06:19:24.4512937Z [ascent-test] RUN t/qualification/scheme-closure-contract-test.ss
2026-10-04T06:19:25.2157347Z [ascent-test] RUNNING logs=/home/runner/work/gerbil-ascent/gerbil-ascent/.cache/ascent/native-library/test.ukjNpY
2026-10-04T06:19:26.0274175Z [ascent-test] PASS t/qualification/scheme-closure-contract-test.ss
2026-10-04T06:19:26.0302969Z [ascent-test] RUN t/qualification/scheme-higher-order-test.ss
2026-10-04T06:19:26.0993184Z [ascent-test] PASS t/qualification/ascent-workspace-test.ss
2026-10-04T06:19:26.1010626Z [ascent-test] RUN t/qualification/scheme-library-contract-test.ss
2026-10-04T06:19:26.3756602Z [ascent-test] PASS t/qualification/ascent-stratified-proof-test.ss
2026-10-04T06:19:26.3816850Z [ascent-test] RUN t/qualification/scheme-model-closure-test.ss
2026-10-04T06:19:27.6253107Z [ascent-test] PASS t/qualification/scheme-higher-order-test.ss
2026-10-04T06:19:27.6282331Z [ascent-test] RUN t/qualification/scheme-native-integration-test.ss
2026-10-04T06:19:28.5702956Z [ascent-test] PASS t/qualification/scheme-model-closure-test.ss
2026-10-04T06:19:28.5732993Z [ascent-test] RUN t/qualification/scheme-native-language-test.ss
2026-10-04T06:19:29.3853738Z [ascent-test] PASS t/qualification/scheme-native-integration-test.ss
2026-10-04T06:19:29.3897812Z [ascent-test] RUN t/qualification/scheme-native-reduction-test.ss
2026-10-04T06:19:30.2198358Z [ascent-test] RUNNING logs=/home/runner/work/gerbil-ascent/gerbil-ascent/.cache/ascent/native-library/test.ukjNpY
2026-10-04T06:19:30.2223640Z [ascent-test] PASS t/qualification/scheme-native-language-test.ss
2026-10-04T06:19:30.2247569Z [ascent-test] RUN t/qualification/scheme-operator-retained-test.ss
2026-10-04T06:19:30.8627124Z [ascent-test] PASS t/qualification/scheme-native-reduction-test.ss
2026-10-04T06:19:30.8662267Z [ascent-test] RUN t/qualification/scheme-operator-test.ss
2026-10-04T06:19:33.4821580Z [ascent-test] PASS t/qualification/ascent-temporal-lens-test.ss
2026-10-04T06:19:33.4883703Z [ascent-test] RUN t/qualification/scheme-provenance-graph-test.ss
2026-10-04T06:19:35.2233087Z [ascent-test] RUNNING logs=/home/runner/work/gerbil-ascent/gerbil-ascent/.cache/ascent/native-library/test.ukjNpY
2026-10-04T06:19:39.0980248Z [ascent-test] PASS t/qualification/scheme-library-contract-test.ss
2026-10-04T06:19:39.1012797Z [ascent-test] RUN t/qualification/scheme-relational-test.ss
2026-10-04T06:19:40.2263330Z [ascent-test] RUNNING logs=/home/runner/work/gerbil-ascent/gerbil-ascent/.cache/ascent/native-library/test.ukjNpY
2026-10-04T06:19:44.4229863Z [ascent-test] PASS t/qualification/scheme-operator-test.ss
2026-10-04T06:19:44.4282855Z [ascent-test] RUN t/qualification/scheme-session-deletion-test.ss
2026-10-04T06:19:44.7089047Z [ascent-test] PASS t/qualification/scheme-provenance-graph-test.ss
2026-10-04T06:19:44.7153819Z [ascent-test] RUN t/qualification/scheme-stratified-provenance-test.ss
2026-10-04T06:19:45.2263248Z [ascent-test] RUNNING logs=/home/runner/work/gerbil-ascent/gerbil-ascent/.cache/ascent/native-library/test.ukjNpY
2026-10-04T06:19:46.5415253Z [ascent-test] PASS t/qualification/scheme-relational-test.ss
2026-10-04T06:19:48.1199757Z [ascent-test] PASS t/qualification/scheme-stratified-provenance-test.ss
2026-10-04T06:19:49.4646231Z [ascent-test] PASS t/qualification/scheme-operator-retained-test.ss
2026-10-04T06:19:50.2277728Z [ascent-test] RUNNING logs=/home/runner/work/gerbil-ascent/gerbil-ascent/.cache/ascent/native-library/test.ukjNpY
2026-10-04T06:19:51.1855547Z [ascent-test] PASS t/qualification/scheme-session-deletion-test.ss
2026-10-04T06:19:51.1869974Z error: Recipe `_test-suite` failed with exit code 123
2026-10-04T06:19:55.2838407Z *** WARNING module std/net/request is DEPRECATED and will be removed in the future
2026-10-04T06:19:55.2839531Z *** ERROR IN std/misc/process#run-process__% -- 
2026-10-04T06:19:55.2840954Z *** ERROR IN "misc/process.ss"@25.35-25.46 [ProcessError]: process exited with non-zero status
2026-10-04T06:19:55.2842906Z --- irritants: "gxi" 31488 (path: "gxi" arguments: ("-:max-heap=1G,debug=q" "t/harness/run.ss" "test" "auto" "all") environment: #f directory: #f stdin-redirection: #f stdout-redirection: #f stderr-redirection: #f pseudo-terminal: #f show-console: #f) 
2026-10-04T06:19:55.2845397Z --- continuation backtrace:
2026-10-04T06:19:55.2846039Z [0] raise                                                                                                                                                                   
2026-10-04T06:19:55.2847760Z [1] std/misc/process#run-process__%                                                                                                                                                                                                                                                                                                                      ((if (procedure? _%check-status717016%_) _%check-status717016%_ std/misc/process#check-process-success) _%status717033%_ _%settings717026%_)
2026-10-04T06:19:55.3029505Z error: Recipe `test` failed on line 57 with exit code 70
2026-10-04T06:19:55.3043911Z ##[error]Process completed with exit code 70.
2026-10-04T06:19:55.3181572Z Post job cleanup.
2026-10-04T06:19:55.3976457Z [command]/usr/bin/git version
2026-10-04T06:19:55.4015290Z git version 2.55.0
2026-10-04T06:19:55.4052938Z Temporarily overriding HOME='/home/runner/work/_temp/6d1d0979-b92a-4740-9ccf-ec249f1de8bb' before making global git config changes
2026-10-04T06:19:55.4054319Z Adding repository directory to the temporary git global config as a safe directory
2026-10-04T06:19:55.4055640Z [command]/usr/bin/git config --global --add safe.directory /home/runner/work/gerbil-ascent/gerbil-ascent
2026-10-04T06:19:55.4143205Z Removing SSH command configuration
2026-10-04T06:19:55.4162936Z [command]/usr/bin/git config --local --name-only --get-regexp core\.sshCommand
2026-10-04T06:19:55.4165065Z [command]/usr/bin/git submodule foreach --recursive sh -c "git config --local --name-only --get-regexp 'core\.sshCommand' && git config --local --unset-all 'core.sshCommand' || :"
2026-10-04T06:19:55.4333599Z Removing HTTP extra header
2026-10-04T06:19:55.4338832Z [command]/usr/bin/git config --local --name-only --get-regexp http\.https\:\/\/github\.com\/\.extraheader
2026-10-04T06:19:55.4369992Z [command]/usr/bin/git submodule foreach --recursive sh -c "git config --local --name-only --get-regexp 'http\.https\:\/\/github\.com\/\.extraheader' && git config --local --unset-all 'http.https://github.com/.extraheader' || :"
2026-10-04T06:19:55.4565314Z Removing includeIf entries pointing to credentials config files
2026-10-04T06:19:55.4570991Z [command]/usr/bin/git config --local --name-only --get-regexp ^includeIf\.gitdir:
2026-10-04T06:19:55.4598870Z includeif.gitdir:/home/runner/work/gerbil-ascent/gerbil-ascent/.git.path
2026-10-04T06:19:55.4599996Z includeif.gitdir:/home/runner/work/gerbil-ascent/gerbil-ascent/.git/worktrees/*.path
2026-10-04T06:19:55.4600895Z includeif.gitdir:/github/workspace/.git.path
2026-10-04T06:19:55.4601901Z includeif.gitdir:/github/workspace/.git/worktrees/*.path
2026-10-04T06:19:55.4607652Z [command]/usr/bin/git config --local --get-all includeif.gitdir:/home/runner/work/gerbil-ascent/gerbil-ascent/.git.path
2026-10-04T06:19:55.4631008Z /home/runner/work/_temp/git-credentials-e9c03a40-b12c-48ca-909d-97c5dcb7cb91.config
2026-10-04T06:19:55.4642161Z [command]/usr/bin/git config --local --unset includeif.gitdir:/home/runner/work/gerbil-ascent/gerbil-ascent/.git.path /home/runner/work/_temp/git-credentials-e9c03a40-b12c-48ca-909d-97c5dcb7cb91.config
2026-10-04T06:19:55.4683698Z [command]/usr/bin/git config --local --get-all includeif.gitdir:/home/runner/work/gerbil-ascent/gerbil-ascent/.git/worktrees/*.path
2026-10-04T06:19:55.4711370Z /home/runner/work/_temp/git-credentials-e9c03a40-b12c-48ca-909d-97c5dcb7cb91.config
2026-10-04T06:19:55.4719922Z [command]/usr/bin/git config --local --unset includeif.gitdir:/home/runner/work/gerbil-ascent/gerbil-ascent/.git/worktrees/*.path /home/runner/work/_temp/git-credentials-e9c03a40-b12c-48ca-909d-97c5dcb7cb91.config
2026-10-04T06:19:55.4752164Z [command]/usr/bin/git config --local --get-all includeif.gitdir:/github/workspace/.git.path
2026-10-04T06:19:55.4771265Z /github/runner_temp/git-credentials-e9c03a40-b12c-48ca-909d-97c5dcb7cb91.config
2026-10-04T06:19:55.4777222Z [command]/usr/bin/git config --local --unset includeif.gitdir:/github/workspace/.git.path /github/runner_temp/git-credentials-e9c03a40-b12c-48ca-909d-97c5dcb7cb91.config
2026-10-04T06:19:55.4808338Z [command]/usr/bin/git config --local --get-all includeif.gitdir:/github/workspace/.git/worktrees/*.path
2026-10-04T06:19:55.4828379Z /github/runner_temp/git-credentials-e9c03a40-b12c-48ca-909d-97c5dcb7cb91.config
2026-10-04T06:19:55.4834822Z [command]/usr/bin/git config --local --unset includeif.gitdir:/github/workspace/.git/worktrees/*.path /github/runner_temp/git-credentials-e9c03a40-b12c-48ca-909d-97c5dcb7cb91.config
2026-10-04T06:19:55.4878455Z [command]/usr/bin/git submodule foreach --recursive git config --local --show-origin --name-only --get-regexp remote.origin.url
2026-10-04T06:19:55.5068380Z Removing credentials config '/home/runner/work/_temp/git-credentials-e9c03a40-b12c-48ca-909d-97c5dcb7cb91.config'
2026-10-04T06:19:55.5197918Z Cleaning up orphan processes
