[build-activity] cpu-advance=0.100s processes=2
[build-activity] cpu-advance=0.130s processes=2
[build-activity] cpu-advance=0.170s processes=2
[build-activity] cpu-advance=0.190s processes=2
[build-activity] cpu-advance=0.190s processes=2
[build-activity] cpu-advance=0.200s processes=2
[build-activity] cpu-advance=0.190s processes=2
[build-activity] cpu-advance=0.220s processes=2
[build-activity] cpu-advance=0.190s processes=2
[build-activity] cpu-advance=0.190s processes=2
[build-activity] cpu-advance=0.210s processes=2
DSL-SOURCE-FROZEN
[build-activity] cpu-advance=0.210s processes=2
[build-activity] cpu-advance=0.180s processes=2
[build-activity] cpu-advance=0.200s processes=2
[build-activity] cpu-advance=0.140s processes=2
[build-activity] cpu-advance=0.270s processes=2
[build-activity] cpu-advance=0.490s processes=2
[build-activity] cpu-advance=0.560s processes=2
[build-activity] cpu-advance=0.150s processes=2
[build-activity] cpu-advance=0.200s processes=2
[build-activity] cpu-advance=0.260s processes=2
... compile core/dependency-graph
... compile candidate/funs
... compile t/harness/artifact
... compile t/harness/prediction
[build-activity] cpu-advance=0.240s processes=2
[build-activity] cpu-advance=0.140s processes=2
[build-activity] cpu-advance=0.260s processes=2
[build-activity] cpu-advance=0.190s processes=2
[build-activity] cpu-advance=0.220s processes=2
[build-activity] cpu-advance=0.190s processes=2
[build-activity] cpu-advance=0.210s processes=2
[build-activity] cpu-advance=0.180s processes=2
[build-activity] cpu-advance=0.200s processes=2
[build-activity] cpu-advance=0.450s processes=18
... execute compile job (compile-file /Users/guangtao/ghq/github.com/tao3k/meta-relational-reasoning/.data/worktrees/ascent-dsl-closure-20261004/.cache/ascent/native-library/lib/gerbil-ascent/core/dependency-graph~0.scm)
... execute compile job (compile-file /Users/guangtao/ghq/github.com/tao3k/meta-relational-reasoning/.data/worktrees/ascent-dsl-closure-20261004/.cache/ascent/native-library/lib/gerbil-ascent/core/dependency-graph.scm)
... compile core/rule-semantics
... execute compile job (compile-file /Users/guangtao/ghq/github.com/tao3k/meta-relational-reasoning/.data/worktrees/ascent-dsl-closure-20261004/.cache/ascent/native-library/lib/gerbil-ascent/candidate/funs~0.scm)
... execute compile job (compile-file /Users/guangtao/ghq/github.com/tao3k/meta-relational-reasoning/.data/worktrees/ascent-dsl-closure-20261004/.cache/ascent/native-library/lib/gerbil-ascent/candidate/funs.scm)
... compile program/summary
... compile candidate/provenance
... compile candidate/finite-evidence
... compile t/qualification/scheme-artifact-test
... compile core/positive-plan
... execute compile job (compile-file /Users/guangtao/ghq/github.com/tao3k/meta-relational-reasoning/.data/worktrees/ascent-dsl-closure-20261004/.cache/ascent/native-library/lib/gerbil-ascent/t/harness/artifact~0.scm)
... compile candidate/provenance-graph
... compile candidate/nonmembership
[build-activity] cpu-advance=0.550s processes=20
... execute compile job (compile-file /Users/guangtao/ghq/github.com/tao3k/meta-relational-reasoning/.data/worktrees/ascent-dsl-closure-20261004/.cache/ascent/native-library/lib/gerbil-ascent/t/harness/artifact.scm)
... execute compile job (compile-file /Users/guangtao/ghq/github.com/tao3k/meta-relational-reasoning/.data/worktrees/ascent-dsl-closure-20261004/.cache/ascent/native-library/lib/gerbil-ascent/t/harness/prediction~0.scm)
... execute compile job (compile-file /Users/guangtao/ghq/github.com/tao3k/meta-relational-reasoning/.data/worktrees/ascent-dsl-closure-20261004/.cache/ascent/native-library/lib/gerbil-ascent/t/harness/prediction.scm)
... compile candidate/stratified-provenance
... compile candidate/stratified-proof
[build-activity] cpu-advance=0.650s processes=18
... compile program/planning
... compile program/update-selection
... execute compile job (compile-file /Users/guangtao/ghq/github.com/tao3k/meta-relational-reasoning/.data/worktrees/ascent-dsl-closure-20261004/.cache/ascent/native-library/lib/gerbil-ascent/core/rule-semantics~0.scm)
... compile candidate/stratified-producer
... compile program/reuse
[build-activity] cpu-advance=0.580s processes=25
... compile program/evaluate
... compile program/session
... execute compile job (compile-file /Users/guangtao/ghq/github.com/tao3k/meta-relational-reasoning/.data/worktrees/ascent-dsl-closure-20261004/.cache/ascent/native-library/lib/gerbil-ascent/core/rule-semantics.scm)
... execute compile job (compile-file /Users/guangtao/ghq/github.com/tao3k/meta-relational-reasoning/.data/worktrees/ascent-dsl-closure-20261004/.cache/ascent/native-library/lib/gerbil-ascent/program/summary~0.scm)
... compile program/scheme-admission
... compile program/scheme-language
... compile program/operator-session
[build-activity] cpu-advance=0.840s processes=22
[build-activity] cpu-advance=0.850s processes=18
[build-activity] cpu-advance=0.550s processes=20
[build-activity] cpu-advance=0.850s processes=22
... execute compile job (compile-file /Users/guangtao/ghq/github.com/tao3k/meta-relational-reasoning/.data/worktrees/ascent-dsl-closure-20261004/.cache/ascent/native-library/lib/gerbil-ascent/program/summary.scm)
... execute compile job (compile-file /Users/guangtao/ghq/github.com/tao3k/meta-relational-reasoning/.data/worktrees/ascent-dsl-closure-20261004/.cache/ascent/native-library/lib/gerbil-ascent/candidate/provenance~0.scm)
... execute compile job (compile-file /Users/guangtao/ghq/github.com/tao3k/meta-relational-reasoning/.data/worktrees/ascent-dsl-closure-20261004/.cache/ascent/native-library/lib/gerbil-ascent/candidate/provenance.scm)
... execute compile job (compile-file /Users/guangtao/ghq/github.com/tao3k/meta-relational-reasoning/.data/worktrees/ascent-dsl-closure-20261004/.cache/ascent/native-library/lib/gerbil-ascent/candidate/finite-evidence~0.scm)
... execute compile job (compile-file /Users/guangtao/ghq/github.com/tao3k/meta-relational-reasoning/.data/worktrees/ascent-dsl-closure-20261004/.cache/ascent/native-library/lib/gerbil-ascent/candidate/finite-evidence.scm)
... compile candidate/reasoning
... compile t/qualification/scheme-closure-contract-test
... compile t/qualification/scheme-higher-order-test
... compile t/qualification/scheme-session-deletion-test
[build-activity] cpu-advance=0.700s processes=18
... execute compile job (compile-file /Users/guangtao/ghq/github.com/tao3k/meta-relational-reasoning/.data/worktrees/ascent-dsl-closure-20261004/.cache/ascent/native-library/lib/gerbil-ascent/candidate/provenance~1.scm)
... compile program/interface
... compile temporal/lens
... compile t/qualification/ascent-finite-evidence-test
... compile t/qualification/ascent-positive-nonmembership-test
[build-activity] cpu-advance=0.890s processes=29
... execute compile job (compile-file /Users/guangtao/ghq/github.com/tao3k/meta-relational-reasoning/.data/worktrees/ascent-dsl-closure-20261004/.cache/ascent/native-library/lib/gerbil-ascent/candidate/finite-evidence~1.scm)
... compile t/qualification/scheme-stratified-provenance-test
... compile t/qualification/scheme-model-closure-test
... compile t/qualification/scheme-provenance-graph-test
[build-activity] cpu-advance=0.840s processes=18
... execute compile job (compile-file /Users/guangtao/ghq/github.com/tao3k/meta-relational-reasoning/.data/worktrees/ascent-dsl-closure-20261004/.cache/ascent/native-library/lib/gerbil-ascent/t/qualification/scheme-artifact-test~0.scm)
... compile t/qualification/ascent-timeout-test
[build-activity] cpu-advance=0.760s processes=22
... execute compile job (compile-file /Users/guangtao/ghq/github.com/tao3k/meta-relational-reasoning/.data/worktrees/ascent-dsl-closure-20261004/.cache/ascent/native-library/lib/gerbil-ascent/t/qualification/scheme-artifact-test.scm)
... execute compile job (compile-file /Users/guangtao/ghq/github.com/tao3k/meta-relational-reasoning/.data/worktrees/ascent-dsl-closure-20261004/.cache/ascent/native-library/lib/gerbil-ascent/core/positive-plan~0.scm)
... compile t/qualification/scheme-operator-retained-test
[build-activity] cpu-advance=0.760s processes=26
... execute compile job (compile-file /Users/guangtao/ghq/github.com/tao3k/meta-relational-reasoning/.data/worktrees/ascent-dsl-closure-20261004/.cache/ascent/native-library/lib/gerbil-ascent/core/positive-plan.scm)
... compile t/qualification/ascent-byods-lattice-fixture
... compile t/qualification/ascent-session-corpus
... compile t/qualification/ascent-arity-repetition-output
... execute compile job (compile-file /Users/guangtao/ghq/github.com/tao3k/meta-relational-reasoning/.data/worktrees/ascent-dsl-closure-20261004/.cache/ascent/native-library/lib/gerbil-ascent/candidate/provenance-graph~0.scm)
... compile t/qualification/scheme-operator-test
[build-activity] cpu-advance=0.590s processes=17
... compile t/qualification/scheme-library-contract-test
[build-activity] cpu-advance=0.950s processes=25
... execute compile job (compile-file /Users/guangtao/ghq/github.com/tao3k/meta-relational-reasoning/.data/worktrees/ascent-dsl-closure-20261004/.cache/ascent/native-library/lib/gerbil-ascent/candidate/provenance-graph.scm)
... compile t/qualification/ascent-byods-lattice-session-output
... compile t/qualification/ascent-byods-session-output
[build-activity] cpu-advance=0.590s processes=18
... execute compile job (compile-file /Users/guangtao/ghq/github.com/tao3k/meta-relational-reasoning/.data/worktrees/ascent-dsl-closure-20261004/.cache/ascent/native-library/lib/gerbil-ascent/candidate/nonmembership~0.scm)
... execute compile job (compile-file /Users/guangtao/ghq/github.com/tao3k/meta-relational-reasoning/.data/worktrees/ascent-dsl-closure-20261004/.cache/ascent/native-library/lib/gerbil-ascent/candidate/nonmembership.scm)
... compile t/qualification/ascent-multi-source-session-output
... execute compile job (compile-file /Users/guangtao/ghq/github.com/tao3k/meta-relational-reasoning/.data/worktrees/ascent-dsl-closure-20261004/.cache/ascent/native-library/lib/gerbil-ascent/candidate/provenance-graph~1.scm)
... compile t/qualification/ascent-grouped-eqrel-session-output
[build-activity] cpu-advance=0.650s processes=22
[build-activity] cpu-advance=0.670s processes=22
[build-activity] cpu-advance=0.780s processes=26
[build-activity] cpu-advance=0.650s processes=22
[build-activity] cpu-advance=0.800s processes=18
... execute compile job (compile-file /Users/guangtao/ghq/github.com/tao3k/meta-relational-reasoning/.data/worktrees/ascent-dsl-closure-20261004/.cache/ascent/native-library/lib/gerbil-ascent/candidate/nonmembership~1.scm)
... execute compile job (compile-file /Users/guangtao/ghq/github.com/tao3k/meta-relational-reasoning/.data/worktrees/ascent-dsl-closure-20261004/.cache/ascent/native-library/lib/gerbil-ascent/candidate/stratified-provenance~0.scm)
... execute compile job (compile-file /Users/guangtao/ghq/github.com/tao3k/meta-relational-reasoning/.data/worktrees/ascent-dsl-closure-20261004/.cache/ascent/native-library/lib/gerbil-ascent/candidate/stratified-provenance.scm)
... execute compile job (compile-file /Users/guangtao/ghq/github.com/tao3k/meta-relational-reasoning/.data/worktrees/ascent-dsl-closure-20261004/.cache/ascent/native-library/lib/gerbil-ascent/candidate/stratified-proof~0.scm)
... execute compile job (compile-file /Users/guangtao/ghq/github.com/tao3k/meta-relational-reasoning/.data/worktree[build-activity] cpu-advance=0.750s processes=22
[build-activity] cpu-advance=0.610s processes=22
[build-activity] cpu-advance=0.700s processes=22
s/ascent-dsl-closure-20261004/.cache/ascent/native-library/lib/gerbil-ascent/candidate/stratified-proof.scm)
... execute compile job (compile-file /Users/guangtao/ghq/github.com/tao3k/meta-relational-reasoning/.data/worktrees/ascent-dsl-closure-20261004/.cache/ascent/native-library/lib/gerbil-ascent/candidate/stratified-provenance~1.scm)
... execute compile job (compile-file /Users/guangtao/ghq/github.com/tao3k/meta-relational-reasoning/.data/worktrees/ascent-dsl-closure-20261004/.cache/ascent/native-library/lib/gerbil-ascent/program/planning~0.scm)
... execute compile job (compile-file /Users/guangtao/ghq/github.com/tao3k/meta-relational-reasoning/.data/worktrees/ascent-dsl-closure-20261004/.cache/ascent/native-library/lib/gerbil-ascent/program/planning.scm)
... execute compile job (compile-file /Users/guangtao/ghq/github.com/tao3k/meta-relational-reasoning/.data/worktrees/ascent-dsl-closure-20261004/.cache/ascent/native-library/lib/gerbil-ascent/program/update-selection~0.scm)
... execute compile job (compi[build-activity] cpu-advance=0.500s processes=29
[build-activity] cpu-advance=0.690s processes=24
le-file /Users/guangtao/ghq/github.com/tao3k/meta-relational-reasoning/.data/worktrees/ascent-dsl-closure-20261004/.cache/ascent/native-library/lib/gerbil-ascent/program/update-selection.scm)
... execute compile job (compile-file /Users/guangtao/ghq/github.com/tao3k/meta-relational-reasoning/.data/worktrees/ascent-dsl-closure-20261004/.cache/ascent/native-library/lib/gerbil-ascent/candidate/stratified-producer~0.scm)
... execute compile job (compile-file /Users/guangtao/ghq/github.com/tao3k/meta-relational-reasoning/.data/worktrees/ascent-dsl-closure-20261004/.cache/ascent/native-library/lib/gerbil-ascent/candidate/stratified-producer.scm)
... execute compile job (compile-file /Users/guangtao/ghq/github.com/tao3k/meta-relational-reasoning/.data/worktrees/ascent-dsl-closure-20261004/.cache/ascent/native-library/lib/gerbil-ascent/program/reuse~0.scm)
... execute compile job (compile-file /Users/guangtao/ghq/github.com/tao3k/meta-relational-reasoning/.data/worktrees/ascent-dsl-closure-20261004/.cache/ascent/nati[build-activity] cpu-advance=0.620s processes=18
[build-activity] cpu-advance=0.600s processes=16
[build-activity] cpu-advance=0.540s processes=18
ve-library/lib/gerbil-ascent/program/reuse.scm)
... execute compile job (compile-file /Users/guangtao/ghq/github.com/tao3k/meta-relational-reasoning/.data/worktrees/ascent-dsl-closure-20261004/.cache/ascent/native-library/lib/gerbil-ascent/program/reuse~1.scm)
... execute compile job (compile-file /Users/guangtao/ghq/github.com/tao3k/meta-relational-reasoning/.data/worktrees/ascent-dsl-closure-20261004/.cache/ascent/native-library/lib/gerbil-ascent/program/evaluate~0.scm)
... execute compile job (compile-file /Users/guangtao/ghq/github.com/tao3k/meta-relational-reasoning/.data/worktrees/ascent-dsl-closure-20261004/.cache/ascent/native-library/lib/gerbil-ascent/program/evaluate.scm)
... execute compile job (compile-file /Users/guangtao/ghq/github.com/tao3k/meta-relational-reasoning/.data/worktrees/ascent-dsl-closure-20261004/.cache/ascent/native-library/lib/gerbil-ascent/program/session~0.scm)
... execute compile job (compile-file /Users/guangtao/ghq/github.com/tao3k/meta-relational-reasoning/.data/worktrees/a[build-activity] cpu-advance=0.730s processes=18
[build-activity] cpu-advance=0.770s processes=22
[build-activity] cpu-advance=0.610s processes=20
scent-dsl-closure-20261004/.cache/ascent/native-library/lib/gerbil-ascent/program/session.scm)
... execute compile job (compile-file /Users/guangtao/ghq/github.com/tao3k/meta-relational-reasoning/.data/worktrees/ascent-dsl-closure-20261004/.cache/ascent/native-library/lib/gerbil-ascent/program/scheme-admission~0.scm)
... execute compile job (compile-file /Users/guangtao/ghq/github.com/tao3k/meta-relational-reasoning/.data/worktrees/ascent-dsl-closure-20261004/.cache/ascent/native-library/lib/gerbil-ascent/program/scheme-admission.scm)
... execute compile job (compile-file /Users/guangtao/ghq/github.com/tao3k/meta-relational-reasoning/.data/worktrees/ascent-dsl-closure-20261004/.cache/ascent/native-library/lib/gerbil-ascent/program/scheme-admission~1.scm)
... execute compile job (compile-file /Users/guangtao/ghq/github.com/tao3k/meta-relational-reasoning/.data/worktrees/ascent-dsl-closure-20261004/.cache/ascent/native-library/lib/gerbil-ascent/program/scheme-language.scm)
... execute compile job (compile-file [build-activity] cpu-advance=0.430s processes=16
[build-activity] cpu-advance=0.600s processes=14
[build-activity] cpu-advance=0.740s processes=18
[build-activity] cpu-advance=0.780s processes=18
[build-activity] cpu-advance=0.590s processes=18
[build-activity] cpu-advance=0.600s processes=21
/Users/guangtao/ghq/github.com/tao3k/meta-relational-reasoning/.data/worktrees/ascent-dsl-closure-20261004/.cache/ascent/native-library/lib/gerbil-ascent/program/operator-session~0.scm)
... execute compile job (compile-file /Users/guangtao/ghq/github.com/tao3k/meta-relational-reasoning/.data/worktrees/ascent-dsl-closure-20261004/.cache/ascent/native-library/lib/gerbil-ascent/program/operator-session.scm)
... execute compile job (compile-file /Users/guangtao/ghq/github.com/tao3k/meta-relational-reasoning/.data/worktrees/ascent-dsl-closure-20261004/.cache/ascent/native-library/lib/gerbil-ascent/program/operator-session~1.scm)
... execute compile job (compile-file /Users/guangtao/ghq/github.com/tao3k/meta-relational-reasoning/.data/worktrees/ascent-dsl-closure-20261004/.cache/ascent/native-library/lib/gerbil-ascent/program/scheme-language~1.scm)
... execute compile job (compile-file /Users/guangtao/ghq/github.com/tao3k/meta-relational-reasoning/.data/worktrees/ascent-dsl-closure-20261004/.cache/ascent/native-lib[build-activity] cpu-advance=0.850s processes=22
[build-activity] cpu-advance=0.680s processes=22
[build-activity] cpu-advance=0.450s processes=17
[build-activity] cpu-advance=1.080s processes=22
rary/lib/gerbil-ascent/candidate/reasoning~0.scm)
... execute compile job (compile-file /Users/guangtao/ghq/github.com/tao3k/meta-relational-reasoning/.data/worktrees/ascent-dsl-closure-20261004/.cache/ascent/native-library/lib/gerbil-ascent/candidate/reasoning.scm)
... execute compile job (compile-file /Users/guangtao/ghq/github.com/tao3k/meta-relational-reasoning/.data/worktrees/ascent-dsl-closure-20261004/.cache/ascent/native-library/lib/gerbil-ascent/candidate/reasoning~1.scm)
... execute compile job (compile-file /Users/guangtao/ghq/github.com/tao3k/meta-relational-reasoning/.data/worktrees/ascent-dsl-closure-20261004/.cache/ascent/native-library/lib/gerbil-ascent/t/qualification/scheme-closure-contract-test~0.scm)
... execute compile job (compile-file /Users/guangtao/ghq/github.com/tao3k/meta-relational-reasoning/.data/worktrees/ascent-dsl-closure-20261004/.cache/ascent/native-library/lib/gerbil-ascent/t/qualification/scheme-closure-contract-test.scm)
... execute compile job (compile-file /Users/guangta[build-activity] cpu-advance=0.570s processes=17
[build-activity] cpu-advance=0.910s processes=20
[build-activity] cpu-advance=0.700s processes=21
[build-activity] cpu-advance=0.760s processes=23
[build-activity] cpu-advance=0.980s processes=22
[build-activity] cpu-advance=0.440s processes=18
o/ghq/github.com/tao3k/meta-relational-reasoning/.data/worktrees/ascent-dsl-closure-20261004/.cache/ascent/native-library/lib/gerbil-ascent/t/qualification/scheme-session-deletion-test~0.scm)
... execute compile job (compile-file /Users/guangtao/ghq/github.com/tao3k/meta-relational-reasoning/.data/worktrees/ascent-dsl-closure-20261004/.cache/ascent/native-library/lib/gerbil-ascent/t/qualification/scheme-session-deletion-test.scm)
... execute compile job (compile-file /Users/guangtao/ghq/github.com/tao3k/meta-relational-reasoning/.data/worktrees/ascent-dsl-closure-20261004/.cache/ascent/native-library/lib/gerbil-ascent/t/qualification/scheme-higher-order-test~0.scm)
... execute compile job (compile-file /Users/guangtao/ghq/github.com/tao3k/meta-relational-reasoning/.data/worktrees/ascent-dsl-closure-20261004/.cache/ascent/native-library/lib/gerbil-ascent/t/qualification/scheme-higher-order-test.scm)
... execute compile job (compile-file /Users/guangtao/ghq/github.com/tao3k/meta-relational-reasoning/.data/workt[build-activity] cpu-advance=0.840s processes=18
[build-activity] cpu-advance=0.720s processes=18
[build-activity] cpu-advance=0.460s processes=20
rees/ascent-dsl-closure-20261004/.cache/ascent/native-library/lib/gerbil-ascent/program/interface.scm)
... execute compile job (compile-file /Users/guangtao/ghq/github.com/tao3k/meta-relational-reasoning/.data/worktrees/ascent-dsl-closure-20261004/.cache/ascent/native-library/lib/gerbil-ascent/temporal/lens~0.scm)
... execute compile job (compile-file /Users/guangtao/ghq/github.com/tao3k/meta-relational-reasoning/.data/worktrees/ascent-dsl-closure-20261004/.cache/ascent/native-library/lib/gerbil-ascent/temporal/lens.scm)
... execute compile job (compile-file /Users/guangtao/ghq/github.com/tao3k/meta-relational-reasoning/.data/worktrees/ascent-dsl-closure-20261004/.cache/ascent/native-library/lib/gerbil-ascent/t/qualification/ascent-finite-evidence-test~0.scm)
... execute compile job (compile-file /Users/guangtao/ghq/github.com/tao3k/meta-relational-reasoning/.data/worktrees/ascent-dsl-closure-20261004/.cache/ascent/native-library/lib/gerbil-ascent/t/qualification/ascent-finite-evidence-test.scm)
... execute c[build-activity] cpu-advance=0.670s processes=18
[build-activity] cpu-advance=0.640s processes=18
[build-activity] cpu-advance=0.810s processes=22
[build-activity] cpu-advance=0.880s processes=21
ompile job (compile-file /Users/guangtao/ghq/github.com/tao3k/meta-relational-reasoning/.data/worktrees/ascent-dsl-closure-20261004/.cache/ascent/native-library/lib/gerbil-ascent/t/qualification/ascent-positive-nonmembership-test~0.scm)
... execute compile job (compile-file /Users/guangtao/ghq/github.com/tao3k/meta-relational-reasoning/.data/worktrees/ascent-dsl-closure-20261004/.cache/ascent/native-library/lib/gerbil-ascent/t/qualification/ascent-positive-nonmembership-test.scm)
... execute compile job (compile-file /Users/guangtao/ghq/github.com/tao3k/meta-relational-reasoning/.data/worktrees/ascent-dsl-closure-20261004/.cache/ascent/native-library/lib/gerbil-ascent/t/qualification/scheme-stratified-provenance-test~0.scm)
... execute compile job (compile-file /Users/guangtao/ghq/github.com/tao3k/meta-relational-reasoning/.data/worktrees/ascent-dsl-closure-20261004/.cache/ascent/native-library/lib/gerbil-ascent/t/qualification/scheme-stratified-provenance-test.scm)
... execute compile job (compile-file /User[build-activity] cpu-advance=0.590s processes=14
[build-activity] cpu-advance=0.780s processes=19
s/guangtao/ghq/github.com/tao3k/meta-relational-reasoning/.data/worktrees/ascent-dsl-closure-20261004/.cache/ascent/native-library/lib/gerbil-ascent/t/qualification/scheme-model-closure-test~0.scm)
... execute compile job (compile-file /Users/guangtao/ghq/github.com/tao3k/meta-relational-reasoning/.data/worktrees/ascent-dsl-closure-20261004/.cache/ascent/native-library/lib/gerbil-ascent/t/qualification/scheme-model-closure-test.scm)
... execute compile job (compile-file /Users/guangtao/ghq/github.com/tao3k/meta-relational-reasoning/.data/worktrees/ascent-dsl-closure-20261004/.cache/ascent/native-library/lib/gerbil-ascent/t/qualification/scheme-provenance-graph-test~0.scm)
... execute compile job (compile-file /Users/guangtao/ghq/github.com/tao3k/meta-relational-reasoning/.data/worktrees/ascent-dsl-closure-20261004/.cache/ascent/native-library/lib/gerbil-ascent/t/qualification/scheme-provenance-graph-test.scm)
... execute compile job (compile-file /Users/guangtao/ghq/github.com/tao3k/meta-relational-reasoning/[build-activity] cpu-advance=0.730s processes=18
[build-activity] cpu-advance=0.900s processes=18
[build-activity] cpu-advance=0.660s processes=22
.data/worktrees/ascent-dsl-closure-20261004/.cache/ascent/native-library/lib/gerbil-ascent/t/qualification/ascent-timeout-test~0.scm)
... execute compile job (compile-file /Users/guangtao/ghq/github.com/tao3k/meta-relational-reasoning/.data/worktrees/ascent-dsl-closure-20261004/.cache/ascent/native-library/lib/gerbil-ascent/t/qualification/ascent-timeout-test.scm)
... execute compile job (compile-file /Users/guangtao/ghq/github.com/tao3k/meta-relational-reasoning/.data/worktrees/ascent-dsl-closure-20261004/.cache/ascent/native-library/lib/gerbil-ascent/t/qualification/scheme-model-closure-test~1.scm)
... execute compile job (compile-file /Users/guangtao/ghq/github.com/tao3k/meta-relational-reasoning/.data/worktrees/ascent-dsl-closure-20261004/.cache/ascent/native-library/lib/gerbil-ascent/t/qualification/scheme-operator-retained-test~0.scm)
... execute compile job (compile-file /Users/guangtao/ghq/github.com/tao3k/meta-relational-reasoning/.data/worktrees/ascent-dsl-closure-20261004/.cache/ascent/native-libra[build-activity] cpu-advance=0.830s processes=23
[build-activity] cpu-advance=0.540s processes=18
ry/lib/gerbil-ascent/t/qualification/scheme-operator-retained-test.scm)
... execute compile job (compile-file /Users/guangtao/ghq/github.com/tao3k/meta-relational-reasoning/.data/worktrees/ascent-dsl-closure-20261004/.cache/ascent/native-library/lib/gerbil-ascent/t/qualification/ascent-byods-lattice-fixture~0.scm)
... execute compile job (compile-file /Users/guangtao/ghq/github.com/tao3k/meta-relational-reasoning/.data/worktrees/ascent-dsl-closure-20261004/.cache/ascent/native-library/lib/gerbil-ascent/t/qualification/ascent-byods-lattice-fixture.scm)
... execute compile job (compile-file /Users/guangtao/ghq/github.com/tao3k/meta-relational-reasoning/.data/worktrees/ascent-dsl-closure-20261004/.cache/ascent/native-library/lib/gerbil-ascent/t/qualification/ascent-session-corpus~0.scm)
... execute compile job (compile-file /Users/guangtao/ghq/github.com/tao3k/meta-relational-reasoning/.data/worktrees/ascent-dsl-closure-20261004/.cache/ascent/native-library/lib/gerbil-ascent/t/qualification/ascent-session-corpus[build-activity] cpu-advance=0.850s processes=24
[build-activity] cpu-advance=0.710s processes=18
[build-activity] cpu-advance=0.830s processes=14
.scm)
... execute compile job (compile-file /Users/guangtao/ghq/github.com/tao3k/meta-relational-reasoning/.data/worktrees/ascent-dsl-closure-20261004/.cache/ascent/native-library/lib/gerbil-ascent/t/qualification/ascent-arity-repetition-output~0.scm)
... execute compile job (compile-file /Users/guangtao/ghq/github.com/tao3k/meta-relational-reasoning/.data/worktrees/ascent-dsl-closure-20261004/.cache/ascent/native-library/lib/gerbil-ascent/t/qualification/ascent-arity-repetition-output.scm)
... execute compile job (compile-file /Users/guangtao/ghq/github.com/tao3k/meta-relational-reasoning/.data/worktrees/ascent-dsl-closure-20261004/.cache/ascent/native-library/lib/gerbil-ascent/t/qualification/ascent-session-corpus~1.scm)
... execute compile job (compile-file /Users/guangtao/ghq/github.com/tao3k/meta-relational-reasoning/.data/worktrees/ascent-dsl-closure-20261004/.cache/ascent/native-library/lib/gerbil-ascent/t/qualification/scheme-operator-test~0.scm)
... execute compile job (compile-file /Users/guangtao/g[build-activity] cpu-advance=0.820s processes=22
hq/github.com/tao3k/meta-relational-reasoning/.data/worktrees/ascent-dsl-closure-20261004/.cache/ascent/native-library/lib/gerbil-ascent/t/qualification/scheme-operator-test.scm)
... execute compile job (compile-file /Users/guangtao/ghq/github.com/tao3k/meta-relational-reasoning/.data/worktrees/ascent-dsl-closure-20261004/.cache/ascent/native-library/lib/gerbil-ascent/t/qualification/scheme-library-contract-test~0.scm)
... execute compile job (compile-file /Users/guangtao/ghq/github.com/tao3k/meta-relational-reasoning/.data/worktrees/ascent-dsl-closure-20261004/.cache/ascent/native-library/lib/gerbil-ascent/t/qualification/scheme-library-contract-test.scm)
... execute compile job (compile-file /Users/guangtao/ghq/github.com/tao3k/meta-relational-reasoning/.data/worktrees/ascent-dsl-closure-20261004/.cache/ascent/native-library/lib/gerbil-ascent/t/qualification/ascent-byods-lattice-session-output~0.scm)
... execute compile job (compile-file /Users/guangtao/ghq/github.com/tao3k/meta-relational-reasoning/.data/w[build-activity] cpu-advance=0.760s processes=22
[build-activity] cpu-advance=0.720s processes=22
orktrees/ascent-dsl-closure-20261004/.cache/ascent/native-library/lib/gerbil-ascent/t/qualification/ascent-byods-lattice-session-output.scm)
... execute compile job (compile-file /Users/guangtao/ghq/github.com/tao3k/meta-relational-reasoning/.data/worktrees/ascent-dsl-closure-20261004/.cache/ascent/native-library/lib/gerbil-ascent/t/qualification/ascent-byods-session-output~0.scm)
... execute compile job (compile-file /Users/guangtao/ghq/github.com/tao3k/meta-relational-reasoning/.data/worktrees/ascent-dsl-closure-20261004/.cache/ascent/native-library/lib/gerbil-ascent/t/qualification/ascent-byods-session-output.scm)
... execute compile job (compile-file /Users/guangtao/ghq/github.com/tao3k/meta-relational-reasoning/.data/worktrees/ascent-dsl-closure-20261004/.cache/ascent/native-library/lib/gerbil-ascent/t/qualification/ascent-multi-source-session-output~0.scm)
... execute compile job (compile-file /Users/guangtao/ghq/github.com/tao3k/meta-relational-reasoning/.data/worktrees/ascent-dsl-closure-20261004/.cac[build-activity] cpu-advance=0.420s processes=12
[build-activity] cpu-advance=0.420s processes=12
[build-activity] cpu-advance=0.330s processes=12
[build-activity] cpu-advance=0.260s processes=11
[build-activity] cpu-advance=0.200s processes=7
[build-activity] cpu-advance=0.170s processes=7
[build-activity] cpu-advance=0.220s processes=7
[build-activity] cpu-advance=0.090s processes=6
he/ascent/native-library/lib/gerbil-ascent/t/qualification/ascent-multi-source-session-output.scm)
... execute compile job (compile-file /Users/guangtao/ghq/github.com/tao3k/meta-relational-reasoning/.data/worktrees/ascent-dsl-closure-20261004/.cache/ascent/native-library/lib/gerbil-ascent/t/qualification/ascent-grouped-eqrel-session-output~0.scm)
... execute compile job (compile-file /Users/guangtao/ghq/github.com/tao3k/meta-relational-reasoning/.data/worktrees/ascent-dsl-closure-20261004/.cache/ascent/native-library/lib/gerbil-ascent/t/qualification/ascent-grouped-eqrel-session-output.scm)
[build-activity] cpu-advance=0.050s processes=2
compile t/harness/dsl-closure.ss
compile gerbil-ascent/t/harness/dsl-closure
compile /Users/guangtao/ghq/github.com/tao3k/meta-relational-reasoning/.data/worktrees/ascent-dsl-closure-20261004/.cache/ascent/native-library/lib/gerbil-ascent/t/harness/dsl-closure~0.scm
compile /Users/guangtao/ghq/github.com/tao3k/meta-relational-reasoning/.data/worktrees/ascent-dsl-closure-20261004/.cache/ascent/native-library/lib/gerbil-ascent/t/harness/dsl-closure.scm
compile /Users/guangtao/ghq/github.com/tao3k/meta-relational-reasoning/.data/worktrees/ascent-dsl-closure-20261004/.cache/ascent/native-library/lib/gerbil-ascent/t/harness/dsl-closure.ssi
compile exe t/harness/dsl-closure.ss
invoke (/opt/homebrew/Cellar/gerbil-scheme@0.19/0.19.2591dcd.patchf5cedd8168cb/current/bin/gsc -link -target C /opt/homebrew/Cellar/gerbil-scheme@0.19/0.19.2591dcd.patchf5cedd8168cb/current/lib/static/gerbil__runtime__gambit.c /opt/homebrew/Cellar/gerbil-scheme@0.19/0.19.2591dcd.patchf5cedd8168cb/current/lib/static/gerbil__runtime__util.c /opt/homebrew/Cellar/gerbil-scheme@0.19/0.19.2591dcd.patchf5cedd8168cb/current/lib/static/gerbil__runtime__table.c /opt/homebrew/Cellar/gerbil-scheme@0.19/0.19.2591dcd.patchf5cedd8168cb/current/lib/static/gerbil__runtime__control.c /opt/homebrew/Cellar/gerbil-scheme@0.19/0.19.2591dcd.patchf5cedd8168cb/current/lib/static/gerbil__runtime__system.c /opt/homebrew/Cellar/gerbil-scheme@0.19/0.19.2591dcd.patchf5cedd8168cb/current/lib/static/gerbil__runtime__c3.c /opt/homebrew/Cellar/gerbil-scheme@0.19/0.19.2591dcd.patchf5cedd8168cb/current/lib/static/gerbil__runtime__mop.c /opt/homebrew/Cellar/gerbil-scheme@0.19/0.19.2591dcd.patchf5cedd8168cb/current/lib/static/gerbil__runtime__mop-system-classes.c /opt/homebrew/Cellar/gerbil-scheme@0.19/0.19.2591dcd.patchf5cedd8168cb/current/lib/static/gerbil__runtime__error.c /opt/homebrew/Cellar/gerbil-scheme@0.19/0.19.2591dcd.patchf5cedd8168cb/current/lib/static/gerbil__runtime__interface.c /opt/homebrew/Cellar/gerbil-scheme@0.19/0.19.2591dcd.patchf5cedd8168cb/current/lib/static/gerbil__runtime__hash.c /opt/homebrew/Cellar/gerbil-scheme@0.19/0.19.2591dcd.patchf5cedd8168cb/current/lib/static/gerbil__runtime__thread.c /opt/homebrew/Cellar/gerbil-scheme@0.19/0.19.2591dcd.patchf5cedd8168cb/current/lib/static/gerbil__runtime__syntax.c /opt/homebrew/Cellar/gerbil-scheme@0.19/0.19.2591dcd.patchf5cedd8168cb/current/lib/static/gerbil__runtime__eval.c /opt/homebrew/Cellar/gerbil-scheme@0.19/0.19.2591dcd.patchf5cedd8168cb/current/lib/static/gerbil__runtime__repl.c /opt/homebrew/Cellar/gerbil-scheme@0.19/0.19.2591dcd.patchf5cedd8168cb/current/lib/static/gerbil__runtime__loader.c /opt/homebrew/Cellar/gerbil-scheme@0.19/0.19.2591dcd.patchf5cedd8168cb/current/lib/static/gerbil__runtime__init.c /opt/homebrew/Cellar/gerbil-scheme@0.19/0.19.2591dcd.patchf5cedd8168cb/current/lib/static/gerbil__runtime.c /opt/homebrew/Cellar/gerbil-scheme@0.19/0.19.2591dcd.patchf5cedd8168cb/current/lib/static/gerbil__base.c /opt/homebrew/Cellar/gerbil-scheme@0.19/0.19.2591dcd.patchf5cedd8168cb/current/lib/static/std__error.c /opt/homebrew/Cellar/gerbil-scheme@0.19/0.19.2591dcd.patchf5cedd8168cb/current/lib/static/std__interface.c /opt/homebrew/Cellar/gerbil-scheme@0.19/0.19.2591dcd.patchf5cedd8168cb/current/lib/static/std__serde__scan.c /opt/homebrew/Cellar/gerbil-scheme@0.19/0.19.2591dcd.patchf5cedd8168cb/current/lib/static/std__encoding__json__env.c /opt/homebrew/Cellar/gerbil-scheme@0.19/0.19.2591dcd.patchf5cedd8168cb/current/lib/static/std__text__parser__char-set.c /opt/homebrew/Cellar/gerbil-scheme@0.19/0.19.2591dcd.patchf5cedd8168cb/current/lib/static/std__list__list-builder.c /opt/homebrew/Cellar/gerbil-scheme@0.19/0.19.2591dcd.patchf5cedd8168cb/current/lib/static/std__list__list.c /opt/homebrew/Cellar/gerbil-scheme@0.19/0.19.2591dcd.patchf5cedd8168cb/current/lib/static/std__encoding__hex.c /opt/homebrew/Cellar/gerbil-scheme@0.19/0.19.2591dcd.patchf5cedd8168cb/current/lib/static/std__number__misc.c /opt/homebrew/Cellar/gerbil-scheme@0.19/0.19.2591dcd.patchf5cedd8168cb/current/lib/static/std__ffi~C-struct.c /opt/homebrew/Cellar/gerbil-scheme@0.19/0.19.2591dcd.patchf5cedd8168cb/current/lib/static/std__ffi.c /opt/homebrew/Cellar/gerbil-scheme@0.19/0.19.2591dcd.patchf5cedd8168cb/current/lib/static/std__vector__u8vector.c /opt/homebrew/Cellar/gerbil-scheme@0.19/0.19.2591dcd.patchf5cedd8168cb/current/lib/static/std__iter__interface.c /opt/homebrew/Cellar/gerbil-scheme@0.19/0.19.2591dcd.patchf5cedd8168cb/current/lib/static/std__iter__iterators.c /opt/homebrew/Cellar/gerbil-scheme@0.19/0.19.2591dcd.patchf5cedd8168cb/current/lib/static/std__iter__macros.c /opt/homebrew/Cellar/gerbil-scheme@0.19/0.19.2591dcd.patchf5cedd8168cb/current/lib/static/std__iter__api.c /opt/homebrew/Cellar/gerbil-scheme@0.19/0.19.2591dcd.patchf5cedd8168cb/current/lib/static/std__iter.c /opt/homebrew/Cellar/gerbil-scheme@0.19/0.19.2591dcd.patchf5cedd8168cb/current/lib/static/std__text__parser__base.c /opt/homebrew/Cellar/gerbil-scheme@0.19/0.19.2591dcd.patchf5cedd8168cb/current/lib/static/std__io__interface__base.c /opt/homebrew/Cellar/gerbil-scheme@0.19/0.19.2591dcd.patchf5cedd8168cb/current/lib/static/std__string__utf8.c /opt/homebrew/Cellar/gerbil-scheme@0.19/0.19.2591dcd.patchf5cedd8168cb/current/lib/static/std__net__address__types.c /opt/homebrew/Cellar/gerbil-scheme@0.19/0.19.2591dcd.patchf5cedd8168cb/current/lib/static/std__time__time.c /opt/homebrew/Cellar/gerbil-scheme@0.19/0.19.2591dcd.patchf5cedd8168cb/current/lib/static/std__time__timeout.c /opt/homebrew/Cellar/gerbil-scheme@0.19/0.19.2591dcd.patchf5cedd8168cb/current/lib/static/std__os__error.c /opt/homebrew/Cellar/gerbil-scheme@0.19/0.19.2591dcd.patchf5cedd8168cb/current/lib/static/std__os__time.c /opt/homebrew/Cellar/gerbil-scheme@0.19/0.19.2591dcd.patchf5cedd8168cb/current/lib/static/std__os__sockaddr.c /opt/homebrew/Cellar/gerbil-scheme@0.19/0.19.2591dcd.patchf5cedd8168cb/current/lib/static/std__os__device.c /opt/homebrew/Cellar/gerbil-scheme@0.19/0.19.2591dcd.patchf5cedd8168cb/current/lib/static/std__os__fcntl.c /opt/homebrew/Cellar/gerbil-scheme@0.19/0.19.2591dcd.patchf5cedd8168cb/current/lib/static/std__os__socket.c /opt/homebrew/Cellar/gerbil-scheme@0.19/0.19.2591dcd.patchf5cedd8168cb/current/lib/static/std__os__sockopt.c /opt/homebrew/Cellar/gerbil-scheme@0.19/0.19.2591dcd.patchf5cedd8168cb/current/lib/static/std__io__interface__socket.c /opt/homebrew/Cellar/gerbil-scheme@0.19/0.19.2591dcd.patchf5cedd8168cb/current/lib/static/std__io__interface__bio.c /opt/homebrew/Cellar/gerbil-scheme@0.19/0.19.2591dcd.patchf5cedd8168cb/current/lib/static/std__io__interface.c /opt/homebrew/Cellar/gerbil-scheme@0.19/0.19.2591dcd.patchf5cedd8168cb/current/lib/static/std__os__file.c /opt/homebrew/Cellar/gerbil-scheme@0.19/0.19.2591dcd.patchf5cedd8168cb/current/lib/static/std__os__flock.c /opt/homebrew/Cellar/gerbil-scheme@0.19/0.19.2591dcd.patchf5cedd8168cb/current/lib/static/std__io__file.c /opt/homebrew/Cellar/gerbil-scheme@0.19/0.19.2591dcd.patchf5cedd8168cb/current/lib/static/std__encoding__base64.c /opt/homebrew/Cellar/gerbil-scheme@0.19/0.19.2591dcd.patchf5cedd8168cb/current/lib/static/std__crypto__libcrypto.c /opt/homebrew/Cellar/gerbil-scheme@0.19/0.19.2591dcd.patchf5cedd8168cb/current/lib/static/std__crypto__error.c /opt/homebrew/Cellar/gerbil-scheme@0.19/0.19.2591dcd.patchf5cedd8168cb/current/lib/static/std__crypto__random.c /opt/homebrew/Cellar/gerbil-scheme@0.19/0.19.2591dcd.patchf5cedd8168cb/current/lib/static/std__io__tempfile.c /opt/homebrew/Cellar/gerbil-scheme@0.19/0.19.2591dcd.patchf5cedd8168cb/current/lib/static/std__io__bio__types.c /opt/homebrew/Cellar/gerbil-scheme@0.19/0.19.2591dcd.patchf5cedd8168cb/current/lib/static/std__io__bio__macros.c /opt/homebrew/Cellar/gerbil-scheme@0.19/0.19.2591dcd.patchf5cedd8168cb/current/lib/static/std__sync__spinlock.c /opt/homebrew/Cellar/gerbil-scheme@0.19/0.19.2591dcd.patchf5cedd8168cb/current/lib/static/std__cache.c /opt/homebrew/Cellar/gerbil-scheme@0.19/0.19.2591dcd.patchf5cedd8168cb/current/lib/static/std__io__bio__cache.c /opt/homebrew/Cellar/gerbil-scheme@0.19/0.19.2591dcd.patchf5cedd8168cb/current/lib/static/std__io__bio__buffer.c /opt/homebrew/Cellar/gerbil-scheme@0.19/0.19.2591dcd.patchf5cedd8168cb/current/lib/static/std__io__bio__output.c /opt/homebrew/Cellar/gerbil-scheme@0.19/0.19.2591dcd.patchf5cedd8168cb/current/lib/static/std__io__bio__input.c /opt/homebrew/Cellar/gerbil-scheme@0.19/0.19.2591dcd.patchf5cedd8168cb/current/lib/static/std__io__bio__delimited.c /opt/homebrew/Cellar/gerbil-scheme@0.19/0.19.2591dcd.patchf5cedd8168cb/current/lib/static/std__io__bio__port.c /opt/homebrew/Cellar/gerbil-scheme@0.19/0.19.2591dcd.patchf5cedd8168cb/current/lib/static/std__io__bio__srcsnk.c /opt/homebrew/Cellar/gerbil-scheme@0.19/0.19.2591dcd.patchf5cedd8168cb/current/lib/static/std__io__bio__memory.c /opt/homebrew/Cellar/gerbil-scheme@0.19/0.19.2591dcd.patchf5cedd8168cb/current/lib/static/std__io__bio__writer.c /opt/homebrew/Cellar/gerbil-scheme@0.19/0.19.2591dcd.patchf5cedd8168cb/current/lib/static/std__io__bio__reader.c /opt/homebrew/Cellar/gerbil-scheme@0.19/0.19.2591dcd.patchf5cedd8168cb/current/lib/static/std__io__bio__api.c /opt/homebrew/Cellar/gerbil-scheme@0.19/0.19.2591dcd.patchf5cedd8168cb/current/lib/static/std__io__util.c /opt/homebrew/Cellar/gerbil-scheme@0.19/0.19.2591dcd.patchf5cedd8168cb/current/lib/static/std__io__detachable.c /opt/homebrew/Cellar/gerbil-scheme@0.19/0.19.2591dcd.patchf5cedd8168cb/current/lib/static/std__io__delimited.c /opt/homebrew/Cellar/gerbil-scheme@0.19/0.19.2591dcd.patchf5cedd8168cb/current/lib/static/std__io__dummy.c /opt/homebrew/Cellar/gerbil-scheme@0.19/0.19.2591dcd.patchf5cedd8168cb/current/lib/static/std__io__counter.c /opt/homebrew/Cellar/gerbil-scheme@0.19/0.19.2591dcd.patchf5cedd8168cb/current/lib/static/std__io__socket__sockaddr.c /opt/homebrew/Cellar/gerbil-scheme@0.19/0.19.2591dcd.patchf5cedd8168cb/current/lib/static/std__sync__rwlock.c /opt/homebrew/Cellar/gerbil-scheme@0.19/0.19.2591dcd.patchf5cedd8168cb/current/lib/static/std__serde__util.c /opt/homebrew/Cellar/gerbil-scheme@0.19/0.19.2591dcd.patchf5cedd8168cb/current/lib/static/std__serde__interface.c /opt/homebrew/Cellar/gerbil-scheme@0.19/0.19.2591dcd.patchf5cedd8168cb/current/lib/static/std__hash__types.c /opt/homebrew/Cellar/gerbil-scheme@0.19/0.19.2591dcd.patchf5cedd8168cb/current/lib/static/std__serde__deserialize.c /opt/homebrew/Cellar/gerbil-scheme@0.19/0.19.2591dcd.patchf5cedd8168cb/current/lib/static/std__net__address__serde.c /opt/homebrew/Cellar/gerbil-scheme@0.19/0.19.2591dcd.patchf5cedd8168cb/current/lib/static/std__format__ascii.c /opt/homebrew/Cellar/gerbil-scheme@0.19/0.19.2591dcd.patchf5cedd8168cb/current/lib/static/std__format__env~integer-conversions.c /opt/homebrew/Cellar/gerbil-scheme@0.19/0.19.2591dcd.patchf5cedd8168cb/current/lib/static/std__format__env.c /opt/homebrew/Cellar/gerbil-scheme@0.19/0.19.2591dcd.patchf5cedd8168cb/current/lib/static/std__number__writer.c /opt/homebrew/Cellar/gerbil-scheme@0.19/0.19.2591dcd.patchf5cedd8168cb/current/lib/static/std__serde__interned.c /opt/homebrew/Cellar/gerbil-scheme@0.19/0.19.2591dcd.patchf5cedd8168cb/current/lib/static/std__serde__scanner.c /opt/homebrew/Cellar/gerbil-scheme@0.19/0.19.2591dcd.patchf5cedd8168cb/current/lib/static/std__serde__serialize.c /opt/homebrew/Cellar/gerbil-scheme@0.19/0.19.2591dcd.patchf5cedd8168cb/current/lib/static/std__format__ioutil.c /opt/homebrew/Cellar/gerbil-scheme@0.19/0.19.2591dcd.patchf5cedd8168cb/current/lib/static/std__format__reader.c /opt/homebrew/Cellar/gerbil-scheme@0.19/0.19.2591dcd.patchf5cedd8168cb/current/lib/static/std__format__writer.c /opt/homebrew/Cellar/gerbil-scheme@0.19/0.19.2591dcd.patchf5cedd8168cb/current/lib/static/std__format__io.c /opt/homebrew/Cellar/gerbil-scheme@0.19/0.19.2591dcd.patchf5cedd8168cb/current/lib/static/std__format__format-string.c /opt/homebrew/Cellar/gerbil-scheme@0.19/0.19.2591dcd.patchf5cedd8168cb/current/lib/static/std__format__format.c /opt/homebrew/Cellar/gerbil-scheme@0.19/0.19.2591dcd.patchf5cedd8168cb/current/lib/static/std__format__api.c /opt/homebrew/Cellar/gerbil-scheme@0.19/0.19.2591dcd.patchf5cedd8168cb/current/lib/static/std__format.c /opt/homebrew/Cellar/gerbil-scheme@0.19/0.19.2591dcd.patchf5cedd8168cb/current/lib/static/std__string__stringer.c /opt/homebrew/Cellar/gerbil-scheme@0.19/0.19.2591dcd.patchf5cedd8168cb/current/lib/static/std__net__address__stringer.c /opt/homebrew/Cellar/gerbil-scheme@0.19/0.19.2591dcd.patchf5cedd8168cb/current/lib/static/std__list__random.c /opt/homebrew/Cellar/gerbil-scheme@0.19/0.19.2591dcd.patchf5cedd8168cb/current/lib/static/std__net__address__resolver.c /opt/homebrew/Cellar/gerbil-scheme@0.19/0.19.2591dcd.patchf5cedd8168cb/current/lib/static/std__text__pregexp.c /opt/homebrew/Cellar/gerbil-scheme@0.19/0.19.2591dcd.patchf5cedd8168cb/current/lib/static/std__net__address__parser.c /opt/homebrew/Cellar/gerbil-scheme@0.19/0.19.2591dcd.patchf5cedd8168cb/current/lib/static/std__net__address__api.c /opt/homebrew/Cellar/gerbil-scheme@0.19/0.19.2591dcd.patchf5cedd8168cb/current/lib/static/std__net__address.c /opt/homebrew/Cellar/gerbil-scheme@0.19/0.19.2591dcd.patchf5cedd8168cb/current/lib/static/std__io__socket__types.c /opt/homebrew/Cellar/gerbil-scheme@0.19/0.19.2591dcd.patchf5cedd8168cb/current/lib/static/std__io__socket__basic.c /opt/homebrew/Cellar/gerbil-scheme@0.19/0.19.2591dcd.patchf5cedd8168cb/current/lib/static/std__io__socket__datagram.c /opt/homebrew/Cellar/gerbil-scheme@0.19/0.19.2591dcd.patchf5cedd8168cb/current/lib/static/std__io__socket__server.c /opt/homebrew/Cellar/gerbil-scheme@0.19/0.19.2591dcd.patchf5cedd8168cb/current/lib/static/std__io__socket__client.c /opt/homebrew/Cellar/gerbil-scheme@0.19/0.19.2591dcd.patchf5cedd8168cb/current/lib/static/std__io__socket__stream.c /opt/homebrew/Cellar/gerbil-scheme@0.19/0.19.2591dcd.patchf5cedd8168cb/current/lib/static/std__io__socket__socket.c /opt/homebrew/Cellar/gerbil-scheme@0.19/0.19.2591dcd.patchf5cedd8168cb/current/lib/static/std__io__socket__api.c /opt/homebrew/Cellar/gerbil-scheme@0.19/0.19.2591dcd.patchf5cedd8168cb/current/lib/static/std__io__api.c /opt/homebrew/Cellar/gerbil-scheme@0.19/0.19.2591dcd.patchf5cedd8168cb/current/lib/static/std__io.c /opt/homebrew/Cellar/gerbil-scheme@0.19/0.19.2591dcd.patchf5cedd8168cb/current/lib/static/std__text__parser__ll1.c /opt/homebrew/Cellar/gerbil-scheme@0.19/0.19.2591dcd.patchf5cedd8168cb/current/lib/static/std__list__alist.c /opt/homebrew/Cellar/gerbil-scheme@0.19/0.19.2591dcd.patchf5cedd8168cb/current/lib/static/std__list__walist.c /opt/homebrew/Cellar/gerbil-scheme@0.19/0.19.2591dcd.patchf5cedd8168cb/current/lib/static/std__encoding__json__reader.c /opt/homebrew/Cellar/gerbil-scheme@0.19/0.19.2591dcd.patchf5cedd8168cb/current/lib/static/std__encoding__json__writer.c /opt/homebrew/Cellar/gerbil-scheme@0.19/0.19.2591dcd.patchf5cedd8168cb/current/lib/static/std__encoding__json__io.c /opt/homebrew/Cellar/gerbil-scheme@0.19/0.19.2591dcd.patchf5cedd8168cb/current/lib/static/std__misc__ports.c /opt/homebrew/Cellar/gerbil-scheme@0.19/0.19.2591dcd.patchf5cedd8168cb/current/lib/static/std__list__plist.c /opt/homebrew/Cellar/gerbil-scheme@0.19/0.19.2591dcd.patchf5cedd8168cb/current/lib/static/std__encoding__json__util.c /opt/homebrew/Cellar/gerbil-scheme@0.19/0.19.2591dcd.patchf5cedd8168cb/current/lib/static/std__encoding__json__api.c /opt/homebrew/Cellar/gerbil-scheme@0.19/0.19.2591dcd.patchf5cedd8168cb/current/lib/static/std__encoding__json.c /opt/homebrew/Cellar/gerbil-scheme@0.19/0.19.2591dcd.patchf5cedd8168cb/current/lib/static/gerbil__expander__common.c /opt/homebrew/Cellar/gerbil-scheme@0.19/0.19.2591dcd.patchf5cedd8168cb/current/lib/static/gerbil__expander__stx.c /opt/homebrew/Cellar/gerbil-scheme@0.19/0.19.2591dcd.patchf5cedd8168cb/current/lib/static/gerbil__expander__core.c /opt/homebrew/Cellar/gerbil-scheme@0.19/0.19.2591dcd.patchf5cedd8168cb/current/lib/static/gerbil__expander__compile.c /opt/homebrew/Cellar/gerbil-scheme@0.19/0.19.2591dcd.patchf5cedd8168cb/current/lib/static/gerbil__expander__top.c /opt/homebrew/Cellar/gerbil-scheme@0.19/0.19.2591dcd.patchf5cedd8168cb/current/lib/static/gerbil__expander__module.c /opt/homebrew/Cellar/gerbil-scheme@0.19/0.19.2591dcd.patchf5cedd8168cb/current/lib/static/gerbil__expander__root.c /opt/homebrew/Cellar/gerbil-scheme@0.19/0.19.2591dcd.patchf5cedd8168cb/current/lib/static/gerbil__expander__init.c /opt/homebrew/Cellar/gerbil-scheme@0.19/0.19.2591dcd.patchf5cedd8168cb/current/lib/static/gerbil__expander__stxcase.c /opt/homebrew/Cellar/gerbil-scheme@0.19/0.19.2591dcd.patchf5cedd8168cb/current/lib/static/gerbil__expander.c /opt/homebrew/Cellar/gerbil-scheme@0.19/0.19.2591dcd.patchf5cedd8168cb/current/lib/static/gerbil__compiler__base.c /opt/homebrew/Cellar/gerbil-scheme@0.19/0.19.2591dcd.patchf5cedd8168cb/current/lib/static/gerbil__compiler__method.c /opt/homebrew/Cellar/gerbil-scheme@0.19/0.19.2591dcd.patchf5cedd8168cb/current/lib/static/gerbil__compiler__compile.c /opt/homebrew/Cellar/gerbil-scheme@0.19/0.19.2591dcd.patchf5cedd8168cb/current/lib/static/gerbil__compiler__optimize-base.c /opt/homebrew/Cellar/gerbil-scheme@0.19/0.19.2591dcd.patchf5cedd8168cb/current/lib/static/gerbil__compiler__optimize-xform.c /opt/homebrew/Cellar/gerbil-scheme@0.19/0.19.2591dcd.patchf5cedd8168cb/current/lib/static/gerbil__compiler__optimize-top.c /opt/homebrew/Cellar/gerbil-scheme@0.19/0.19.2591dcd.patchf5cedd8168cb/current/lib/static/gerbil__compiler__optimize-call.c /opt/homebrew/Cellar/gerbil-scheme@0.19/0.19.2591dcd.patchf5cedd8168cb/current/lib/static/gerbil__compiler__optimize-ann.c /opt/homebrew/Cellar/gerbil-scheme@0.19/0.19.2591dcd.patchf5cedd8168cb/current/lib/static/gerbil__compiler__optimize-spec.c /opt/homebrew/Cellar/gerbil-scheme@0.19/0.19.2591dcd.patchf5cedd8168cb/current/lib/static/gerbil__compiler__optimize.c /opt/homebrew/Cellar/gerbil-scheme@0.19/0.19.2591dcd.patchf5cedd8168cb/current/lib/static/gerbil__compiler__driver.c /opt/homebrew/Cellar/gerbil-scheme@0.19/0.19.2591dcd.patchf5cedd8168cb/current/lib/static/std__func.c /opt/homebrew/Cellar/gerbil-scheme@0.19/0.19.2591dcd.patchf5cedd8168cb/current/lib/static/std__values.c /opt/homebrew/Cellar/gerbil-scheme@0.19/0.19.2591dcd.patchf5cedd8168cb/current/lib/static/std__stxparam.c /opt/homebrew/Cellar/gerbil-scheme@0.19/0.19.2591dcd.patchf5cedd8168cb/current/lib/static/std__string__symbol.c /opt/homebrew/Cellar/gerbil-scheme@0.19/0.19.2591dcd.patchf5cedd8168cb/current/lib/static/std__hash__misc.c /opt/homebrew/Cellar/gerbil-scheme@0.19/0.19.2591dcd.patchf5cedd8168cb/current/lib/static/std__assert.c /opt/homebrew/Cellar/gerbil-scheme@0.19/0.19.2591dcd.patchf5cedd8168cb/current/lib/static/std__vector__vector.c /opt/homebrew/Cellar/gerbil-scheme@0.19/0.19.2591dcd.patchf5cedd8168cb/current/lib/static/std__test__base.c /opt/homebrew/Cellar/gerbil-scheme@0.19/0.19.2591dcd.patchf5cedd8168cb/current/lib/static/std__crypto__digest.c /opt/homebrew/Cellar/gerbil-scheme@0.19/0.19.2591dcd.patchf5cedd8168cb/current/lib/static/std__test__unit.c /opt/homebrew/Cellar/gerbil-scheme@0.19/0.19.2591dcd.patchf5cedd8168cb/current/lib/static/std__test.c /opt/homebrew/Cellar/gerbil-scheme@0.19/0.19.2591dcd.patchf5cedd8168cb/current/lib/static/std__misc__process.c /Users/guangtao/ghq/github.com/tao3k/meta-relational-reasoning/.data/worktrees/ascent-dsl-closure-20261004/.cache/ascent/native-library/lib/static/gerbil-ascent__tools__model-source-closure.scm /Users/guangtao/ghq/github.com/tao3k/meta-relational-reasoning/.data/worktrees/ascent-dsl-closure-20261004/.cache/ascent/native-library/lib/static/gerbil-ascent__table__trrel.scm /Users/guangtao/ghq/github.com/tao3k/meta-relational-reasoning/.data/worktrees/ascent-dsl-closure-20261004/.cache/ascent/native-library/lib/static/gerbil-ascent__table__eqrel.scm /Users/guangtao/ghq/github.com/tao3k/meta-relational-reasoning/.data/worktrees/ascent-dsl-closure-20261004/.data/dependencies/prefix/lib/static/clan__poo__support__base.scm /Users/guangtao/ghq/github.com/tao3k/meta-relational-reasoning/.data/worktrees/ascent-dsl-closure-20261004/.data/dependencies/prefix/lib/static/clan__poo__object.scm /Users/guangtao/ghq/github.com/tao3k/meta-relational-reasoning/.data/worktrees/ascent-dsl-closure-20261004/.data/dependencies/prefix/lib/static/clan__poo__support__repr.scm /Users/guangtao/ghq/github.com/tao3k/meta-relational-reasoning/.data/worktrees/ascent-dsl-closure-20261004/.data/dependencies/prefix/lib/static/clan__poo__support__json.scm /Users/guangtao/ghq/github.com/tao3k/meta-relational-reasoning/.data/worktrees/ascent-dsl-closure-20261004/.data/dependencies/prefix/lib/static/clan__poo__support__io.scm /Users/guangtao/ghq/github.com/tao3k/meta-relational-reasoning/.data/worktrees/ascent-dsl-closure-20261004/.data/dependencies/prefix/lib/static/clan__poo__mop.scm /Users/guangtao/ghq/github.com/tao3k/meta-relational-reasoning/.data/worktrees/ascent-dsl-closure-20261004/.data/dependencies/prefix/lib/static/core__types.scm /Users/guangtao/ghq/github.com/tao3k/meta-relational-reasoning/.data/worktrees/ascent-dsl-closure-20261004/.cache/ascent/native-library/lib/static/gerbil-ascent__table__storage.scm /Users/guangtao/ghq/github.com/tao3k/meta-relational-reasoning/.data/worktrees/ascent-dsl-closure-20261004/.cache/ascent/native-library/lib/static/gerbil-ascent__table__funs.scm /Users/guangtao/ghq/github.com/tao3k/meta-relational-reasoning/.data/worktrees/ascent-dsl-closure-20261004/.cache/ascent/native-library/lib/static/gerbil-ascent__table__provider.scm /Users/guangtao/ghq/github.com/tao3k/meta-relational-reasoning/.data/worktrees/ascent-dsl-closure-20261004/.cache/ascent/native-library/lib/static/gerbil-ascent__program__types.scm /Users/guangtao/ghq/github.com/tao3k/meta-relational-reasoning/.data/worktrees/ascent-dsl-closure-20261004/.cache/ascent/native-library/lib/static/gerbil-ascent__program__objects.scm /Users/guangtao/ghq/github.com/tao3k/meta-relational-reasoning/.data/worktrees/ascent-dsl-closure-20261004/.cache/ascent/native-library/lib/static/gerbil-ascent__table__access.scm /Users/guangtao/ghq/github.com/tao3k/meta-relational-reasoning/.data/worktrees/ascent-dsl-closure-20261004/.cache/ascent/native-library/lib/static/gerbil-ascent__core__dependency-graph.scm /Users/guangtao/ghq/github.com/tao3k/meta-relational-reasoning/.data/worktrees/ascent-dsl-closure-20261004/.cache/ascent/native-library/lib/static/gerbil-ascent__core__rule-semantics.scm /Users/guangtao/ghq/github.com/tao3k/meta-relational-reasoning/.data/worktrees/ascent-dsl-closure-20261004/.cache/ascent/native-library/lib/static/gerbil-ascent__program__analysis.scm /Users/guangtao/ghq/github.com/tao3k/meta-relational-reasoning/.data/worktrees/ascent-dsl-closure-20261004/.cache/ascent/native-library/lib/static/gerbil-ascent__core__positive-plan.scm /Users/guangtao/ghq/github.com/tao3k/meta-relational-reasoning/.data/worktrees/ascent-dsl-closure-20261004/.cache/ascent/native-library/lib/static/gerbil-ascent__program__aggregators.scm /Users/guangtao/ghq/github.com/tao3k/meta-relational-reasoning/.data/worktrees/ascent-dsl-closure-20261004/.cache/ascent/native-library/lib/static/gerbil-ascent__program__scheme-checked.scm /Users/guangtao/ghq/github.com/tao3k/meta-relational-reasoning/.data/worktrees/ascent-dsl-closure-20261004/.cache/ascent/native-library/lib/static/gerbil-ascent__program__update-selection.scm /Users/guangtao/ghq/github.com/tao3k/meta-relational-reasoning/.data/worktrees/ascent-dsl-closure-20261004/.cache/ascent/native-library/lib/static/gerbil-ascent__program__reuse.scm /Users/guangtao/ghq/github.com/tao3k/meta-relational-reasoning/.data/worktrees/ascent-dsl-closure-20261004/.cache/ascent/native-library/lib/static/gerbil-ascent__program__planning.scm /Users/guangtao/ghq/github.com/tao3k/meta-relational-reasoning/.data/worktrees/ascent-dsl-closure-20261004/.cache/ascent/native-library/lib/static/gerbil-ascent__program__result.scm /Users/guangtao/ghq/github.com/tao3k/meta-relational-reasoning/.data/worktrees/ascent-dsl-closure-20261004/.cache/ascent/native-library/lib/static/gerbil-ascent__program__admission.scm /Users/guangtao/ghq/github.com/tao3k/meta-relational-reasoning/.data/worktrees/ascent-dsl-closure-20261004/.cache/ascent/native-library/lib/static/gerbil-ascent__program__evaluate.scm /Users/guangtao/ghq/github.com/tao3k/meta-relational-reasoning/.data/worktrees/ascent-dsl-closure-20261004/.cache/ascent/native-library/lib/static/gerbil-ascent__program__session.scm /Users/guangtao/ghq/github.com/tao3k/meta-relational-reasoning/.data/worktrees/ascent-dsl-closure-20261004/.cache/ascent/native-library/lib/static/gerbil-ascent__program__scheme-admission.scm /Users/guangtao/ghq/github.com/tao3k/meta-relational-reasoning/.data/worktrees/ascent-dsl-closure-20261004/.cache/ascent/native-library/lib/static/gerbil-ascent__program__operator.scm /Users/guangtao/ghq/github.com/tao3k/meta-relational-reasoning/.data/worktrees/ascent-dsl-closure-20261004/.cache/ascent/native-library/lib/static/gerbil-ascent__program__operator-session.scm /Users/guangtao/ghq/github.com/tao3k/meta-relational-reasoning/.data/worktrees/ascent-dsl-closure-20261004/.cache/ascent/native-library/lib/static/gerbil-ascent__program__operator-change.scm /Users/guangtao/ghq/github.com/tao3k/meta-relational-reasoning/.data/worktrees/ascent-dsl-closure-20261004/.cache/ascent/native-library/lib/static/gerbil-ascent__program__summary.scm /Users/guangtao/ghq/github.com/tao3k/meta-relational-reasoning/.data/worktrees/ascent-dsl-closure-20261004/.cache/ascent/native-library/lib/static/gerbil-ascent__t__qualification__ascent-arity-repetition-output.scm /Users/guangtao/ghq/github.com/tao3k/meta-relational-reasoning/.data/worktrees/ascent-dsl-closure-20261004/.data/dependencies/prefix/lib/static/clan__poo__io.scm /Users/guangtao/ghq/github.com/tao3k/meta-relational-reasoning/.data/worktrees/ascent-dsl-closure-20261004/.data/dependencies/prefix/lib/static/clan__poo__number.scm /Users/guangtao/ghq/github.com/tao3k/meta-relational-reasoning/.data/worktrees/ascent-dsl-closure-20261004/.data/dependencies/prefix/lib/static/clan__poo__type.scm /Users/guangtao/ghq/github.com/tao3k/meta-relational-reasoning/.data/worktrees/ascent-dsl-closure-20261004/.data/dependencies/prefix/lib/static/clan__poo__support__option.scm /Users/guangtao/ghq/github.com/tao3k/meta-relational-reasoning/.data/worktrees/ascent-dsl-closure-20261004/.data/dependencies/prefix/lib/static/clan__poo__table.scm /Users/guangtao/ghq/github.com/tao3k/meta-relational-reasoning/.data/worktrees/ascent-dsl-closure-20261004/.data/dependencies/prefix/lib/static/clan__poo__fun.scm /Users/guangtao/ghq/github.com/tao3k/meta-relational-reasoning/.data/worktrees/ascent-dsl-closure-20261004/.data/dependencies/prefix/lib/static/clan__poo__trie.scm /Users/guangtao/ghq/github.com/tao3k/meta-relational-reasoning/.data/worktrees/ascent-dsl-closure-20261004/.cache/ascent/native-library/lib/static/gerbil-ascent__table__expression.scm /Users/guangtao/ghq/github.com/tao3k/meta-relational-reasoning/.data/worktrees/ascent-dsl-closure-20261004/.cache/ascent/native-library/lib/static/gerbil-ascent__t__qualification__ascent-byods-lattice-fixture.scm /Users/guangtao/ghq/github.com/tao3k/meta-relational-reasoning/.data/worktrees/ascent-dsl-closure-20261004/.cache/ascent/native-library/lib/static/gerbil-ascent__t__qualification__ascent-byods-lattice-session-output.scm /Users/guangtao/ghq/github.com/tao3k/meta-relational-reasoning/.data/worktrees/ascent-dsl-closure-20261004/.cache/ascent/native-library/lib/static/gerbil-ascent__t__qualification__ascent-session-corpus.scm /Users/guangtao/ghq/github.com/tao3k/meta-relational-reasoning/.data/worktrees/ascent-dsl-closure-20261004/.cache/ascent/native-library/lib/static/gerbil-ascent__t__qualification__ascent-grouped-eqrel-session-output.scm /Users/guangtao/ghq/github.com/tao3k/meta-relational-reasoning/.data/worktrees/ascent-dsl-closure-20261004/.cache/ascent/native-library/lib/static/gerbil-ascent__t__qualification__ascent-multi-source-session-output.scm /Users/guangtao/ghq/github.com/tao3k/meta-relational-reasoning/.data/worktrees/ascent-dsl-closure-20261004/.cache/ascent/native-library/lib/static/gerbil-ascent__t__qualification__ascent-byods-session-output.scm /Users/guangtao/ghq/github.com/tao3k/meta-relational-reasoning/.data/worktrees/ascent-dsl-closure-20261004/.cache/ascent/native-library/lib/static/gerbil-ascent__t__harness__prediction.scm /Users/guangtao/ghq/github.com/tao3k/meta-relational-reasoning/.data/worktrees/ascent-dsl-closure-20261004/.cache/ascent/native-library/lib/static/gerbil-ascent__candidate__types.scm /Users/guangtao/ghq/github.com/tao3k/meta-relational-reasoning/.data/worktrees/ascent-dsl-closure-20261004/.cache/ascent/native-library/lib/static/gerbil-ascent__candidate__program.scm /Users/guangtao/ghq/github.com/tao3k/meta-relational-reasoning/.data/worktrees/ascent-dsl-closure-20261004/.cache/ascent/native-library/lib/static/gerbil-ascent__candidate__funs.scm /Users/guangtao/ghq/github.com/tao3k/meta-relational-reasoning/.data/worktrees/ascent-dsl-closure-20261004/.cache/ascent/native-library/lib/static/gerbil-ascent__candidate__finite-evidence.scm /Users/guangtao/ghq/github.com/tao3k/meta-relational-reasoning/.data/worktrees/ascent-dsl-closure-20261004/.cache/ascent/native-library/lib/static/gerbil-ascent__candidate__stratified-provenance.scm /Users/guangtao/ghq/github.com/tao3k/meta-relational-reasoning/.data/worktrees/ascent-dsl-closure-20261004/.cache/ascent/native-library/lib/static/gerbil-ascent__candidate__stratified-proof.scm /Users/guangtao/ghq/github.com/tao3k/meta-relational-reasoning/.data/worktrees/ascent-dsl-closure-20261004/.cache/ascent/native-library/lib/static/gerbil-ascent__candidate__stratified-producer.scm /Users/guangtao/ghq/github.com/tao3k/meta-relational-reasoning/.data/worktrees/ascent-dsl-closure-20261004/.cache/ascent/native-library/lib/static/gerbil-ascent__candidate__provenance.scm /Users/guangtao/ghq/github.com/tao3k/meta-relational-reasoning/.data/worktrees/ascent-dsl-closure-20261004/.cache/ascent/native-library/lib/static/gerbil-ascent__candidate__nonmembership.scm /Users/guangtao/ghq/github.com/tao3k/meta-relational-reasoning/.data/worktrees/ascent-dsl-closure-20261004/.cache/ascent/native-library/lib/static/gerbil-ascent__candidate__reasoning.scm /Users/guangtao/ghq/github.com/tao3k/meta-relational-reasoning/.data/worktrees/ascent-dsl-closure-20261004/.cache/ascent/native-library/lib/static/gerbil-ascent__program__higher-order.scm /Users/guangtao/ghq/github.com/tao3k/meta-relational-reasoning/.data/worktrees/ascent-dsl-closure-20261004/.cache/ascent/native-library/lib/static/gerbil-ascent__t__qualification__scheme-model-closure-test.scm /Users/guangtao/ghq/github.com/tao3k/meta-relational-reasoning/.data/worktrees/ascent-dsl-closure-20261004/.cache/ascent/native-library/lib/static/gerbil-ascent__t__qualification__scheme-stratified-provenance-test.scm /Users/guangtao/ghq/github.com/tao3k/meta-relational-reasoning/.data/worktrees/ascent-dsl-closure-20261004/.cache/ascent/native-library/lib/static/gerbil-ascent__t__qualification__scheme-session-deletion-test.scm /Users/guangtao/ghq/github.com/tao3k/meta-relational-reasoning/.data/worktrees/ascent-dsl-closure-20261004/.cache/ascent/native-library/lib/static/gerbil-ascent__t__qualification__scheme-higher-order-test.scm /Users/guangtao/ghq/github.com/tao3k/meta-relational-reasoning/.data/worktrees/ascent-dsl-closure-20261004/.cache/ascent/native-library/lib/static/gerbil-ascent__candidate__provenance-graph.scm /Users/guangtao/ghq/github.com/tao3k/meta-relational-reasoning/.data/worktrees/ascent-dsl-closure-20261004/.cache/ascent/native-library/lib/static/gerbil-ascent__t__qualification__scheme-provenance-graph-test.scm /Users/guangtao/ghq/github.com/tao3k/meta-relational-reasoning/.data/worktrees/ascent-dsl-closure-20261004/.data/dependencies/prefix/lib/static/core__observability__types.scm /Users/guangtao/ghq/github.com/tao3k/meta-relational-reasoning/.data/worktrees/ascent-dsl-closure-20261004/.data/dependencies/prefix/lib/static/core__observability__funcs.scm /Users/guangtao/ghq/github.com/tao3k/meta-relational-reasoning/.data/worktrees/ascent-dsl-closure-20261004/.data/dependencies/prefix/lib/static/clan__poo__support__debug.scm /Users/guangtao/ghq/github.com/tao3k/meta-relational-reasoning/.data/worktrees/ascent-dsl-closure-20261004/.data/dependencies/prefix/lib/static/clan__poo__debug.scm /Users/guangtao/ghq/github.com/tao3k/meta-relational-reasoning/.data/worktrees/ascent-dsl-closure-20261004/.data/dependencies/prefix/lib/static/core__observability__slot-debug.scm /Users/guangtao/ghq/github.com/tao3k/meta-relational-reasoning/.data/worktrees/ascent-dsl-closure-20261004/.data/dependencies/prefix/lib/static/core__observability__debug.scm /Users/guangtao/ghq/github.com/tao3k/meta-relational-reasoning/.data/worktrees/ascent-dsl-closure-20261004/.data/dependencies/prefix/lib/static/core__observability__testing-case.scm /Users/guangtao/ghq/github.com/tao3k/meta-relational-reasoning/.data/worktrees/ascent-dsl-closure-20261004/.cache/ascent/native-library/lib/static/gerbil-ascent__t__qualification__ascent-timeout-test.scm /Users/guangtao/ghq/github.com/tao3k/meta-relational-reasoning/.data/worktrees/ascent-dsl-closure-20261004/.cache/ascent/native-library/lib/static/gerbil-ascent__t__harness__artifact.scm /Users/guangtao/ghq/github.com/tao3k/meta-relational-reasoning/.data/worktrees/ascent-dsl-closure-20261004/.cache/ascent/native-library/lib/static/gerbil-ascent__t__qualification__scheme-artifact-test.scm /Users/guangtao/ghq/github.com/tao3k/meta-relational-reasoning/.data/worktrees/ascent-dsl-closure-20261004/.cache/ascent/native-librar[build-activity] cpu-advance=0.190s processes=3
[build-activity] cpu-advance=0.120s processes=3
/Users/guangtao/ghq/github.com/tao3k/meta-relational-reasoning/.data/worktrees/ascent-dsl-closure-20261004/.cache/ascent/native-library/lib/static/gerbil-ascent__tools__model-source-closure.scm:
/Users/guangtao/ghq/github.com/tao3k/meta-relational-reasoning/.data/worktrees/ascent-dsl-closure-20261004/.cache/ascent/native-library/lib/static/gerbil-ascent__table__trrel.scm:
/Users/guangtao/ghq/github.com/tao3k/meta-relational-reasoning/.data/worktrees/ascent-dsl-closure-20261004/.cache/ascent/native-library/lib/static/gerbil-ascent__table__eqrel.scm:
/Users/guangtao/ghq/github.com/tao3k/meta-relational-reasoning/.data/worktrees/ascent-dsl-closure-20261004/.data/dependencies/prefix/lib/static/clan__poo__support__base.scm:
/Users/guangtao/ghq/github.com/tao3k/meta-relational-reasoning/.data/worktrees/ascent-dsl-closure-20261004/.data/dependencies/prefix/lib/static/clan__poo__object.scm:
/Users/guangtao/ghq/github.com/tao3k/meta-relational-reasoning/.data/worktrees/ascent-dsl-closure-20261004/.data/dependencies/pr[build-activity] cpu-advance=0.450s processes=3
efix/lib/static/clan__poo__support__repr.scm:
/Users/guangtao/ghq/github.com/tao3k/meta-relational-reasoning/.data/worktrees/ascent-dsl-closure-20261004/.data/dependencies/prefix/lib/static/clan__poo__support__json.scm:
/Users/guangtao/ghq/github.com/tao3k/meta-relational-reasoning/.data/worktrees/ascent-dsl-closure-20261004/.data/dependencies/prefix/lib/static/clan__poo__support__io.scm:
/Users/guangtao/ghq/github.com/tao3k/meta-relational-reasoning/.data/worktrees/ascent-dsl-closure-20261004/.data/dependencies/prefix/lib/static/clan__poo__mop.scm:
/Users/guangtao/ghq/github.com/tao3k/meta-relational-reasoning/.data/worktrees/ascent-dsl-closure-20261004/.data/dependencies/prefix/lib/static/core__types.scm:
/Users/guangtao/ghq/github.com/tao3k/meta-relational-reasoning/.data/worktrees/ascent-dsl-closure-20261004/.cache/ascent/native-library/lib/static/gerbil-ascent__table__storage.scm:
/Users/guangtao/ghq/github.com/tao3k/meta-relational-reasoning/.data/worktrees/ascent-dsl-closure-20261004/.cache/ascent/native-library/lib/static/gerbil-ascent__table__funs.scm:
/Users/guangtao/ghq/github.com/tao3k/meta-relational-reasoning/.data/worktrees/ascent-dsl-closure-20261004/.cache/ascent/native-library/lib/static/gerbil-ascent__table__provider.scm:
/Users/guangtao/ghq/github.com/tao3k/meta-relational-reasoning/.data/worktrees/ascent-dsl-closure-20261004/.cache/ascent/native-library/lib/static/gerbil-ascent__program__types.scm:
/Users/guangtao/ghq/github.com/tao3k/meta-relational-reasoning/.data/worktrees/ascent-dsl-closure-20261004/.cache/ascent/native-library/lib/static/gerbil-ascent__program__objects.scm:
/Users/guangtao/ghq/github.com/tao3k/meta-relational-reasoning/.data/worktrees/ascent-dsl-closure-20261004/.cache/ascent/native-library/lib/static/gerbil-ascent__table__access.scm:
/Users/guangtao/ghq/github.com/tao3k/meta-relational-reasoning/.data/worktrees/ascent-dsl-closure-20261004/.cache/ascent/native-library/lib/static/gerbil-ascent__core__dependency-graph.scm:
/Users/guangtao/ghq/github.com/tao3k/meta-relation[build-activity] cpu-advance=0.520s processes=3
al-reasoning/.data/worktrees/ascent-dsl-closure-20261004/.cache/ascent/native-library/lib/static/gerbil-ascent__core__rule-semantics.scm:
/Users/guangtao/ghq/github.com/tao3k/meta-relational-reasoning/.data/worktrees/ascent-dsl-closure-20261004/.cache/ascent/native-library/lib/static/gerbil-ascent__program__analysis.scm:
/Users/guangtao/ghq/github.com/tao3k/meta-relational-reasoning/.data/worktrees/ascent-dsl-closure-20261004/.cache/ascent/native-library/lib/static/gerbil-ascent__core__positive-plan.scm:
/Users/guangtao/ghq/github.com/tao3k/meta-relational-reasoning/.data/worktrees/ascent-dsl-closure-20261004/.cache/ascent/native-library/lib/static/gerbil-ascent__program__aggregators.scm:
/Users/guangtao/ghq/github.com/tao3k/meta-relational-reasoning/.data/worktrees/ascent-dsl-closure-20261004/.cache/ascent/native-library/lib/static/gerbil-ascent__program__scheme-checked.scm:
/Users/guangtao/ghq/github.com/tao3k/meta-relational-reasoning/.data/worktrees/ascent-dsl-closure-20261004/.cache/ascent/native-library[build-activity] cpu-advance=0.180s processes=3
[build-activity] cpu-advance=0.250s processes=3
/lib/static/gerbil-ascent__program__update-selection.scm:
/Users/guangtao/ghq/github.com/tao3k/meta-relational-reasoning/.data/worktrees/ascent-dsl-closure-20261004/.cache/ascent/native-library/lib/static/gerbil-ascent__program__reuse.scm:
/Users/guangtao/ghq/github.com/tao3k/meta-relational-reasoning/.data/worktrees/ascent-dsl-closure-20261004/.cache/ascent/native-library/lib/static/gerbil-ascent__program__planning.scm:
/Users/guangtao/ghq/github.com/tao3k/meta-relational-reasoning/.data/worktrees/ascent-dsl-closure-20261004/.cache/ascent/native-library/lib/static/gerbil-ascent__program__result.scm:
/Users/guangtao/ghq/github.com/tao3k/meta-relational-reasoning/.data/worktrees/ascent-dsl-closure-20261004/.cache/ascent/native-library/lib/static/gerbil-ascent__program__admission.scm:
/Users/guangtao/ghq/github.com/tao3k/meta-relational-reasoning/.data/worktrees/ascent-dsl-closure-20261004/.cache/ascent/native-library/lib/static/gerbil-ascent__program__evaluate.scm:
/Users/guangtao/ghq/github.com/tao3k/meta-rel[build-activity] cpu-advance=0.280s processes=3
[build-activity] cpu-advance=0.220s processes=3
ational-reasoning/.data/worktrees/ascent-dsl-closure-20261004/.cache/ascent/native-library/lib/static/gerbil-ascent__program__session.scm:
/Users/guangtao/ghq/github.com/tao3k/meta-relational-reasoning/.data/worktrees/ascent-dsl-closure-20261004/.cache/ascent/native-library/lib/static/gerbil-ascent__program__scheme-admission.scm:
/Users/guangtao/ghq/github.com/tao3k/meta-relational-reasoning/.data/worktrees/ascent-dsl-closure-20261004/.cache/ascent/native-library/lib/static/gerbil-ascent__program__operator.scm:
/Users/guangtao/ghq/github.com/tao3k/meta-relational-reasoning/.data/worktrees/ascent-dsl-closure-20261004/.cache/ascent/native-library/lib/static/gerbil-ascent__program__operator-session.scm:
/Users/guangtao/ghq/github.com/tao3k/meta-relational-reasoning/.data/worktrees/ascent-dsl-closure-20261004/.cache/ascent/native-library/lib/static/gerbil-ascent__program__operator-change.scm:
/Users/guangtao/ghq/github.com/tao3k/meta-relational-reasoning/.data/worktrees/ascent-dsl-closure-20261004/.cache/ascent/n[build-activity] cpu-advance=0.280s processes=3
[build-activity] cpu-advance=0.300s processes=3
[build-activity] cpu-advance=0.250s processes=3
[build-activity] cpu-advance=0.150s processes=3
[build-activity] cpu-advance=0.190s processes=3
ative-library/lib/static/gerbil-ascent__program__summary.scm:
/Users/guangtao/ghq/github.com/tao3k/meta-relational-reasoning/.data/worktrees/ascent-dsl-closure-20261004/.cache/ascent/native-library/lib/static/gerbil-ascent__t__qualification__ascent-arity-repetition-output.scm:
/Users/guangtao/ghq/github.com/tao3k/meta-relational-reasoning/.data/worktrees/ascent-dsl-closure-20261004/.data/dependencies/prefix/lib/static/clan__poo__io.scm:
/Users/guangtao/ghq/github.com/tao3k/meta-relational-reasoning/.data/worktrees/ascent-dsl-closure-20261004/.data/dependencies/prefix/lib/static/clan__poo__number.scm:
/Users/guangtao/ghq/github.com/tao3k/meta-relational-reasoning/.data/worktrees/ascent-dsl-closure-20261004/.data/dependencies/prefix/lib/static/clan__poo__type.scm:
/Users/guangtao/ghq/github.com/tao3k/meta-relational-reasoning/.data/worktrees/ascent-dsl-closure-20261004/.data/dependencies/prefix/lib/static/clan__poo__support__option.scm:
/Users/guangtao/ghq/github.com/tao3k/meta-relational-reasoning/.data/worktr[build-activity] cpu-advance=0.210s processes=3
[build-activity] cpu-advance=0.190s processes=3
ees/ascent-dsl-closure-20261004/.data/dependencies/prefix/lib/static/clan__poo__table.scm:
/Users/guangtao/ghq/github.com/tao3k/meta-relational-reasoning/.data/worktrees/ascent-dsl-closure-20261004/.data/dependencies/prefix/lib/static/clan__poo__fun.scm:
/Users/guangtao/ghq/github.com/tao3k/meta-relational-reasoning/.data/worktrees/ascent-dsl-closure-20261004/.data/dependencies/prefix/lib/static/clan__poo__trie.scm:
/Users/guangtao/ghq/github.com/tao3k/meta-relational-reasoning/.data/worktrees/ascent-dsl-closure-20261004/.cache/ascent/native-library/lib/static/gerbil-ascent__table__expression.scm:
/Users/guangtao/ghq/github.com/tao3k/meta-relational-reasoning/.data/worktrees/ascent-dsl-closure-20261004/.cache/ascent/native-library/lib/static/gerbil-ascent__t__qualification__ascent-byods-lattice-fixture.scm:
/Users/guangtao/ghq/github.com/tao3k/meta-relational-reasoning/.data/worktrees/ascent-dsl-closure-20261004/.cache/ascent/native-library/lib/static/gerbil-ascent__t__qualification__ascent-byods-lattice-sess[build-activity] cpu-advance=0.210s processes=3
ion-output.scm:
/Users/guangtao/ghq/github.com/tao3k/meta-relational-reasoning/.data/worktrees/ascent-dsl-closure-20261004/.cache/ascent/native-library/lib/static/gerbil-ascent__t__qualification__ascent-session-corpus.scm:
/Users/guangtao/ghq/github.com/tao3k/meta-relational-reasoning/.data/worktrees/ascent-dsl-closure-20261004/.cache/ascent/native-library/lib/static/gerbil-ascent__t__qualification__ascent-grouped-eqrel-session-output.scm:
/Users/guangtao/ghq/github.com/tao3k/meta-relational-reasoning/.data/worktrees/ascent-dsl-closure-20261004/.cache/ascent/native-library/lib/static/gerbil-ascent__t__qualification__ascent-multi-source-session-output.scm:
/Users/guangtao/ghq/github.com/tao3k/meta-relational-reasoning/.data/worktrees/ascent-dsl-closure-20261004/.cache/ascent/native-library/lib/static/gerbil-ascent__t__qualification__ascent-byods-session-output.scm:
/Users/guangtao/ghq/github.com/tao3k/meta-relational-reasoning/.data/worktrees/ascent-dsl-closure-20261004/.cache/ascent/native-library/lib/static/[build-activity] cpu-advance=0.210s processes=3
[build-activity] cpu-advance=0.180s processes=3
gerbil-ascent__t__harness__prediction.scm:
/Users/guangtao/ghq/github.com/tao3k/meta-relational-reasoning/.data/worktrees/ascent-dsl-closure-20261004/.cache/ascent/native-library/lib/static/gerbil-ascent__candidate__types.scm:
/Users/guangtao/ghq/github.com/tao3k/meta-relational-reasoning/.data/worktrees/ascent-dsl-closure-20261004/.cache/ascent/native-library/lib/static/gerbil-ascent__candidate__program.scm:
/Users/guangtao/ghq/github.com/tao3k/meta-relational-reasoning/.data/worktrees/ascent-dsl-closure-20261004/.cache/ascent/native-library/lib/static/gerbil-ascent__candidate__funs.scm:
/Users/guangtao/ghq/github.com/tao3k/meta-relational-reasoning/.data/worktrees/ascent-dsl-closure-20261004/.cache/ascent/native-library/lib/static/gerbil-ascent__candidate__finite-evidence.scm:
/Users/guangtao/ghq/github.com/tao3k/meta-relational-reasoning/.data/worktrees/ascent-dsl-closure-20261004/.cache/ascent/native-library/lib/static/gerbil-ascent__candidate__stratified-provenance.scm:
/Users/guangtao/ghq/github.com/tao[build-activity] cpu-advance=0.170s processes=3
[build-activity] cpu-advance=0.120s processes=3
[build-activity] cpu-advance=0.160s processes=3
[build-activity] cpu-advance=0.190s processes=3
3k/meta-relational-reasoning/.data/worktrees/ascent-dsl-closure-20261004/.cache/ascent/native-library/lib/static/gerbil-ascent__candidate__stratified-proof.scm:
/Users/guangtao/ghq/github.com/tao3k/meta-relational-reasoning/.data/worktrees/ascent-dsl-closure-20261004/.cache/ascent/native-library/lib/static/gerbil-ascent__candidate__stratified-producer.scm:
/Users/guangtao/ghq/github.com/tao3k/meta-relational-reasoning/.data/worktrees/ascent-dsl-closure-20261004/.cache/ascent/native-library/lib/static/gerbil-ascent__candidate__provenance.scm:
/Users/guangtao/ghq/github.com/tao3k/meta-relational-reasoning/.data/worktrees/ascent-dsl-closure-20261004/.cache/ascent/native-library/lib/static/gerbil-ascent__candidate__nonmembership.scm:
/Users/guangtao/ghq/github.com/tao3k/meta-relational-reasoning/.data/worktrees/ascent-dsl-closure-20261004/.cache/ascent/native-library/lib/static/gerbil-ascent__candidate__reasoning.scm:
/Users/guangtao/ghq/github.com/tao3k/meta-relational-reasoning/.data/worktrees/ascent-dsl-closur[build-activity] cpu-advance=0.210s processes=3
[build-activity] cpu-advance=0.190s processes=3
[build-activity] cpu-advance=0.190s processes=3
[build-activity] cpu-advance=0.310s processes=3
[build-activity] cpu-advance=0.210s processes=3
e-20261004/.cache/ascent/native-library/lib/static/gerbil-ascent__program__higher-order.scm:
/Users/guangtao/ghq/github.com/tao3k/meta-relational-reasoning/.data/worktrees/ascent-dsl-closure-20261004/.cache/ascent/native-library/lib/static/gerbil-ascent__t__qualification__scheme-model-closure-test.scm:
/Users/guangtao/ghq/github.com/tao3k/meta-relational-reasoning/.data/worktrees/ascent-dsl-closure-20261004/.cache/ascent/native-library/lib/static/gerbil-ascent__t__qualification__scheme-stratified-provenance-test.scm:
/Users/guangtao/ghq/github.com/tao3k/meta-relational-reasoning/.data/worktrees/ascent-dsl-closure-20261004/.cache/ascent/native-library/lib/static/gerbil-ascent__t__qualification__scheme-session-deletion-test.scm:
/Users/guangtao/ghq/github.com/tao3k/meta-relational-reasoning/.data/worktrees/ascent-dsl-closure-20261004/.cache/ascent/native-library/lib/static/gerbil-ascent__t__qualification__scheme-higher-order-test.scm:
/Users/guangtao/ghq/github.com/tao3k/meta-relational-reasoning/.data/worktree[build-activity] cpu-advance=0.260s processes=3
s/ascent-dsl-closure-20261004/.cache/ascent/native-library/lib/static/gerbil-ascent__candidate__provenance-graph.scm:
/Users/guangtao/ghq/github.com/tao3k/meta-relational-reasoning/.data/worktrees/ascent-dsl-closure-20261004/.cache/ascent/native-library/lib/static/gerbil-ascent__t__qualification__scheme-provenance-graph-test.scm:
/Users/guangtao/ghq/github.com/tao3k/meta-relational-reasoning/.data/worktrees/ascent-dsl-closure-20261004/.data/dependencies/prefix/lib/static/core__observability__types.scm:
/Users/guangtao/ghq/github.com/tao3k/meta-relational-reasoning/.data/worktrees/ascent-dsl-closure-20261004/.data/dependencies/prefix/lib/static/core__observability__funcs.scm:
/Users/guangtao/ghq/github.com/tao3k/meta-relational-reasoning/.data/worktrees/ascent-dsl-closure-20261004/.data/dependencies/prefix/lib/static/clan__poo__support__debug.scm:
/Users/guangtao/ghq/github.com/tao3k/meta-relational-reasoning/.data/worktrees/ascent-dsl-closure-20261004/.data/dependencies/prefix/lib/static/clan__poo__debug.scm:[build-activity] cpu-advance=0.210s processes=3
[build-activity] cpu-advance=0.160s processes=3
[build-activity] cpu-advance=0.180s processes=3
[build-activity] cpu-advance=0.130s processes=3

/Users/guangtao/ghq/github.com/tao3k/meta-relational-reasoning/.data/worktrees/ascent-dsl-closure-20261004/.data/dependencies/prefix/lib/static/core__observability__slot-debug.scm:
/Users/guangtao/ghq/github.com/tao3k/meta-relational-reasoning/.data/worktrees/ascent-dsl-closure-20261004/.data/dependencies/prefix/lib/static/core__observability__debug.scm:
/Users/guangtao/ghq/github.com/tao3k/meta-relational-reasoning/.data/worktrees/ascent-dsl-closure-20261004/.data/dependencies/prefix/lib/static/core__observability__testing-case.scm:
/Users/guangtao/ghq/github.com/tao3k/meta-relational-reasoning/.data/worktrees/ascent-dsl-closure-20261004/.cache/ascent/native-library/lib/static/gerbil-ascent__t__qualification__ascent-timeout-test.scm:
/Users/guangtao/ghq/github.com/tao3k/meta-relational-reasoning/.data/worktrees/ascent-dsl-closure-20261004/.cache/ascent/native-library/lib/static/gerbil-ascent__t__harness__artifact.scm:
/Users/guangtao/ghq/github.com/tao3k/meta-relational-reasoning/.data/worktrees/ascent-dsl-[build-activity] cpu-advance=0.210s processes=3
[build-activity] cpu-advance=0.150s processes=3
[build-activity] cpu-advance=0.170s processes=3
[build-activity] cpu-advance=0.140s processes=3
[build-activity] cpu-advance=0.160s processes=3
[build-activity] cpu-advance=0.170s processes=3
closure-20261004/.cache/ascent/native-library/lib/static/gerbil-ascent__t__qualification__scheme-artifact-test.scm:
/Users/guangtao/ghq/github.com/tao3k/meta-relational-reasoning/.data/worktrees/ascent-dsl-closure-20261004/.cache/ascent/native-library/lib/static/gerbil-ascent__t__qualification__ascent-positive-nonmembership-test.scm:
/Users/guangtao/ghq/github.com/tao3k/meta-relational-reasoning/.data/worktrees/ascent-dsl-closure-20261004/.cache/ascent/native-library/lib/static/gerbil-ascent__t__qualification__ascent-finite-evidence-test.scm:
/Users/guangtao/ghq/github.com/tao3k/meta-relational-reasoning/.data/worktrees/ascent-dsl-closure-20261004/.cache/ascent/native-library/lib/static/gerbil-ascent__t__qualification__scheme-operator-retained-test.scm:
/Users/guangtao/ghq/github.com/tao3k/meta-relational-reasoning/.data/worktrees/ascent-dsl-closure-20261004/.cache/ascent/native-library/lib/static/gerbil-ascent__t__qualification__scheme-library-contract-test.scm:
/Users/guangtao/ghq/github.com/tao3k/meta-rela[build-activity] cpu-advance=0.150s processes=3
[build-activity] cpu-advance=0.180s processes=3
[build-activity] cpu-advance=0.230s processes=3
[build-activity] cpu-advance=0.190s processes=3
[build-activity] cpu-advance=0.210s processes=3
tional-reasoning/.data/worktrees/ascent-dsl-closure-20261004/.cache/ascent/native-library/lib/static/gerbil-ascent__t__qualification__scheme-operator-test.scm:
/Users/guangtao/ghq/github.com/tao3k/meta-relational-reasoning/.data/worktrees/ascent-dsl-closure-20261004/.cache/ascent/native-library/lib/static/gerbil-ascent__t__qualification__scheme-closure-contract-test.scm:
/Users/guangtao/ghq/github.com/tao3k/meta-relational-reasoning/.data/worktrees/ascent-dsl-closure-20261004/.cache/ascent/native-library/lib/static/gerbil-ascent__t__harness__dsl-closure.scm:
/Users/guangtao/ghq/github.com/tao3k/meta-relational-reasoning/.data/worktrees/ascent-dsl-closure-20261004/.cache/ascent/native-library/dsl-closure__exe.scm:
y/lib/static/gerbil-ascent__t__qualification__ascent-positive-nonmembership-test.scm /Users/guangtao/ghq/github.com/tao3k/meta-relational-reasoning/.data/worktrees/ascent-dsl-closure-20261004/.cache/ascent/native-library/lib/static/gerbil-ascent__t__qualification__ascent-finite-evidence-test.scm /Users/guangtao/ghq/github.com/tao3k/meta-relational-reasoning/.data/worktrees/ascent-dsl-closure-20261004/.cache/ascent/native-library/lib/static/gerbil-ascent__t__qualification__scheme-operator-retained-test.scm /Users/guangtao/ghq/github.com/tao3k/meta-relational-reasoning/.data/worktrees/ascent-dsl-closure-20261004/.cache/ascent/native-library/lib/static/gerbil-ascent__t__qualification__scheme-library-contract-test.scm /Users/guangtao/ghq/github.com/tao3k/meta-relational-reasoning/.data/worktrees/ascent-dsl-closure-20261004/.cache/ascent/native-library/lib/static/gerbil-ascent__t__qualification__scheme-operator-test.scm /Users/guangtao/ghq/github.com/tao3k/meta-relational-reasoning/.data/worktrees/ascent-dsl-closure-20261004/.cache/ascent/native-library/lib/static/gerbil-ascent__t__qualification__scheme-closure-contract-test.scm /Users/guangtao/ghq/github.com/tao3k/meta-relational-reasoning/.data/worktrees/ascent-dsl-closure-20261004/.cache/ascent/native-library/lib/static/gerbil-ascent__t__harness__dsl-closure.scm /Users/guangtao/ghq/github.com/tao3k/meta-relational-reasoning/.data/worktrees/ascent-dsl-closure-20261004/.cache/ascent/native-library/dsl-closure__exe.scm)
... execute compile job (compile-executable-object /Users/guangtao/ghq/github.com/tao3k/meta-relational-reasoning/.data/worktrees/ascent-dsl-closure-20261004/.cache/ascent/native-library/lib/static/gerbil-ascent__tools__model-source-closure.c)
... execute compile job (compile-executable-object /Users/guangtao/ghq/github.com/tao3k/meta-relational-reasoning/.data/worktrees/ascent-dsl-closure-20261004/.cache/ascent/native-library/lib/static/gerbil-ascent__table__trrel.c)
... execute compile job (compile-executable-object /Users/guangtao/ghq/github.com/tao3k/meta-relational-reasoning/.data/worktrees/ascent-dsl-closure-20261004/.cache/ascent/native-library/lib/static/gerbil-ascent__table__eqrel.c)
... execute compile job (compile-executable-object /Users/guangtao/ghq/github.com/tao3k/meta-relational-reasoning/.data/worktrees/ascent-dsl-closure-20261004/.data/dependencies/prefix/lib/static/clan__poo__support__base.c)
... execute compile job (compile-executable-object /Users/guangtao/ghq/github.com/tao3k/meta-relational-reasoning/.data/worktrees/ascent-dsl-closure-20261004/.data/dependencies/prefix/lib/static/clan__poo__object.c)
... execute compile job (compile-executable-object /Users/guangtao/ghq/github.com/tao3k/meta-relational-reasoning/.data/worktrees/ascent-dsl-closure-20261004/.data/dependencies/prefix/lib/static/clan__poo__support__repr.c)
... execute compile job (compile-executable-object /Users/guangtao/ghq/github.com/tao3k/meta-relational-reasoning/.data/worktrees/ascent-dsl-closure-20261004/.data/dependencies/prefix/lib/static/clan__poo__support__json.c)
... execute compile job (compile-executable-object /Users/guangtao/ghq/github.com/tao3k/meta-relational-reasoning/.data/worktrees/ascent-dsl-closure-20261004/.data/dependencies/prefix/lib/static/clan__poo__support__io.c)
... execute compile job (compile-executable-object /Users/guangtao/ghq/github.com/tao3k/meta-relational-reasoning/.data/worktrees/ascent-dsl-closure-20261004/.data/dependencies/prefix/lib/static/clan__poo__mop.c)
... execute compile job (compile-executable-object /Users/guangtao/ghq/github.com/tao3k/meta-relational-reasoning/.data/worktrees/ascent-dsl-closure-20261004/.data/dependencies/prefix/lib/static/core__types.c)
... execute compile job (compile-executable-object /Users/guangtao/ghq/github.com/tao3k/meta-relational-reasoning/.data/worktrees/ascent-dsl-closure-20261004/.cache/ascent/native-library/lib/static/gerbil-ascent__table__storage.c)
... execute compile job (compile-executable-object /Users/guangtao/ghq/github.com/tao3k/meta-relational-reasoning/.data/worktrees/ascent-dsl-closure-20261004/.cache/ascent/native-library/lib/static/gerbil-ascent__table__funs.c)
... execute compile job (compile-executable-object /Users/guangtao/ghq/github.com/tao3k/meta-relational-reasoning/.data/worktrees/ascent-dsl-closure-20261004/.cache/ascent/native-library/lib/static/gerbil-ascent__table__provider.c)
... execute compile job (compile-executable-object /Users/guangtao/ghq/github.com/tao3k/meta-relational-reasoning/.data/worktrees/ascent-dsl-closure-20261004/.cache/ascent/native-library/lib/static/gerbil-ascent__program__types.c)
... execute compile job (compile-executable-object /Users/guangtao/ghq/github.com/tao3k/meta-relational-reasoning/.data/worktrees/ascent-dsl-closure-20261004/.cache/ascent/native-library/lib/static/gerbil-ascent__program__objects.c)
... execute compile job (compile-executable-object /Users/guangtao/ghq/github.com/tao3k/meta-relational-reasoning/.data/worktrees/ascent-dsl-closure-20261004/.cache/ascent/native-library/lib/static/gerbil-ascent__table__access.c)
... execute compile job (compile-executable-object /Users/guangtao/ghq/github.com/tao3k/meta-relational-reasoning/.data/worktrees/ascent-dsl-closure-20261004/.cache/ascent/native-library/lib/static/gerbil-ascent__core__dependency-graph.c)
invoke (/opt/homebrew/Cellar/gerbil-scheme@0.19/0.19.2591dcd.patchf5cedd8168cb/current/bin/gsc -obj -cc-options -I /opt/homebrew/Cellar/gerbil-scheme@0.19/0.19.2591dcd.patchf5cedd8168cb/current/lib/static -I /Users/guangtao/ghq/github.com/tao3k/meta-relational-reasoning/.data/worktrees/ascent-dsl-closure-20261004/.data/dependencies/prefix/lib/static /Users/guangtao/ghq/github.com/tao3k/meta-relational-reasoning/.data/worktrees/ascent-dsl-closure-20261004/.cache/ascent/native-library/lib/static/gerbil-ascent__core__dependency-graph.c)
... execute compile job (compile-executable-object /Users/guangtao/ghq/github.com/tao3k/meta-relational-reasoning/.data/worktrees/ascent-dsl-closure-20261004/.cache/ascent/native-library/lib/static/gerbil-ascent__core__rule-semantics.c)
invoke (/opt/homebrew/Cellar/gerbil-scheme@0.19/0.19.2591dcd.patchf5cedd8168cb/current/bin/gsc -obj -cc-options -I /opt/homebrew/Cellar/gerbil-scheme@0.19/0.19.2591dcd.patchf5cedd8168cb/current/lib/static -I /Users/guangtao/ghq/github.com/tao3k/meta-relational-reasoning/.data/worktrees/ascent-dsl-closure-20261004/.data/dependencies/prefix/lib/static /Users/guangtao/ghq/github.com/tao3k/meta-relational-reasoning/.data/worktrees/ascent-dsl-closure-20261004/.cache/ascent/native-library/lib/static/gerbil-ascent__core__rule-semantics.c)
... execute compile job (compile-executable-object /Users/guangtao/ghq/github.com/tao3k/meta-relational-reasoning/.data/worktrees/ascent-dsl-closure-20261004/.cache/ascent/native-library/lib/static/gerbil-ascent__program__analysis.c)
... execute compile job (compile-executable-object /Users/guangtao/ghq/github.com/tao3k/meta-relational-reasoning/.data/worktrees/ascent-dsl-closure-20261004/.cache/ascent/native-library/lib/static/gerbil-ascent__core__positive-plan.c)
invoke (/opt/homebrew/Cellar/gerbil-scheme@0.19/0.19.2591dcd.patchf5cedd8168cb/current/bin/gsc -obj -cc-options -I /opt/homebrew/Cellar/gerbil-scheme@0.19/0.19.2591dcd.patchf5cedd8168cb/current/lib/static -I /Users/guangtao/ghq/github.com/tao3k/meta-relational-reasoning/.data/worktrees/ascent-dsl-closure-20261004/.data/dependencies/prefix/lib/static /Users/guangtao/ghq/github.com/tao3k/meta-relational-reasoning/.data/worktrees/ascent-dsl-closure-20261004/.cache/ascent/native-library/lib/static/gerbil-ascent__core__positive-plan.c)
... execute compile job (compile-executable-object /Users/guangtao/ghq/github.com/tao3k/meta-relational-reasoning/.data/worktrees/ascent-dsl-closure-20261004/.cache/ascent/native-library/lib/static/gerbil-ascent__program__aggregators.c)
... execute compile job (compile-executable-object /Users/guangtao/ghq/github.com/tao3k/meta-relational-reasoning/.data/worktrees/ascent-dsl-closure-20261004/.cache/ascent/native-library/lib/static/gerbil-ascent__program__scheme-checked.c)
... execute compile job (compile-executable-obje[build-activity] cpu-advance=0.510s processes=22
[build-activity] cpu-advance=0.570s processes=27
ct /Users/guangtao/ghq/github.com/tao3k/meta-relational-reasoning/.data/worktrees/ascent-dsl-closure-20261004/.cache/ascent/native-library/lib/static/gerbil-ascent__program__update-selection.c)
invoke (/opt/homebrew/Cellar/gerbil-scheme@0.19/0.19.2591dcd.patchf5cedd8168cb/current/bin/gsc -obj -cc-options -I /opt/homebrew/Cellar/gerbil-scheme@0.19/0.19.2591dcd.patchf5cedd8168cb/current/lib/static -I /Users/guangtao/ghq/github.com/tao3k/meta-relational-reasoning/.data/worktrees/ascent-dsl-closure-20261004/.data/dependencies/prefix/lib/static /Users/guangtao/ghq/github.com/tao3k/meta-relational-reasoning/.data/worktrees/ascent-dsl-closure-20261004/.cache/ascent/native-library/lib/static/gerbil-ascent__program__update-selection.c)
... execute compile job (compile-executable-object /Users/guangtao/ghq/github.com/tao3k/meta-relational-reasoning/.data/worktrees/ascent-dsl-closure-20261004/.cache/ascent/native-library/lib/static/gerbil-ascent__program__reuse.c)
invoke (/opt/homebrew/Cellar/gerbil-scheme@0.19/0.19.2591dcd.patchf5cedd8168cb/current/bin/gsc -obj -cc-options -I /opt/homebrew/Cellar/gerbil-scheme@0.19/0.19.2591dcd.patchf5cedd8168cb/current/lib/static -I /Users/guangtao/ghq/github.com/tao3k/meta-relational-reasoning/.data/worktrees/ascent-dsl-closure-20261004/.data/dependencies/prefix/lib/static /Users/guangtao/ghq/github.com/tao3k/meta-relational-reasoning/.data/worktrees/ascent-dsl-closure-20261004/.cache/ascent/native-library/lib/static/gerbil-ascent__program__reuse.c)
... execute compile job (compile-executable-object /Users/guangtao/ghq/github.com/tao3k/meta-relational-reasoning/.data/worktrees/ascent-dsl-closure-20261004/.cache/ascent/native-library/lib/static/gerbil-ascent__program__planning.c)
invoke (/opt/homebrew/Cellar/gerbil-scheme@0.19/0.19.2591dcd.patchf5cedd8168cb/current/bin/gsc -obj -cc-options -I /opt/homebrew/Cellar/gerbil-scheme@0.19/0.19.2591dcd.patchf5cedd8168cb/current/lib/static -I /Users/guangtao/ghq/github.com/tao3k/meta-relational-reasoning/.data/worktrees/ascent-dsl-closure-20261004[build-activity] cpu-advance=0.360s processes=26
/.data/dependencies/prefix/lib/static /Users/guangtao/ghq/github.com/tao3k/meta-relational-reasoning/.data/worktrees/ascent-dsl-closure-20261004/.cache/ascent/native-library/lib/static/gerbil-ascent__program__planning.c)
... execute compile job (compile-executable-object /Users/guangtao/ghq/github.com/tao3k/meta-relational-reasoning/.data/worktrees/ascent-dsl-closure-20261004/.cache/ascent/native-library/lib/static/gerbil-ascent__program__result.c)
... execute compile job (compile-executable-object /Users/guangtao/ghq/github.com/tao3k/meta-relational-reasoning/.data/worktrees/ascent-dsl-closure-20261004/.cache/ascent/native-library/lib/static/gerbil-ascent__program__admission.c)
... execute compile job (compile-executable-object /Users/guangtao/ghq/github.com/tao3k/meta-relational-reasoning/.data/worktrees/ascent-dsl-closure-20261004/.cache/ascent/native-library/lib/static/gerbil-ascent__program__evaluate.c)
invoke (/opt/homebrew/Cellar/gerbil-scheme@0.19/0.19.2591dcd.patchf5cedd8168cb/current/bin/gsc -obj -c[build-activity] cpu-advance=0.870s processes=22
c-options -I /opt/homebrew/Cellar/gerbil-scheme@0.19/0.19.2591dcd.patchf5cedd8168cb/current/lib/static -I /Users/guangtao/ghq/github.com/tao3k/meta-relational-reasoning/.data/worktrees/ascent-dsl-closure-20261004/.data/dependencies/prefix/lib/static /Users/guangtao/ghq/github.com/tao3k/meta-relational-reasoning/.data/worktrees/ascent-dsl-closure-20261004/.cache/ascent/native-library/lib/static/gerbil-ascent__program__evaluate.c)
... execute compile job (compile-executable-object /Users/guangtao/ghq/github.com/tao3k/meta-relational-reasoning/.data/worktrees/ascent-dsl-closure-20261004/.cache/ascent/native-library/lib/static/gerbil-ascent__program__session.c)
invoke (/opt/homebrew/Cellar/gerbil-scheme@0.19/0.19.2591dcd.patchf5cedd8168cb/current/bin/gsc -obj -cc-options -I /opt/homebrew/Cellar/gerbil-scheme@0.19/0.19.2591dcd.patchf5cedd8168cb/current/lib/static -I /Users/guangtao/ghq/github.com/tao3k/meta-relational-reasoning/.data/worktrees/ascent-dsl-closure-20261004/.data/dependencies/prefix/lib/static /Users[build-activity] cpu-advance=0.450s processes=21
/guangtao/ghq/github.com/tao3k/meta-relational-reasoning/.data/worktrees/ascent-dsl-closure-20261004/.cache/ascent/native-library/lib/static/gerbil-ascent__program__session.c)
... execute compile job (compile-executable-object /Users/guangtao/ghq/github.com/tao3k/meta-relational-reasoning/.data/worktrees/ascent-dsl-closure-20261004/.cache/ascent/native-library/lib/static/gerbil-ascent__program__scheme-admission.c)
invoke (/opt/homebrew/Cellar/gerbil-scheme@0.19/0.19.2591dcd.patchf5cedd8168cb/current/bin/gsc -obj -cc-options -I /opt/homebrew/Cellar/gerbil-scheme@0.19/0.19.2591dcd.patchf5cedd8168cb/current/lib/static -I /Users/guangtao/ghq/github.com/tao3k/meta-relational-reasoning/.data/worktrees/ascent-dsl-closure-20261004/.data/dependencies/prefix/lib/static /Users/guangtao/ghq/github.com/tao3k/meta-relational-reasoning/.data/worktrees/ascent-dsl-closure-20261004/.cache/ascent/native-library/lib/static/gerbil-ascent__program__scheme-admission.c)
... execute compile job (compile-executable-object /Users/guangtao/ghq/github.com/tao3k/meta-relational-reasoning/.data/worktrees/ascent-dsl-closure-20261004/.cache/ascent/native-library/lib/static/gerbil-ascent__program__operator.c)
... execute compile job (compile-executable-object /Users/guangtao/ghq/github.com/tao3k/meta-relational-reasoning/.data/worktrees/ascent-dsl-closure-20261004/.cache/ascent/native-library/lib/static/gerbil-ascent__program__operator-session.c)
invoke (/opt/homebrew/Cellar/gerbil-scheme@0.19/0.19.2591dcd.patchf5cedd8168cb/current/bin/gsc -obj -cc-options -I /opt/homebrew/Cellar/gerbil-scheme@0.19/0.19.2591dcd.patchf5cedd8168cb/current/lib/static -I /Users/guangtao/ghq/github.com/tao3k/meta-relational-reasoning/.data/worktrees/ascent-dsl-closure-20261004/.data/dependencies/prefix/lib/static /Users/guangtao/ghq/github.com/tao3k/meta-relational-reasoning/.data/worktrees/ascent-dsl-closure-20261004/.cache/ascent/native-library/lib/static/gerbil-ascent__program__operator-session.c)
... execute compile job (compile-executable-object /Users/guangtao/g[build-activity] cpu-advance=0.950s processes=20
hq/github.com/tao3k/meta-relational-reasoning/.data/worktrees/ascent-dsl-closure-20261004/.cache/ascent/native-library/lib/static/gerbil-ascent__program__operator-change.c)
... execute compile job (compile-executable-object /Users/guangtao/ghq/github.com/tao3k/meta-relational-reasoning/.data/worktrees/ascent-dsl-closure-20261004/.cache/ascent/native-library/lib/static/gerbil-ascent__program__summary.c)
invoke (/opt/homebrew/Cellar/gerbil-scheme@0.19/0.19.2591dcd.patchf5cedd8168cb/current/bin/gsc -obj -cc-options -I /opt/homebrew/Cellar/gerbil-scheme@0.19/0.19.2591dcd.patchf5cedd8168cb/current/lib/static -I /Users/guangtao/ghq/github.com/tao3k/meta-relational-reasoning/.data/worktrees/ascent-dsl-closure-20261004/.data/dependencies/prefix/lib/static /Users/guangtao/ghq/github.com/tao3k/meta-relational-reasoning/.data/worktrees/ascent-dsl-closure-20261004/.cache/ascent/native-library/lib/static/gerbil-ascent__program__summary.c)
... execute compile job (compile-executable-object /Users/guangtao/ghq/github.com/ta[build-activity] cpu-advance=0.620s processes=22
o3k/meta-relational-reasoning/.data/worktrees/ascent-dsl-closure-20261004/.cache/ascent/native-library/lib/static/gerbil-ascent__t__qualification__ascent-arity-repetition-output.c)
invoke (/opt/homebrew/Cellar/gerbil-scheme@0.19/0.19.2591dcd.patchf5cedd8168cb/current/bin/gsc -obj -cc-options -I /opt/homebrew/Cellar/gerbil-scheme@0.19/0.19.2591dcd.patchf5cedd8168cb/current/lib/static -I /Users/guangtao/ghq/github.com/tao3k/meta-relational-reasoning/.data/worktrees/ascent-dsl-closure-20261004/.data/dependencies/prefix/lib/static /Users/guangtao/ghq/github.com/tao3k/meta-relational-reasoning/.data/worktrees/ascent-dsl-closure-20261004/.cache/ascent/native-library/lib/static/gerbil-ascent__t__qualification__ascent-arity-repetition-output.c)
... execute compile job (compile-executable-object /Users/guangtao/ghq/github.com/tao3k/meta-relational-reasoning/.data/worktrees/ascent-dsl-closure-20261004/.data/dependencies/prefix/lib/static/clan__poo__io.c)
... execute compile job (compile-executable-object /Users/guangtao/ghq/github.com/tao3k/meta-relational-reasoning/.data/worktrees/ascent-dsl-closure-20261004/.data/dependencies/prefix/lib/static/clan__poo__number.c)
... execute compile job (compile-executable-object /Users/guangtao/ghq/github.com/tao3k/meta-relational-reasoning/.data/worktrees/ascent-dsl-closure-20261004/.data/dependencies/prefix/lib/static/clan__poo__type.c)
... execute compile job (compile-executable-object /Users/guangtao/ghq/github.com/tao3k/meta-relational-reasoning/.data/worktrees/ascent-dsl-closure-20261004/.data/dependencies/prefix/lib/static/clan__poo__support__option.c)
... execute compile job (compile-executable-object /Users/guangtao/ghq/github.com/tao3k/meta-relational-reasoning/.data/worktrees/ascent-dsl-closure-20261004/.data/dependencies/prefix/lib/static/clan__poo__table.c)
... execute compile job (compile-executable-object /Users/guangtao/ghq/github.com/tao3k/meta-relational-reasoning/.data/worktrees/ascent-dsl-closure-20261004/.data/dependencies/prefix/lib/static/clan__poo__fun.c)
... execute compile job (compile-executable-object /Users/guangtao/ghq/github.com/tao3k/meta-relational-reasoning/.data/worktrees/ascent-dsl-closure-20261004/.data/dependencies/prefix/lib/static/clan__poo__trie.c)
... execute compile job (compile-executable-object /Users/guangtao/ghq/github.com/tao3k/meta-relational-reasoning/.data/worktrees/ascent-dsl-closure-20261004/.cache/ascent/native-library/lib/static/gerbil-ascent__table__expression.c)
... execute compile job (compile-executable-object /Users/guangtao/ghq/github.com/tao3k/meta-relational-reasoning/.data/worktrees/ascent-dsl-closure-20261004/.cache/ascent/native-library/lib/static/gerbil-ascent__t__qualification__ascent-byods-lattice-fixture.c)
invoke (/opt/homebrew/Cellar/gerbil-scheme@0.19/0.19.2591dcd.patchf5cedd8168cb/current/bin/gsc -obj -cc-options -I /opt/homebrew/Cellar/gerbil-scheme@0.19/0.19.2591dcd.patchf5cedd8168cb/current/lib/static -I /Users/guangtao/ghq/github.com/tao3k/meta-relational-reasoning/.data/worktrees/ascent-dsl-closure-20261004/.dat[build-activity] cpu-advance=0.640s processes=21
a/dependencies/prefix/lib/static /Users/guangtao/ghq/github.com/tao3k/meta-relational-reasoning/.data/worktrees/ascent-dsl-closure-20261004/.cache/ascent/native-library/lib/static/gerbil-ascent__t__qualification__ascent-byods-lattice-fixture.c)
... execute compile job (compile-executable-object /Users/guangtao/ghq/github.com/tao3k/meta-relational-reasoning/.data/worktrees/ascent-dsl-closure-20261004/.cache/ascent/native-library/lib/static/gerbil-ascent__t__qualification__ascent-byods-lattice-session-output.c)
invoke (/opt/homebrew/Cellar/gerbil-scheme@0.19/0.19.2591dcd.patchf5cedd8168cb/current/bin/gsc -obj -cc-options -I /opt/homebrew/Cellar/gerbil-scheme@0.19/0.19.2591dcd.patchf5cedd8168cb/current/lib/static -I /Users/guangtao/ghq/github.com/tao3k/meta-relational-reasoning/.data/worktrees/ascent-dsl-closure-20261004/.data/dependencies/prefix/lib/static /Users/guangtao/ghq/github.com/tao3k/meta-relational-reasoning/.data/worktrees/ascent-dsl-closure-20261004/.cache/ascent/native-library/lib/static/gerbil-ascent__t__qualification__ascent-byods-lattice-session-output.c)
... execute compile job (compile-executable-object /Users/guangtao/ghq/github.com/tao3k/meta-relational-reasoning/.data/worktrees/ascent-dsl-closure-20261004/.cache/ascent/native-library/lib/static/gerbil-ascent__t__qualification__ascent-session-corpus.c)
invoke (/opt/homebrew/Cellar/gerbil-scheme@0.19/0.19.2591dcd.patchf5cedd8168cb/current/bin/gsc -obj -cc-options -I /opt/homebrew/Cellar/gerbil-scheme@0.19/0.19.2591dcd.patchf5cedd8168cb/current/lib/static -I /Users/guangtao/ghq/github.com/tao3k/meta-relational-reasoning/.data/worktrees/ascent-dsl-closure-20261004/.data/dependencies/prefix/lib/static /Users/guangtao/ghq/github.com/tao3k/meta-relational-reasoning/.data/worktrees/ascent-dsl-closure-20261004/.cache/ascent/native-library/lib/static/gerbil-ascent__t__qualification__ascent-session-corpus.c)
... execute compile job (compile-executable-object /Users/guangtao/ghq/github.com/tao3k/meta-relational-reasoning/.data/worktrees/ascent-dsl-closure-[build-activity] cpu-advance=0.710s processes=22
20261004/.cache/ascent/native-library/lib/static/gerbil-ascent__t__qualification__ascent-grouped-eqrel-session-output.c)
invoke (/opt/homebrew/Cellar/gerbil-scheme@0.19/0.19.2591dcd.patchf5cedd8168cb/current/bin/gsc -obj -cc-options -I /opt/homebrew/Cellar/gerbil-scheme@0.19/0.19.2591dcd.patchf5cedd8168cb/current/lib/static -I /Users/guangtao/ghq/github.com/tao3k/meta-relational-reasoning/.data/worktrees/ascent-dsl-closure-20261004/.data/dependencies/prefix/lib/static /Users/guangtao/ghq/github.com/tao3k/meta-relational-reasoning/.data/worktrees/ascent-dsl-closure-20261004/.cache/ascent/native-library/lib/static/gerbil-ascent__t__qualification__ascent-grouped-eqrel-session-output.c)
... execute compile job (compile-executable-object /Users/guangtao/ghq/github.com/tao3k/meta-relational-reasoning/.data/worktrees/ascent-dsl-closure-20261004/.cache/ascent/native-library/lib/static/gerbil-ascent__t__qualification__ascent-multi-source-session-output.c)
invoke (/opt/homebrew/Cellar/gerbil-scheme@0.19/0.19.2591dcd.patchf5cedd8168cb/current/bin/gsc -obj -cc-options -I /opt/homebrew/Cellar/gerbil-scheme@0.19/0.19.2591dcd.patchf5cedd8168cb/current/lib/static -I /Users/guangtao/ghq/github.com/tao3k/meta-relational-reasoning/.data/worktrees/ascent-dsl-closure-20261004/.data/dependencies/prefix/lib/static /Users/guangtao/ghq/github.com/tao3k/meta-relational-reasoning/.data/worktrees/ascent-dsl-closure-20261004/.cache/ascent/native-library/lib/static/gerbil-ascent__t__qualification__ascent-multi-source-session-output.c)
... execute compile job (compile-executable-object /Users/guangtao/ghq/github.com/tao3k/meta-relational-reasoning/.data/worktrees/ascent-dsl-closure-20261004/.cache/ascent/native-library/lib/static/gerbil-ascent__t__qualification__ascent-byods-session-output.c)
invoke (/opt/homebrew/Cellar/gerbil-scheme@0.19/0.19.2591dcd.patchf5cedd8168cb/current/bin/gsc -obj -cc-options -I /opt/homebrew/Cellar/gerbil-scheme@0.19/0.19.2591dcd.patchf5cedd8168cb/current/lib/static -I /Users/guangtao/ghq/github.com/tao3k/meta-relat[build-activity] cpu-advance=0.810s processes=22
ional-reasoning/.data/worktrees/ascent-dsl-closure-20261004/.data/dependencies/prefix/lib/static /Users/guangtao/ghq/github.com/tao3k/meta-relational-reasoning/.data/worktrees/ascent-dsl-closure-20261004/.cache/ascent/native-library/lib/static/gerbil-ascent__t__qualification__ascent-byods-session-output.c)
... execute compile job (compile-executable-object /Users/guangtao/ghq/github.com/tao3k/meta-relational-reasoning/.data/worktrees/ascent-dsl-closure-20261004/.cache/ascent/native-library/lib/static/gerbil-ascent__t__harness__prediction.c)
invoke (/opt/homebrew/Cellar/gerbil-scheme@0.19/0.19.2591dcd.patchf5cedd8168cb/current/bin/gsc -obj -cc-options -I /opt/homebrew/Cellar/gerbil-scheme@0.19/0.19.2591dcd.patchf5cedd8168cb/current/lib/static -I /Users/guangtao/ghq/github.com/tao3k/meta-relational-reasoning/.data/worktrees/ascent-dsl-closure-20261004/.data/dependencies/prefix/lib/static /Users/guangtao/ghq/github.com/tao3k/meta-relational-reasoning/.data/worktrees/ascent-dsl-closure-20261004/.cache/ascent/native-library/lib/static/gerbil-ascent__t__harness__prediction.c)
... execute compile job (compile-executable-object /Users/guangtao/ghq/github.com/tao3k/meta-relational-reasoning/.data/worktrees/ascent-dsl-closure-20261004/.cache/ascent/native-library/lib/static/gerbil-ascent__candidate__types.c)
... execute compile job (compile-executable-object /Users/guangtao/ghq/github.com/tao3k/meta-relational-reasoning/.data/worktrees/ascent-dsl-closure-20261004/.cache/ascent/native-library/lib/static/gerbil-ascent__candidate__program.c)
... execute compile job (compile-executable-object /Users/guangtao/ghq/github.com/tao3k/meta-relational-reasoning/.data/worktrees/ascent-dsl-closure-20261004/.cache/ascent/native-library/lib/static/gerbil-ascent__candidate__funs.c)
invoke (/opt/homebrew/Cellar/gerbil-scheme@0.19/0.19.2591dcd.patchf5cedd8168cb/current/bin/gsc -obj -cc-options -I /opt/homebrew/Cellar/gerbil-scheme@0.19/0.19.2591dcd.patchf5cedd8168cb/current/lib/static -I /Users/guangtao/ghq/github.com/tao3k/meta-relational-[build-activity] cpu-advance=0.760s processes=22
reasoning/.data/worktrees/ascent-dsl-closure-20261004/.data/dependencies/prefix/lib/static /Users/guangtao/ghq/github.com/tao3k/meta-relational-reasoning/.data/worktrees/ascent-dsl-closure-20261004/.cache/ascent/native-library/lib/static/gerbil-ascent__candidate__funs.c)
... execute compile job (compile-executable-object /Users/guangtao/ghq/github.com/tao3k/meta-relational-reasoning/.data/worktrees/ascent-dsl-closure-20261004/.cache/ascent/native-library/lib/static/gerbil-ascent__candidate__finite-evidence.c)
invoke (/opt/homebrew/Cellar/gerbil-scheme@0.19/0.19.2591dcd.patchf5cedd8168cb/current/bin/gsc -obj -cc-options -I /opt/homebrew/Cellar/gerbil-scheme@0.19/0.19.2591dcd.patchf5cedd8168cb/current/lib/static -I /Users/guangtao/ghq/github.com/tao3k/meta-relational-reasoning/.data/worktrees/ascent-dsl-closure-20261004/.data/dependencies/prefix/lib/static /Users/guangtao/ghq/github.com/tao3k/meta-relational-reasoning/.data/worktrees/ascent-dsl-closure-20261004/.cache/ascent/native-library/lib/static/gerbil-asc[build-activity] cpu-advance=0.770s processes=22
ent__candidate__finite-evidence.c)
... execute compile job (compile-executable-object /Users/guangtao/ghq/github.com/tao3k/meta-relational-reasoning/.data/worktrees/ascent-dsl-closure-20261004/.cache/ascent/native-library/lib/static/gerbil-ascent__candidate__stratified-provenance.c)
invoke (/opt/homebrew/Cellar/gerbil-scheme@0.19/0.19.2591dcd.patchf5cedd8168cb/current/bin/gsc -obj -cc-options -I /opt/homebrew/Cellar/gerbil-scheme@0.19/0.19.2591dcd.patchf5cedd8168cb/current/lib/static -I /Users/guangtao/ghq/github.com/tao3k/meta-relational-reasoning/.data/worktrees/ascent-dsl-closure-20261004/.data/dependencies/prefix/lib/static /Users/guangtao/ghq/github.com/tao3k/meta-relational-reasoning/.data/worktrees/ascent-dsl-closure-20261004/.cache/ascent/native-library/lib/static/gerbil-ascent__candidate__stratified-provenance.c)
... execute compile job (compile-executable-object /Users/guangtao/ghq/github.com/tao3k/meta-relational-reasoning/.data/worktrees/ascent-dsl-closure-20261004/.cache/ascent/native-library/lib[build-activity] cpu-advance=0.740s processes=22
[build-activity] cpu-advance=0.640s processes=22
[build-activity] cpu-advance=0.700s processes=22
[build-activity] cpu-advance=0.500s processes=22
[build-activity] cpu-advance=0.620s processes=21
/static/gerbil-ascent__candidate__stratified-proof.c)
invoke (/opt/homebrew/Cellar/gerbil-scheme@0.19/0.19.2591dcd.patchf5cedd8168cb/current/bin/gsc -obj -cc-options -I /opt/homebrew/Cellar/gerbil-scheme@0.19/0.19.2591dcd.patchf5cedd8168cb/current/lib/static -I /Users/guangtao/ghq/github.com/tao3k/meta-relational-reasoning/.data/worktrees/ascent-dsl-closure-20261004/.data/dependencies/prefix/lib/static /Users/guangtao/ghq/github.com/tao3k/meta-relational-reasoning/.data/worktrees/ascent-dsl-closure-20261004/.cache/ascent/native-library/lib/static/gerbil-ascent__candidate__stratified-proof.c)
... execute compile job (compile-executable-object /Users/guangtao/ghq/github.com/tao3k/meta-relational-reasoning/.data/worktrees/ascent-dsl-closure-20261004/.cache/ascent/native-library/lib/static/gerbil-ascent__candidate__stratified-producer.c)
invoke (/opt/homebrew/Cellar/gerbil-scheme@0.19/0.19.2591dcd.patchf5cedd8168cb/current/bin/gsc -obj -cc-options -I /opt/homebrew/Cellar/gerbil-scheme@0.19/0.19.2591dcd.patchf5cedd8168cb/current/lib/static -I /Users/guangtao/ghq/github.com/tao3k/meta-relational-reasoning/.data/worktrees/ascent-dsl-closure-20261004/.data/dependencies/prefix/lib/static /Users/guangtao/ghq/github.com/tao3k/meta-relational-reasoning/.data/worktrees/ascent-dsl-closure-20261004/.cache/ascent/native-library/lib/static/gerbil-ascent__candidate__stratified-producer.c)
... execute compile job (compile-executable-object /Users/guangtao/ghq/github.com/tao3k/meta-relational-reasoning/.data/worktrees/ascent-dsl-closure-20261004/.cache/ascent/native-library/lib/static/gerbil-ascent__candidate__provenance.c)
invoke (/opt/homebrew/Cellar/gerbil-scheme@0.19/0.19.2591dcd.patchf5cedd8168cb/current/bin/gsc -obj -cc-options -I /opt/homebrew/Cellar/gerbil-scheme@0.19/0.19.2591dcd.patchf5cedd8168cb/current/lib/static -I /Users/guangtao/ghq/github.com/tao3k/meta-relational-reasoning/.data/worktrees/ascent-dsl-closure-20261004/.data/dependencies/prefix/lib/static /Users/guangtao/ghq/github.com/tao3k/meta-relational-reasoning/.[build-activity] cpu-advance=0.770s processes=22
[build-activity] cpu-advance=0.700s processes=22
data/worktrees/ascent-dsl-closure-20261004/.cache/ascent/native-library/lib/static/gerbil-ascent__candidate__provenance.c)
... execute compile job (compile-executable-object /Users/guangtao/ghq/github.com/tao3k/meta-relational-reasoning/.data/worktrees/ascent-dsl-closure-20261004/.cache/ascent/native-library/lib/static/gerbil-ascent__candidate__nonmembership.c)
invoke (/opt/homebrew/Cellar/gerbil-scheme@0.19/0.19.2591dcd.patchf5cedd8168cb/current/bin/gsc -obj -cc-options -I /opt/homebrew/Cellar/gerbil-scheme@0.19/0.19.2591dcd.patchf5cedd8168cb/current/lib/static -I /Users/guangtao/ghq/github.com/tao3k/meta-relational-reasoning/.data/worktrees/ascent-dsl-closure-20261004/.data/dependencies/prefix/lib/static /Users/guangtao/ghq/github.com/tao3k/meta-relational-reasoning/.data/worktrees/ascent-dsl-closure-20261004/.cache/ascent/native-library/lib/static/gerbil-ascent__candidate__nonmembership.c)
... execute compile job (compile-executable-object /Users/guangtao/ghq/github.com/tao3k/meta-relational-reasoning/.dat[build-activity] cpu-advance=0.560s processes=22
a/worktrees/ascent-dsl-closure-20261004/.cache/ascent/native-library/lib/static/gerbil-ascent__candidate__reasoning.c)
invoke (/opt/homebrew/Cellar/gerbil-scheme@0.19/0.19.2591dcd.patchf5cedd8168cb/current/bin/gsc -obj -cc-options -I /opt/homebrew/Cellar/gerbil-scheme@0.19/0.19.2591dcd.patchf5cedd8168cb/current/lib/static -I /Users/guangtao/ghq/github.com/tao3k/meta-relational-reasoning/.data/worktrees/ascent-dsl-closure-20261004/.data/dependencies/prefix/lib/static /Users/guangtao/ghq/github.com/tao3k/meta-relational-reasoning/.data/worktrees/ascent-dsl-closure-20261004/.cache/ascent/native-library/lib/static/gerbil-ascent__candidate__reasoning.c)
... execute compile job (compile-executable-object /Users/guangtao/ghq/github.com/tao3k/meta-relational-reasoning/.data/worktrees/ascent-dsl-closure-20261004/.cache/ascent/native-library/lib/static/gerbil-ascent__program__higher-order.c)
... execute compile job (compile-executable-object /Users/guangtao/ghq/github.com/tao3k/meta-relational-reasoning/.data/worktrees[build-activity] cpu-advance=0.610s processes=22
[build-activity] cpu-advance=0.720s processes=22
[build-activity] cpu-advance=0.630s processes=22
/ascent-dsl-closure-20261004/.cache/ascent/native-library/lib/static/gerbil-ascent__t__qualification__scheme-model-closure-test.c)
invoke (/opt/homebrew/Cellar/gerbil-scheme@0.19/0.19.2591dcd.patchf5cedd8168cb/current/bin/gsc -obj -cc-options -I /opt/homebrew/Cellar/gerbil-scheme@0.19/0.19.2591dcd.patchf5cedd8168cb/current/lib/static -I /Users/guangtao/ghq/github.com/tao3k/meta-relational-reasoning/.data/worktrees/ascent-dsl-closure-20261004/.data/dependencies/prefix/lib/static /Users/guangtao/ghq/github.com/tao3k/meta-relational-reasoning/.data/worktrees/ascent-dsl-closure-20261004/.cache/ascent/native-library/lib/static/gerbil-ascent__t__qualification__scheme-model-closure-test.c)
... execute compile job (compile-executable-object /Users/guangtao/ghq/github.com/tao3k/meta-relational-reasoning/.data/worktrees/ascent-dsl-closure-20261004/.cache/ascent/native-library/lib/static/gerbil-ascent__t__qualification__scheme-stratified-provenance-test.c)
invoke (/opt/homebrew/Cellar/gerbil-scheme@0.19/0.19.2591dcd.pat[build-activity] cpu-advance=0.850s processes=22
[build-activity] cpu-advance=0.680s processes=22
chf5cedd8168cb/current/bin/gsc -obj -cc-options -I /opt/homebrew/Cellar/gerbil-scheme@0.19/0.19.2591dcd.patchf5cedd8168cb/current/lib/static -I /Users/guangtao/ghq/github.com/tao3k/meta-relational-reasoning/.data/worktrees/ascent-dsl-closure-20261004/.data/dependencies/prefix/lib/static /Users/guangtao/ghq/github.com/tao3k/meta-relational-reasoning/.data/worktrees/ascent-dsl-closure-20261004/.cache/ascent/native-library/lib/static/gerbil-ascent__t__qualification__scheme-stratified-provenance-test.c)
... execute compile job (compile-executable-object /Users/guangtao/ghq/github.com/tao3k/meta-relational-reasoning/.data/worktrees/ascent-dsl-closure-20261004/.cache/ascent/native-library/lib/static/gerbil-ascent__t__qualification__scheme-session-deletion-test.c)
invoke (/opt/homebrew/Cellar/gerbil-scheme@0.19/0.19.2591dcd.patchf5cedd8168cb/current/bin/gsc -obj -cc-options -I /opt/homebrew/Cellar/gerbil-scheme@0.19/0.19.2591dcd.patchf5cedd8168cb/current/lib/static -I /Users/guangtao/ghq/github.com/tao3k/meta-relati[build-activity] cpu-advance=0.760s processes=22
[build-activity] cpu-advance=0.630s processes=21
onal-reasoning/.data/worktrees/ascent-dsl-closure-20261004/.data/dependencies/prefix/lib/static /Users/guangtao/ghq/github.com/tao3k/meta-relational-reasoning/.data/worktrees/ascent-dsl-closure-20261004/.cache/ascent/native-library/lib/static/gerbil-ascent__t__qualification__scheme-session-deletion-test.c)
... execute compile job (compile-executable-object /Users/guangtao/ghq/github.com/tao3k/meta-relational-reasoning/.data/worktrees/ascent-dsl-closure-20261004/.cache/ascent/native-library/lib/static/gerbil-ascent__t__qualification__scheme-higher-order-test.c)
invoke (/opt/homebrew/Cellar/gerbil-scheme@0.19/0.19.2591dcd.patchf5cedd8168cb/current/bin/gsc -obj -cc-options -I /opt/homebrew/Cellar/gerbil-scheme@0.19/0.19.2591dcd.patchf5cedd8168cb/current/lib/static -I /Users/guangtao/ghq/github.com/tao3k/meta-relational-reasoning/.data/worktrees/ascent-dsl-closure-20261004/.data/dependencies/prefix/lib/static /Users/guangtao/ghq/github.com/tao3k/meta-relational-reasoning/.data/worktrees/ascent-dsl-closure-2026100[build-activity] cpu-advance=0.490s processes=21
4/.cache/ascent/native-library/lib/static/gerbil-ascent__t__qualification__scheme-higher-order-test.c)
... execute compile job (compile-executable-object /Users/guangtao/ghq/github.com/tao3k/meta-relational-reasoning/.data/worktrees/ascent-dsl-closure-20261004/.cache/ascent/native-library/lib/static/gerbil-ascent__candidate__provenance-graph.c)
invoke (/opt/homebrew/Cellar/gerbil-scheme@0.19/0.19.2591dcd.patchf5cedd8168cb/current/bin/gsc -obj -cc-options -I /opt/homebrew/Cellar/gerbil-scheme@0.19/0.19.2591dcd.patchf5cedd8168cb/current/lib/static -I /Users/guangtao/ghq/github.com/tao3k/meta-relational-reasoning/.data/worktrees/ascent-dsl-closure-20261004/.data/dependencies/prefix/lib/static /Users/guangtao/ghq/github.com/tao3k/meta-relational-reasoning/.data/worktrees/ascent-dsl-closure-20261004/.cache/ascent/native-library/lib/static/gerbil-ascent__candidate__provenance-graph.c)
... execute compile job (compile-executable-object /Users/guangtao/ghq/github.com/tao3k/meta-relational-reasoning/.data/worktrees/as[build-activity] cpu-advance=0.770s processes=22
[build-activity] cpu-advance=0.720s processes=22
cent-dsl-closure-20261004/.cache/ascent/native-library/lib/static/gerbil-ascent__t__qualification__scheme-provenance-graph-test.c)
invoke (/opt/homebrew/Cellar/gerbil-scheme@0.19/0.19.2591dcd.patchf5cedd8168cb/current/bin/gsc -obj -cc-options -I /opt/homebrew/Cellar/gerbil-scheme@0.19/0.19.2591dcd.patchf5cedd8168cb/current/lib/static -I /Users/guangtao/ghq/github.com/tao3k/meta-relational-reasoning/.data/worktrees/ascent-dsl-closure-20261004/.data/dependencies/prefix/lib/static /Users/guangtao/ghq/github.com/tao3k/meta-relational-reasoning/.data/worktrees/ascent-dsl-closure-20261004/.cache/ascent/native-library/lib/static/gerbil-ascent__t__qualification__scheme-provenance-graph-test.c)
... execute compile job (compile-executable-object /Users/guangtao/ghq/github.com/tao3k/meta-relational-reasoning/.data/worktrees/ascent-dsl-closure-20261004/.data/dependencies/prefix/lib/static/core__observability__types.c)
... execute compile job (compile-executable-object /Users/guangtao/ghq/github.com/tao3k/meta-relational-reasoning/.data/worktrees/ascent-dsl-closure-20261004/.data/dependencies/prefix/lib/static/core__observability__funcs.c)
... execute compile job (compile-executable-object /Users/guangtao/ghq/github.com/tao3k/meta-relational-reasoning/.data/worktrees/ascent-dsl-closure-20261004/.data/dependencies/prefix/lib/static/clan__poo__support__debug.c)
... execute compile job (compile-executable-object /Users/guangtao/ghq/github.com/tao3k/meta-relational-reasoning/.data/worktrees/ascent-dsl-closure-20261004/.data/dependencies/prefix/lib/static/clan__poo__debug.c)
... execute compile job (compile-executable-object /Users/guangtao/ghq/github.com/tao3k/meta-relational-reasoning/.data/worktrees/ascent-dsl-closure-20261004/.data/dependencies/prefix/lib/static/core__observability__slot-debug.c)
... execute compile job (compile-executable-object /Users/guangtao/ghq/github.com/tao3k/meta-relational-reasoning/.data/worktrees/ascent-dsl-closure-20261004/.data/dependencies/prefix/lib/static/core__observability__debug.c)
... execu[build-activity] cpu-advance=0.750s processes=22
[build-activity] cpu-advance=0.630s processes=22
te compile job (compile-executable-object /Users/guangtao/ghq/github.com/tao3k/meta-relational-reasoning/.data/worktrees/ascent-dsl-closure-20261004/.data/dependencies/prefix/lib/static/core__observability__testing-case.c)
... execute compile job (compile-executable-object /Users/guangtao/ghq/github.com/tao3k/meta-relational-reasoning/.data/worktrees/ascent-dsl-closure-20261004/.cache/ascent/native-library/lib/static/gerbil-ascent__t__qualification__ascent-timeout-test.c)
invoke (/opt/homebrew/Cellar/gerbil-scheme@0.19/0.19.2591dcd.patchf5cedd8168cb/current/bin/gsc -obj -cc-options -I /opt/homebrew/Cellar/gerbil-scheme@0.19/0.19.2591dcd.patchf5cedd8168cb/current/lib/static -I /Users/guangtao/ghq/github.com/tao3k/meta-relational-reasoning/.data/worktrees/ascent-dsl-closure-20261004/.data/dependencies/prefix/lib/static /Users/guangtao/ghq/github.com/tao3k/meta-relational-reasoning/.data/worktrees/ascent-dsl-closure-20261004/.cache/ascent/native-library/lib/static/gerbil-ascent__t__qualification__ascent-timeout-[build-activity] cpu-advance=0.590s processes=21
test.c)
... execute compile job (compile-executable-object /Users/guangtao/ghq/github.com/tao3k/meta-relational-reasoning/.data/worktrees/ascent-dsl-closure-20261004/.cache/ascent/native-library/lib/static/gerbil-ascent__t__harness__artifact.c)
invoke (/opt/homebrew/Cellar/gerbil-scheme@0.19/0.19.2591dcd.patchf5cedd8168cb/current/bin/gsc -obj -cc-options -I /opt/homebrew/Cellar/gerbil-scheme@0.19/0.19.2591dcd.patchf5cedd8168cb/current/lib/static -I /Users/guangtao/ghq/github.com/tao3k/meta-relational-reasoning/.data/worktrees/ascent-dsl-closure-20261004/.data/dependencies/prefix/lib/static /Users/guangtao/ghq/github.com/tao3k/meta-relational-reasoning/.data/worktrees/ascent-dsl-closure-20261004/.cache/ascent/native-library/lib/static/gerbil-ascent__t__harness__artifact.c)
... execute compile job (compile-executable-object /Users/guangtao/ghq/github.com/tao3k/meta-relational-reasoning/.data/worktrees/ascent-dsl-closure-20261004/.cache/ascent/native-library/lib/static/gerbil-ascent__t__qualification__scheme-art[build-activity] cpu-advance=0.760s processes=22
[build-activity] cpu-advance=0.600s processes=22
[build-activity] cpu-advance=0.780s processes=22
[build-activity] cpu-advance=0.650s processes=21
ifact-test.c)
invoke (/opt/homebrew/Cellar/gerbil-scheme@0.19/0.19.2591dcd.patchf5cedd8168cb/current/bin/gsc -obj -cc-options -I /opt/homebrew/Cellar/gerbil-scheme@0.19/0.19.2591dcd.patchf5cedd8168cb/current/lib/static -I /Users/guangtao/ghq/github.com/tao3k/meta-relational-reasoning/.data/worktrees/ascent-dsl-closure-20261004/.data/dependencies/prefix/lib/static /Users/guangtao/ghq/github.com/tao3k/meta-relational-reasoning/.data/worktrees/ascent-dsl-closure-20261004/.cache/ascent/native-library/lib/static/gerbil-ascent__t__qualification__scheme-artifact-test.c)
... execute compile job (compile-executable-object /Users/guangtao/ghq/github.com/tao3k/meta-relational-reasoning/.data/worktrees/ascent-dsl-closure-20261004/.cache/ascent/native-library/lib/static/gerbil-ascent__t__qualification__ascent-positive-nonmembership-test.c)
invoke (/opt/homebrew/Cellar/gerbil-scheme@0.19/0.19.2591dcd.patchf5cedd8168cb/current/bin/gsc -obj -cc-options -I /opt/homebrew/Cellar/gerbil-scheme@0.19/0.19.2591dcd.patchf5cedd8168cb[build-activity] cpu-advance=0.620s processes=22
/current/lib/static -I /Users/guangtao/ghq/github.com/tao3k/meta-relational-reasoning/.data/worktrees/ascent-dsl-closure-20261004/.data/dependencies/prefix/lib/static /Users/guangtao/ghq/github.com/tao3k/meta-relational-reasoning/.data/worktrees/ascent-dsl-closure-20261004/.cache/ascent/native-library/lib/static/gerbil-ascent__t__qualification__ascent-positive-nonmembership-test.c)
... execute compile job (compile-executable-object /Users/guangtao/ghq/github.com/tao3k/meta-relational-reasoning/.data/worktrees/ascent-dsl-closure-20261004/.cache/ascent/native-library/lib/static/gerbil-ascent__t__qualification__ascent-finite-evidence-test.c)
invoke (/opt/homebrew/Cellar/gerbil-scheme@0.19/0.19.2591dcd.patchf5cedd8168cb/current/bin/gsc -obj -cc-options -I /opt/homebrew/Cellar/gerbil-scheme@0.19/0.19.2591dcd.patchf5cedd8168cb/current/lib/static -I /Users/guangtao/ghq/github.com/tao3k/meta-relational-reasoning/.data/worktrees/ascent-dsl-closure-20261004/.data/dependencies/prefix/lib/static /Users/guangtao/ghq/githu[build-activity] cpu-advance=0.370s processes=21
b.com/tao3k/meta-relational-reasoning/.data/worktrees/ascent-dsl-closure-20261004/.cache/ascent/native-library/lib/static/gerbil-ascent__t__qualification__ascent-finite-evidence-test.c)
... execute compile job (compile-executable-object /Users/guangtao/ghq/github.com/tao3k/meta-relational-reasoning/.data/worktrees/ascent-dsl-closure-20261004/.cache/ascent/native-library/lib/static/gerbil-ascent__t__qualification__scheme-operator-retained-test.c)
invoke (/opt/homebrew/Cellar/gerbil-scheme@0.19/0.19.2591dcd.patchf5cedd8168cb/current/bin/gsc -obj -cc-options -I /opt/homebrew/Cellar/gerbil-scheme@0.19/0.19.2591dcd.patchf5cedd8168cb/current/lib/static -I /Users/guangtao/ghq/github.com/tao3k/meta-relational-reasoning/.data/worktrees/ascent-dsl-closure-20261004/.data/dependencies/prefix/lib/static /Users/guangtao/ghq/github.com/tao3k/meta-relational-reasoning/.data/worktrees/ascent-dsl-closure-20261004/.cache/ascent/native-library/lib/static/gerbil-ascent__t__qualification__scheme-operator-retained-test.c)
... execu[build-activity] cpu-advance=0.850s processes=22
te compile job (compile-executable-object /Users/guangtao/ghq/github.com/tao3k/meta-relational-reasoning/.data/worktrees/ascent-dsl-closure-20261004/.cache/ascent/native-library/lib/static/gerbil-ascent__t__qualification__scheme-library-contract-test.c)
invoke (/opt/homebrew/Cellar/gerbil-scheme@0.19/0.19.2591dcd.patchf5cedd8168cb/current/bin/gsc -obj -cc-options -I /opt/homebrew/Cellar/gerbil-scheme@0.19/0.19.2591dcd.patchf5cedd8168cb/current/lib/static -I /Users/guangtao/ghq/github.com/tao3k/meta-relational-reasoning/.data/worktrees/ascent-dsl-closure-20261004/.data/dependencies/prefix/lib/static /Users/guangtao/ghq/github.com/tao3k/meta-relational-reasoning/.data/worktrees/ascent-dsl-closure-20261004/.cache/ascent/native-library/lib/static/gerbil-ascent__t__qualification__scheme-library-contract-test.c)
... execute compile job (compile-executable-object /Users/guangtao/ghq/github.com/tao3k/meta-relational-reasoning/.data/worktrees/ascent-dsl-closure-20261004/.cache/ascent/native-library/lib/static/gerbil-a[build-activity] cpu-advance=0.730s processes=22
[build-activity] cpu-advance=0.590s processes=22
[build-activity] cpu-advance=0.610s processes=22
scent__t__qualification__scheme-operator-test.c)
invoke (/opt/homebrew/Cellar/gerbil-scheme@0.19/0.19.2591dcd.patchf5cedd8168cb/current/bin/gsc -obj -cc-options -I /opt/homebrew/Cellar/gerbil-scheme@0.19/0.19.2591dcd.patchf5cedd8168cb/current/lib/static -I /Users/guangtao/ghq/github.com/tao3k/meta-relational-reasoning/.data/worktrees/ascent-dsl-closure-20261004/.data/dependencies/prefix/lib/static /Users/guangtao/ghq/github.com/tao3k/meta-relational-reasoning/.data/worktrees/ascent-dsl-closure-20261004/.cache/ascent/native-library/lib/static/gerbil-ascent__t__qualification__scheme-operator-test.c)
... execute compile job (compile-executable-object /Users/guangtao/ghq/github.com/tao3k/meta-relational-reasoning/.data/worktrees/ascent-dsl-closure-20261004/.cache/ascent/native-library/lib/static/gerbil-ascent__t__qualification__scheme-closure-contract-test.c)
invoke (/opt/homebrew/Cellar/gerbil-scheme@0.19/0.19.2591dcd.patchf5cedd8168cb/current/bin/gsc -obj -cc-options -I /opt/homebrew/Cellar/gerbil-scheme@0.19/0[build-activity] cpu-advance=0.750s processes=22
.19.2591dcd.patchf5cedd8168cb/current/lib/static -I /Users/guangtao/ghq/github.com/tao3k/meta-relational-reasoning/.data/worktrees/ascent-dsl-closure-20261004/.data/dependencies/prefix/lib/static /Users/guangtao/ghq/github.com/tao3k/meta-relational-reasoning/.data/worktrees/ascent-dsl-closure-20261004/.cache/ascent/native-library/lib/static/gerbil-ascent__t__qualification__scheme-closure-contract-test.c)
... execute compile job (compile-executable-object /Users/guangtao/ghq/github.com/tao3k/meta-relational-reasoning/.data/worktrees/ascent-dsl-closure-20261004/.cache/ascent/native-library/lib/static/gerbil-ascent__t__harness__dsl-closure.c)
invoke (/opt/homebrew/Cellar/gerbil-scheme@0.19/0.19.2591dcd.patchf5cedd8168cb/current/bin/gsc -obj -cc-options -I /opt/homebrew/Cellar/gerbil-scheme@0.19/0.19.2591dcd.patchf5cedd8168cb/current/lib/static -I /Users/guangtao/ghq/github.com/tao3k/meta-relational-reasoning/.data/worktrees/ascent-dsl-closure-20261004/.data/dependencies/prefix/lib/static /Users/guangtao/ghq/gith[build-activity] cpu-advance=0.780s processes=22
ub.com/tao3k/meta-relational-reasoning/.data/worktrees/ascent-dsl-closure-20261004/.cache/ascent/native-library/lib/static/gerbil-ascent__t__harness__dsl-closure.c)
... execute compile job (compile-executable-object /Users/guangtao/ghq/github.com/tao3k/meta-relational-reasoning/.data/worktrees/ascent-dsl-closure-20261004/.cache/ascent/native-library/dsl-closure__exe.c)
invoke (/opt/homebrew/Cellar/gerbil-scheme@0.19/0.19.2591dcd.patchf5cedd8168cb/current/bin/gsc -obj -cc-options -I /opt/homebrew/Cellar/gerbil-scheme@0.19/0.19.2591dcd.patchf5cedd8168cb/current/lib/static -I /Users/guangtao/ghq/github.com/tao3k/meta-relational-reasoning/.data/worktrees/ascent-dsl-closure-20261004/.data/dependencies/prefix/lib/static /Users/guangtao/ghq/github.com/tao3k/meta-relational-reasoning/.data/worktrees/ascent-dsl-closure-20261004/.cache/ascent/native-library/dsl-closure__exe.c)
... execute compile job (compile-executable-object /Users/guangtao/ghq/github.com/tao3k/meta-relational-reasoning/.data/worktrees/ascent-dsl-clo[build-activity] cpu-advance=0.720s processes=21
[build-activity] cpu-advance=0.350s processes=12
[build-activity] cpu-advance=0.340s processes=12
[build-activity] cpu-advance=0.360s processes=12
[build-activity] cpu-advance=0.350s processes=12
[build-activity] cpu-advance=0.400s processes=12
[build-activity] cpu-advance=0.250s processes=7
[build-activity] cpu-advance=0.240s processes=7
[build-activity] cpu-advance=0.120s processes=7
[build-activity] cpu-advance=0.220s processes=7
[build-activity] cpu-advance=0.140s processes=7
[build-activity] cpu-advance=0.150s processes=7
[build-activity] cpu-advance=0.140s processes=7
[build-activity] cpu-advance=0.150s processes=7
[build-activity] cpu-advance=0.230s processes=7
[build-activity] cpu-advance=0.140s processes=7
[build-activity] cpu-advance=0.180s processes=7
[build-activity] cpu-advance=0.190s processes=7
[build-activity] cpu-advance=0.160s processes=7
[build-activity] cpu-advance=0.140s processes=7
[build-activity] cpu-advance=0.180s processes=7
[build-activity] cpu-advance=0.140s processes=7
[build-activity] cpu-advance=0.200s processes=7
[build-activity] cpu-advance=0.120s processes=7
[build-activity] cpu-advance=0.200s processes=7
[build-activity] cpu-advance=0.110s processes=7
[build-activity] cpu-advance=0.140s processes=6
[build-activity] cpu-advance=0.210s processes=6
sure-20261004/.cache/ascent/native-library/dsl-closure__exe_.c)
invoke (/opt/homebrew/Cellar/gerbil-scheme@0.19/0.19.2591dcd.patchf5cedd8168cb/current/bin/gsc -obj -cc-options -I /opt/homebrew/Cellar/gerbil-scheme@0.19/0.19.2591dcd.patchf5cedd8168cb/current/lib/static -I /Users/guangtao/ghq/github.com/tao3k/meta-relational-reasoning/.data/worktrees/ascent-dsl-closure-20261004/.data/dependencies/prefix/lib/static /Users/guangtao/ghq/github.com/tao3k/meta-relational-reasoning/.data/worktrees/ascent-dsl-closure-20261004/.cache/ascent/native-library/dsl-closure__exe_.c)
... execute compile job (link-executable /Users/guangtao/ghq/github.com/tao3k/meta-relational-reasoning/.data/worktrees/ascent-dsl-closure-20261004/.cache/ascent/native-library/dsl-closure)
invoke (gcc -w -o /Users/guangtao/ghq/github.com/tao3k/meta-relational-reasoning/.data/worktrees/ascent-dsl-closure-20261004/.cache/ascent/native-library/dsl-closure /Users/guangtao/ghq/github.com/tao3k/meta-relational-reasoning/.data/worktrees/ascent-dsl-closure-20261004/.cache/ascent/native-library/lib/static/gerbil-ascent__tools__model-source-closure.o /Users/guangtao/ghq/github.com/tao3k/meta-relational-reasoning/.data/worktrees/ascent-dsl-closure-20261004/.cache/ascent/native-library/lib/static/gerbil-ascent__table__trrel.o /Users/guangtao/ghq/github.com/tao3k/meta-relational-reasoning/.data/worktrees/ascent-dsl-closure-20261004/.cache/ascent/native-library/lib/static/gerbil-ascent__table__eqrel.o /Users/guangtao/ghq/github.com/tao3k/meta-relational-reasoning/.data/worktrees/ascent-dsl-closure-20261004/.data/dependencies/prefix/lib/static/clan__poo__support__base.o /Users/guangtao/ghq/github.com/tao3k/meta-relational-reasoning/.data/worktrees/ascent-dsl-closure-20261004/.data/dependencies/prefix/lib/static/clan__poo__object.o /Users/guangtao/ghq/github.com/tao3k/meta-relational-reasoning/.data/worktrees/ascent-dsl-closure-20261004/.data/dependencies/prefix/lib/static/clan__poo__support__repr.o /Users/guangtao/ghq/github.com/tao3k/meta-relational-reasoning/.data/worktrees/ascent-dsl-closure-20261004/.data/dependencies/prefix/lib/static/clan__poo__support__json.o /Users/guangtao/ghq/github.com/tao3k/meta-relational-reasoning/.data/worktrees/ascent-dsl-closure-20261004/.data/dependencies/prefix/lib/static/clan__poo__support__io.o /Users/guangtao/ghq/github.com/tao3k/meta-relational-reasoning/.data/worktrees/ascent-dsl-closure-20261004/.data/dependencies/prefix/lib/static/clan__poo__mop.o /Users/guangtao/ghq/github.com/tao3k/meta-relational-reasoning/.data/worktrees/ascent-dsl-closure-20261004/.data/dependencies/prefix/lib/static/core__types.o /Users/guangtao/ghq/github.com/tao3k/meta-relational-reasoning/.data/worktrees/ascent-dsl-closure-20261004/.cache/ascent/native-library/lib/static/gerbil-ascent__table__storage.o /Users/guangtao/ghq/github.com/tao3k/meta-relational-reasoning/.data/worktrees/ascent-dsl-closure-20261004/.cache/ascent/native-library/lib/static/gerbil-ascent__table__funs.o /Users/guangtao/ghq/github.com/tao3k/meta-relational-reasoning/.data/worktrees/ascent-dsl-closure-20261004/.cache/ascent/native-library/lib/static/gerbil-ascent__table__provider.o /Users/guangtao/ghq/github.com/tao3k/meta-relational-reasoning/.data/worktrees/ascent-dsl-closure-20261004/.cache/ascent/native-library/lib/static/gerbil-ascent__program__types.o /Users/guangtao/ghq/github.com/tao3k/meta-relational-reasoning/.data/worktrees/ascent-dsl-closure-20261004/.cache/ascent/native-library/lib/static/gerbil-ascent__program__objects.o /Users/guangtao/ghq/github.com/tao3k/meta-relational-reasoning/.data/worktrees/ascent-dsl-closure-20261004/.cache/ascent/native-library/lib/static/gerbil-ascent__table__access.o /Users/guangtao/ghq/github.com/tao3k/meta-relational-reasoning/.data/worktrees/ascent-dsl-closure-20261004/.cache/ascent/native-library/lib/static/gerbil-ascent__core__dependency-graph.o /Users/guangtao/ghq/github.com/tao3k/meta-relational-reasoning/.data/worktrees/ascent-dsl-closure-20261004/.cache/ascent/native-library/lib/static/gerbil-ascent__core__rule-semantics.o /Users/guangtao/ghq/github.com/tao3k/meta-relational-reasoning/.data/worktrees/ascent-dsl-closure-20261004/.cache/ascent/native-library/lib/static/gerbil-ascent__program__analysis.o /Users/guangtao/ghq/github.com/tao3k/meta-relational-reasoning/.data/worktrees/ascent-dsl-closure-20261004/.cache/ascent/native-library/lib/static/gerbil-ascent__core__positive-plan.o /Users/guangtao/ghq/github.com/tao3k/meta-relational-reasoning/.data/worktrees/ascent-dsl-closure-20261004/.cache/ascent/native-library/lib/static/gerbil-ascent__program__aggregators.o /Users/guangtao/ghq/github.com/tao3k/meta-relational-reasoning/.data/worktrees/ascent-dsl-closure-20261004/.cache/ascent/native-library/lib/static/gerbil-ascent__program__scheme-checked.o /Users/guangtao/ghq/github.com/tao3k/meta-relational-reasoning/.data/worktrees/ascent-dsl-closure-20261004/.cache/ascent/native-library/lib/static/gerbil-ascent__program__update-selection.o /Users/guangtao/ghq/github.com/tao3k/meta-relational-reasoning/.data/worktrees/ascent-dsl-closure-20261004/.cache/ascent/native-library/lib/static/gerbil-ascent__program__reuse.o /Users/guangtao/ghq/github.com/tao3k/meta-relational-reasoning/.data/worktrees/ascent-dsl-closure-20261004/.cache/ascent/native-library/lib/static/gerbil-ascent__program__planning.o /Users/guangtao/ghq/github.com/tao3k/meta-relational-reasoning/.data/worktrees/ascent-dsl-closure-20261004/.cache/ascent/native-library/lib/static/gerbil-ascent__program__result.o /Users/guangtao/ghq/github.com/tao3k/meta-relational-reasoning/.data/worktrees/ascent-dsl-closure-20261004/.cache/ascent/native-library/lib/static/gerbil-ascent__program__admission.o /Users/guangtao/ghq/github.com/tao3k/meta-relational-reasoning/.data/worktrees/ascent-dsl-closure-20261004/.cache/ascent/native-library/lib/static/gerbil-ascent__program__evaluate.o /Users/guangtao/ghq/github.com/tao3k/meta-relational-reasoning/.data/worktrees/ascent-dsl-closure-20261004/.cache/ascent/native-library/lib/static/gerbil-ascent__program__session.o /Users/guangtao/ghq/github.com/tao3k/meta-relational-reasoning/.data/worktrees/ascent-dsl-closure-20261004/.cache/ascent/native-library/lib/static/gerbil-ascent__program__scheme-admission.o /Users/guangtao/ghq/github.com/tao3k/meta-relational-reasoning/.data/worktrees/ascent-dsl-closure-20261004/.cache/ascent/native-library/lib/static/gerbil-ascent__program__operator.o /Users/guangtao/ghq/github.com/tao3k/meta-relational-reasoning/.data/worktrees/ascent-dsl-closure-20261004/.cache/ascent/native-library/lib/static/gerbil-ascent__program__operator-session.o /Users/guangtao/ghq/github.com/tao3k/meta-relational-reasoning/.data/worktrees/ascent-dsl-closure-20261004/.cache/ascent/native-library/lib/static/gerbil-ascent__program__operator-change.o /Users/guangtao/ghq/github.com/tao3k/meta-relational-reasoning/.data/worktrees/ascent-dsl-closure-20261004/.cache/ascent/native-library/lib/static/gerbil-ascent__program__summary.o /Users/guangtao/ghq/github.com/tao3k/meta-relational-reasoning/.data/worktrees/ascent-dsl-closure-20261004/.cache/ascent/native-library/lib/static/gerbil-ascent__t__qualification__ascent-arity-repetition-output.o /Users/guangtao/ghq/github.com/tao3k/meta-relational-reasoning/.data/worktrees/ascent-dsl-closure-20261004/.data/dependencies/prefix/lib/static/clan__poo__io.o /Users/guangtao/ghq/github.com/tao3k/meta-relational-reasoning/.data/worktrees/ascent-dsl-closure-20261004/.data/dependencies/prefix/lib/static/clan__poo__number.o /Users/guangtao/ghq/github.com/tao3k/meta-relational-reasoning/.data/worktrees/ascent-dsl-closure-20261004/.data/dependencies/prefix/lib/static/clan__poo__type.o /Users/guangtao/ghq/github.com/tao3k/meta-relational-reasoning/.data/worktrees/ascent-dsl-closure-20261004/.data/dependencies/prefix/lib/static/clan__poo__support__option.o /Users/guangtao/ghq/github.com/tao3k/meta-relational-reasoning/.data/worktrees/ascent-dsl-closure-20261004/.data/dependencies/prefix/lib/static/clan__poo__table.o /Users/guangtao/ghq/github.com/tao3k/meta-relational-reasoning/.data/worktrees/ascent-dsl-closure-20261004/.data/dependencies/prefix/lib/static/clan__poo__fun.o /Users/guangtao/ghq/github.com/tao3k/meta-relational-reasoning/.data/worktrees/ascent-dsl-closure-20261004/.data/dependencies/prefix/lib/static/clan__poo__trie.o /Users/guangtao/ghq/github.com/tao3k/meta-relational-reasoning/.data/worktrees/ascent-dsl-closure-20261004/.cache/ascent/native-library/lib/static/gerbil-ascent__table__expression.o /Users/guangtao/ghq/github.com/tao3k/meta-relational-reasoning/.data/worktrees/ascent-dsl-closure-20261004/.cache/ascent/native-library/lib/static/gerbil-ascent__t__qualification__ascent-byods-lattice-fixture.o /Users/guangtao/ghq/github.com/tao3k/meta-relational-reasoning/.data/worktrees/ascent-dsl-closure-20261004/.cache/ascent/native-library/lib/static/gerbil-ascent__t__qualification__ascent-byods-lattice-session-output.o /Users/guangtao/ghq/github.com/tao3k/meta-relational-reasoning/.data/worktrees/ascent-dsl-closure-20261004/.cache/ascent/native-library/lib/static/gerbil-ascent__t__qualification__ascent-session-corpus.o /Users/guangtao/ghq/github.com/tao3k/meta-relational-reasoning/.data/worktrees/ascent-dsl-closure-20261004/.cache/ascent/native-library/lib/static/gerbil-ascent__t__qualification__ascent-grouped-eqrel-session-output.o /Users/guangtao/ghq/github.com/tao3k/meta-relational-reasoning/.data/worktrees/ascent-dsl-closure-20261004/.cache/ascent/native-library/lib/static/gerbil-ascent__t__qualification__ascent-multi-source-session-output.o /Users/guangtao/ghq/github.com/tao3k/meta-relational-reasoning/.data/worktrees/ascent-dsl-closure-20261004/.cache/ascent/native-library/lib/static/gerbil-ascent__t__qualification__ascent-byods-session-output.o /Users/guangtao/ghq/github.com/tao3k/meta-relational-reasoning/.data/worktrees/ascent-dsl-closure-20261004/.cache/ascent/native-library/lib/static/gerbil-ascent__t__harness__prediction.o /Users/guangtao/ghq/github.com/tao3k/meta-relational-reasoning/.data/worktrees/ascent-dsl-closure-20261004/.cache/ascent/native-library/lib/static/gerbil-ascent__candidate__types.o /Users/guangtao/ghq/github.com/tao3k/meta-relational-reasoning/.data/worktrees/ascent-dsl-closure-20261004/.cache/ascent/native-library/lib/static/gerbil-ascent__candidate__program.o /Users/guangtao/ghq/github.com/tao3k/meta-relational-reasoning/.data/worktrees/ascent-dsl-closure-20261004/.cache/ascent/native-library/lib/static/gerbil-ascent__candidate__funs.o /Users/guangtao/ghq/github.com/tao3k/meta-relational-reasoning/.data/worktrees/ascent-dsl-closure-20261004/.cache/ascent/native-library/lib/static/gerbil-ascent__candidate__finite-evidence.o /Users/guangtao/ghq/github.com/tao3k/meta-relational-reasoning/.data/worktrees/ascent-dsl-closure-20261004/.cache/ascent/native-library/lib/static/gerbil-ascent__candidate__stratified-provenance.o /Users/guangtao/ghq/github.com/tao3k/meta-relational-reasoning/.data/worktrees/ascent-dsl-closure-20261004/.cache/ascent/native-library/lib/static/gerbil-ascent__candidate__stratified-proof.o /Users/guangtao/ghq/github.com/tao3k/meta-relational-reasoning/.data/worktrees/ascent-dsl-closure-20261004/.cache/ascent/native-library/lib/static/gerbil-ascent__candidate__stratified-producer.o /Users/guangtao/ghq/github.com/tao3k/meta-relational-reasoning/.data/worktrees/ascent-dsl-closure-20261004/.cache/ascent/native-library/lib/static/gerbil-ascent__candidate__provenance.o /Users/guangtao/ghq/github.com/tao3k/meta-relational-reasoning/.data/worktrees/ascent-dsl-closure-20261004/.cache/ascent/native-library/lib/static/gerbil-ascent__candidate__nonmembership.o /Users/guangtao/ghq/github.com/tao3k/meta-relational-reasoning/.data/worktrees/ascent-dsl-closure-20261004/.cache/ascent/native-library/lib/static/gerbil-ascent__candidate__reasoning.o /Users/guangtao/ghq/github.com/tao3k/meta-relational-reasoning/.data/worktrees/ascent-dsl-closure-20261004/.cache/ascent/native-library/lib/static/gerbil-ascent__program__higher-order.o /Users/guangtao/ghq/github.com/tao3k/meta-relational-reasoning/.data/worktrees/ascent-dsl-closure-20261004/.cache/ascent/native-library/lib/static/gerbil-ascent__t__qualification__scheme-model-closure-test.o /Users/guangtao/ghq/github.com/tao3k/meta-relational-reasoning/.data/worktrees/ascent-dsl-closure-20261004/.cache/ascent/native-library/lib/static/gerbil-ascent__t__qualification__scheme-stratified-provenance-test.o /Users/guangtao/ghq/github.com/tao3k/meta-relational-reasoning/.data/worktrees/ascent-dsl-closure-20261004/.cache/ascent/native-library/lib/static/gerbil-ascent__t__qualification__scheme-session-deletion-test.o /Users/guangtao/ghq/github.com/tao3k/meta-relational-reasoning/.data/worktrees/ascent-dsl-closure-20261004/.cache/ascent/native-library/lib/static/gerbil-ascent__t__qualification__scheme-higher-order-test.o /Users/guangtao/ghq/github.com/tao3k/meta-relational-reasoning/.data/worktrees/ascent-dsl-closure-20261004/.cache/ascent/native-library/lib/static/gerbil-ascent__candidate__provenance-graph.o /Users/guangtao/ghq/github.com/tao3k/meta-relational-reasoning/.data/worktrees/ascent-dsl-closure-20261004/.cache/ascent/native-library/lib/static/gerbil-ascent__t__qualification__scheme-provenance-graph-test.o /Users/guangtao/ghq/github.com/tao3k/meta-relational-reasoning/.data/worktrees/ascent-dsl-closure-20261004/.data/dependencies/prefix/lib/static/core__observability__types.o /Users/guangtao/ghq/github.com/tao3k/meta-relational-reasoning/.data/worktrees/ascent-dsl-closure-20261004/.data/dependencies/prefix/lib/static/core__observability__funcs.o /Users/guangtao/ghq/github.com/tao3k/meta-relational-reasoning/.data/worktrees/ascent-dsl-closure-20261004/.data/dependencies/prefix/lib/static/clan__poo__support__debug.o /Users/guangtao/ghq/github.com/tao3k/meta-relational-reasoning/.data/worktrees/ascent-dsl-closure-20261004/.data/dependencies/prefix/lib/static/clan__poo__debug.o /Users/guangtao/ghq/github.com/tao3k/meta-relational-reasoning/.data/worktrees/ascent-dsl-closure-20261004/.data/dependencies/prefix/lib/static/core__observability__slot-debug.o /Users/guangtao/ghq/github.com/tao3k/meta-relational-reasoning/.data/worktrees/ascent-dsl-closure-20261004/.data/dependencies/prefix/lib/static/core__observability__debug.o /Users/guangtao/ghq/github.com/tao3k/meta-relational-reasoning/.data/worktrees/ascent-dsl-closure-20261004/.data/dependencies/prefix/lib/static/core__observability__testing-case.o /Users/guangtao/ghq/github.com/tao3k/meta-relational-reasoning/.data/worktrees/ascent-dsl-closure-20261004/.cache/ascent/native-library/lib/static/gerbil-ascent__t__qualification__ascent-timeout-test.o /Users/guangtao/ghq/github.com/tao3k/meta-relational-reasoning/.data/worktrees/ascent-dsl-closure-20261004/.cache/ascent/native-library/lib/static/gerbil-ascent__t__harness__artifact.o /Users/guangtao/ghq/github.com/tao3k/meta-relational-reasoning/.data/worktrees/ascent-dsl-closure-20261004/.cache/ascent/native-library/lib/static/gerbil-ascent__t__qualification__scheme-artifact-test.o /Users/guangtao/ghq/github.com/tao3k/meta-relational-reasoning/.data/worktrees/ascent-dsl-closure-20261004/.cache/ascent/native-library/lib/static/gerbil-ascent__t__qualification__ascent-positive-nonmembership-test.o /Users/guangtao/ghq/github.com/tao3k/meta-relational-reasoning/.data/worktrees/ascent-dsl-closure-20261004/.cache/ascent/native-library/lib/static/gerbil-ascent__t__qualification__ascent-finite-evidence-test.o /Users/guangtao/ghq/github.com/tao3k/meta-relational-reasoning/.data/worktrees/ascent-dsl-closure-20261004/.cache/ascent/native-library/lib/static/gerbil-ascent__t__qualification__scheme-operator-retained-test.o /Users/guangtao/ghq/github.com/tao3k/meta-relational-reasoning/.data/worktrees/ascent-dsl-closure-20261004/.cache/ascent/native-library/lib/static/gerbil-ascent__t__qualification__scheme-library-contract-test.o /Users/guangtao/ghq/github.com/tao3k/meta-relational-reasoning/.data/worktrees/ascent-dsl-closure-20261004/.cache/ascent/native-library/lib/static/gerbil-ascent__t__qualification__scheme-operator-test.o /Users/guangtao/ghq/github.com/tao3k/meta-relational-reasoning/.data/worktrees/ascent-dsl-closure-20261004/.cache/ascent/native-library/lib/static/gerbil-ascent__t__qualification__scheme-closure-contract-test.o /Users/guangtao/ghq/github.com/tao3k/meta-relational-reasoning/.data/worktrees/ascent-dsl-closure-20261004/.cache/ascent/native-library/lib/static/gerbil-ascent__t__harness__dsl-closure.o /Users/guangtao/ghq/github.com/tao3k/meta-relational-reasoning/.data/worktrees/ascent-dsl-closure-20261004/.cache/ascent/native-library/dsl-closure__exe.o /Users/guangtao/ghq/github.com/tao3k/meta-relational-reasoning/.data/worktrees/ascent-dsl-closure-20261004/.cache/ascent/native-library/dsl-closure__exe_.o /opt/homebrew/Cellar/gerbil-scheme@0.19/0.19.2591dcd.patchf5cedd8168cb/current/lib/static/gerbil__runtime__gambit.o /opt/homebrew/Cellar/gerbil-scheme@0.19/0.19.2591dcd.patchf5cedd8168cb/current/lib/static/gerbil__runtime__util.o /opt/homebrew/Cellar/gerbil-scheme@0.19/0.19.2591dcd.patchf5cedd8168cb/current/lib/static/gerbil__runtime__table.o /opt/homebrew/Cellar/gerbil-scheme@0.19/0.19.2591dcd.patchf5cedd8168cb/current/lib/static/gerbil__runtime__control.o /opt/homebrew/Cellar/gerbil-scheme@0.19/0.19.2591dcd.patchf5cedd8168cb/current/lib/static/gerbil__runtime__system.o /opt/homebrew/Cellar/gerbil-scheme@0.19/0.19.2591dcd.patchf5cedd8168cb/current/lib/static/gerbil__runtime__c3.o /opt/homebrew/Cellar/gerbil-scheme@0.19/0.19.2591dcd.patchf5cedd8168cb/current/lib/static/gerbil__runtime__mop.o /opt/homebrew/Cellar/gerbil-scheme@0.19/0.19.2591dcd.patchf5cedd8168cb/current/lib/static/gerbil__runtime__mop-system-classes.o /opt/homebrew/Cellar/gerbil-scheme@0.19/0.19.2591dcd.patchf5cedd8168cb/current/lib/static/gerbil__runtime__error.o /opt/homebrew/Cellar/gerbil-scheme@0.19/0.19.2591dcd.patchf5cedd8168cb/current/lib/static/gerbil__runtime__interface.o /opt/homebrew/Cellar/gerbil-scheme@0.19/0.19.2591dcd.patchf5cedd8168cb/current/lib/static/gerbil__runtime__hash.o /opt/homebrew/Cellar/gerbil-scheme@0.19/0.19.2591dcd.patchf5cedd8168cb/current/lib/static/gerbil__runtime__thread.o /opt/homebrew/Cellar/gerbil-scheme@0.19/0.19.2591dcd.patchf5cedd8168cb/current/lib/static/gerbil__runtime__syntax.o /opt/homebrew/Cellar/gerbil-scheme@0.19/0.19.2591dcd.patchf5cedd8168cb/current/lib/static/gerbil__runtime__eval.o /opt/homebrew/Cellar/gerbil-scheme@0.19/0.19.2591dcd.patchf5cedd8168cb/current/lib/static/gerbil__runtime__repl.o /opt/homebrew/Cellar/gerbil-scheme@0.19/0.19.2591dcd.patchf5cedd8168cb/current/lib/static/gerbil__runtime__loader.o /opt/homebrew/Cellar/gerbil-scheme@0.19/0.19.2591dcd.patchf5cedd8168cb/current/lib/static/gerbil__runtime__init.o /opt/homebrew/Cellar/gerbil-scheme@0.19/0.19.2591dcd.patchf5cedd8168cb/current/lib/static/gerbil__runtime.o /opt/homebrew/Cellar/gerbil-scheme@0.19/0.19.2591dcd.patchf5cedd8168cb/current/lib/static/gerbil__base.o /opt/homebrew/Cellar/gerbil-scheme@0.19/0.19.2591dcd.patchf5cedd8168cb/current/lib/static/std__error.o /opt/homebrew/Cellar/gerbil-scheme@0.19/0.19.2591dcd.patchf5cedd8168cb/current/lib/static/std__interface.o /opt/homebrew/Cellar/gerbil-scheme@0.19/0.19.2591dcd.patchf5cedd8168cb/current/lib/static/std__serde__scan.o /opt/homebrew/Cellar/gerbil-scheme@0.19/0.19.2591dcd.patchf5cedd8168cb/current/lib/static/std__encoding__json__env.o /opt/homebrew/Cellar/gerbil-scheme@0.19/0.19.2591dcd.patchf5cedd8168cb/current/lib/static/std__text__parser__char-set.o /opt/homebrew/Cellar/gerbil-scheme@0.19/0.19.2591dcd.patchf5cedd8168cb/current/lib/static/std__list__list-builder.o /opt/homebrew/Cellar/gerbil-scheme@0.19/0.19.2591dcd.patchf5cedd8168cb/current/lib/static/std__list__list.o /opt/homebrew/Cellar/gerbil-scheme@0.19/0.19.2591dcd.patchf5cedd8168cb/current/lib/static/std__encoding__hex.o /opt/homebrew/Cellar/gerbil-scheme@0.19/0.19.2591dcd.patchf5cedd8168cb/current/lib/static/std__number__misc.o /opt/homebrew/Cellar/gerbil-scheme@0.19/0.19.2591dcd.patchf5cedd8168cb/current/lib/static/std__ffi~C-struct.o /opt/homebrew/Cellar/gerbil-scheme@0.19/0.19.2591dcd.patchf5cedd8168cb/current/lib/static/std__ffi.o /opt/homebrew/Cellar/gerbil-scheme@0.19/0.19.2591dcd.patchf5cedd8168cb/current/lib/static/std__vector__u8vector.o /opt/homebrew/Cellar/gerbil-scheme@0.19/0.19.2591dcd.patchf5cedd8168cb/current/lib/static/std__iter__interface.o /opt/homebrew/Cellar/gerbil-scheme@0.19/0.19.2591dcd.patchf5cedd8168cb/current/lib/static/std__iter__iterators.o /opt/homebrew/Cellar/gerbil-scheme@0.19/0.19.2591dcd.patchf5cedd8168cb/current/lib/static/std__iter__macros.o /opt/homebrew/Cellar/gerbil-scheme@0.19/0.19.2591dcd.patchf5cedd8168cb/current/lib/static/std__iter__api.o /opt/homebrew/Cellar/gerbil-scheme@0.19/0.19.2591dcd.patchf5cedd8168cb/current/lib/static/std__iter.o /opt/homebrew/Cellar/gerbil-scheme@0.19/0.19.2591dcd.patchf5cedd8168cb/current/lib/static/std__text__parser__base.o /opt/homebrew/Cellar/gerbil-scheme@0.19/0.19.2591dcd.patchf5cedd8168cb/current/lib/static/std__io__interface__base.o /opt/homebrew/Cellar/gerbil-scheme@0.19/0.19.2591dcd.patchf5cedd8168cb/current/lib/static/std__string__utf8.o /opt/homebrew/Cellar/gerbil-scheme@0.19/0.19.2591dcd.patchf5cedd8168cb/current/lib/static/std__net__address__types.o /opt/homebrew/Cellar/gerbil-scheme@0.19/0.19.2591dcd.patchf5cedd8168cb/current/lib/static/std__time__time.o /opt/homebrew/Cellar/gerbil-scheme@0.19/0.19.2591dcd.patchf5cedd8168cb/current/lib/static/std__time__timeout.o /opt/homebrew/Cellar/gerbil-scheme@0.19/0.19.2591dcd.patchf5cedd8168cb/current/lib/static/std__os__error.o /opt/homebrew/Cellar/gerbil-scheme@0.19/0.19.2591dcd.patchf5cedd8168cb/current/lib/static/std__os__time.o /opt/homebrew/Cellar/gerbil-scheme@0.19/0.19.2591dcd.patchf5cedd8168cb/current/lib/static/std__os__sockaddr.o /opt/homebrew/Cellar/gerbil-scheme@0.19/0.19.2591dcd.patchf5cedd8168cb/current/lib/static/std__os__device.o /opt/homebrew/Cellar/gerbil-scheme@0.19/0.19.2591dcd.patchf5cedd8168cb/current/lib/static/std__os__fcntl.o /opt/homebrew/Cellar/gerbil-scheme@0.19/0.19.2591dcd.patchf5cedd8168cb/current/lib/static/std__os__socket.o /opt/homebrew/Cellar/gerbil-scheme@0.19/0.19.2591dcd.patchf5cedd8168cb/current/lib/static/std__os__sockopt.o /opt/homebrew/Cellar/gerbil-scheme@0.19/0.19.2591dcd.patchf5cedd8168cb/current/lib/static/std__io__interface__socket.o /opt/homebrew/Cellar/gerbil-scheme@0.19/0.19.2591dcd.patchf5cedd8168cb/current/lib/static/std__io__interface__bio.o /opt/homebrew/Cellar/gerbil-scheme@0.19/0.19.2591dcd.patchf5cedd8168cb/current/lib/static/std__io__interface.o /opt/homebrew/Cellar/gerbil-scheme@0.19/0.19.2591dcd.patchf5cedd8168cb/current/lib/static/std__os__file.o /opt/homebrew/Cellar/gerbil-scheme@0.19/0.19.2591dcd.patchf5cedd8168cb/current/lib/static/std__os__flock.o /opt/homebrew/Cellar/gerbil-scheme@0.19/0.19.2591dcd.patchf5cedd8168cb/current/lib/static/std__io__file.o /opt/homebrew/Cellar/gerbil-scheme@0.19/0.19.2591dcd.patchf5cedd8168cb/current/lib/static/std__encoding__base64.o /opt/homebrew/Cellar/gerbil-scheme@0.19/0.19.2591dcd.patchf5cedd8168cb/current/lib/static/std__crypto__libcrypto.o /opt/homebrew/Cellar/gerbil-scheme@0.19/0.19.2591dcd.patchf5cedd8168cb/current/lib/static/std__crypto__error.o /opt/homebrew/Cellar/gerbil-scheme@0.19/0.19.2591dcd.patchf5cedd8168cb/current/lib/static/std__crypto__random.o /opt/homebrew/Cellar/gerbil-scheme@0.19/0.19.2591dcd.patchf5cedd8168cb/current/lib/static/std__io__tempfile.o /opt/homebrew/Cellar/gerbil-scheme@0.19/0.19.2591dcd.patchf5cedd8168cb/current/lib/static/std__io__bio__types.o /opt/homebrew/Cellar/gerbil-scheme@0.19/0.19.2591dcd.patchf5cedd8168cb/current/lib/static/std__io__bio__macros.o /opt/homebrew/Cellar/gerbil-scheme@0.19/0.19.2591dcd.patchf5cedd8168cb/current/lib/static/std__sync__spinlock.o /opt/homebrew/Cellar/gerbil-scheme@0.19/0.19.2591dcd.patchf5cedd8168cb/current/lib/static/std__cache.o /opt/homebrew/Cellar/gerbil-scheme@0.19/0.19.2591dcd.patchf5cedd8168cb/current/lib/static/std__io__bio__cache.o /opt/homebrew/Cellar/gerbil-scheme@0.19/0.19.2591dcd.patchf5cedd8168cb/current/lib/static/std__io__bio__buffer.o /opt/homebrew/Cellar/gerbil-scheme@0.19/0.19.2591dcd.patchf5cedd8168cb/current/lib/static/std__io__bio__output.o /opt/homebrew/Cellar/gerbil-scheme@0.19/0.19.2591dcd.patchf5cedd8168cb/current/lib/static/std__io__bio__input.o /opt/homebrew/Cellar/gerbil-scheme@0.19/0.19.2591dcd.patchf5cedd8168cb/current/lib/static/std__io__bio__delimited.o /opt/homebrew/Cellar/gerbil-scheme@0.19/0.19.2591dcd.patchf5cedd8168cb/current/lib/static/std__io__bio__port.o /opt/homebrew/Cellar/gerbil-scheme@0.19/0.19.2591dcd.patchf5cedd8168cb/current/lib/static/std__io__bio__srcsnk.o /opt/homebrew/Cellar/gerbil-scheme@0.19/0.19.2591dcd.patchf5cedd8168cb/current/lib/static/std__io__bio__memory.o /opt/homebrew/Cellar/gerbil-scheme@0.19/0.19.2591dcd.patchf5cedd8168cb/current/lib/static/std__io__bio__writer.o /opt/homebrew/Cellar/gerbil-scheme@0.19/0.19.2591dcd.patchf5cedd8168cb/current/lib/static/std__io__bio__reader.o /opt/homebrew/Cellar/gerbil-scheme@0.19/0.19.2591dcd.patchf5cedd8168cb/current/lib/static/std__io__bio__api.o /opt/homebrew/Cellar/gerbil-scheme@0.19/0.19.2591dcd.patchf5cedd8168cb/current/lib/static/std__io__util.o /opt/homebrew/Cellar/gerbil-scheme@0.19/0.19.2591dcd.patchf5cedd8168cb/current/lib/static/std__io__detachable.o /opt/homebrew/Cellar/gerbil-scheme@0.19/0.19.2591dcd.patchf5cedd8168cb/current/lib/static/std__io__delimited.o /opt/homebrew/Cellar/gerbil-scheme@0.19/0.19.2591dcd.patchf5cedd8168cb/current/lib/static/std__io__dummy.o /opt/homebrew/Cellar/gerbil-scheme@0.19/0.19.2591dcd.patchf5cedd8168cb/current/lib/static/std__io__counter.o /opt/homebrew/Cellar/gerbil-scheme@0.19/0.19.2591dcd.patchf5cedd8168cb/current/lib/static/std__io__socket__sockaddr.o /opt/homebrew/Cellar/gerbil-scheme@0.19/0.19.2591dcd.patchf5cedd8168cb/current/lib/static/std__sync__rwlock.o /opt/homebrew/Cellar/gerbil-scheme@0.19/0.19.2591dcd.patchf5cedd8168cb/current/lib/static/std__serde__util.o /opt/homebrew/Cellar/gerbil-scheme@0.19/0.19.2591dcd.patchf5cedd8168cb/current/lib/static/std__serde__interface.o /opt/homebrew/Cellar/gerbil-scheme@0.19/0.19.2591dcd.patchf5cedd8168cb/current/lib/static/std__hash__types.o /opt/homebrew/Cellar/gerbil-scheme@0.19/0.19.2591dcd.patchf5cedd8168cb/current/lib/static/std__serde__deserialize.o /opt/homebrew/Cellar/gerbil-scheme@0.19/0.19.2591dcd.patchf5cedd8168cb/current/lib/static/std__net__address__serde.o /opt/homebrew/Cellar/gerbil-scheme@0.19/0.19.2591dcd.patchf5cedd8168cb/current/lib/static/std__format__ascii.o /opt/homebrew/Cellar/gerbil-scheme@0.19/0.19.2591dcd.patchf5cedd8168cb/current/lib/static/std__format__env~integer-conversions.o /opt/homebrew/Cellar/gerbil-scheme@0.19/0.19.2591dcd.patchf5cedd8168cb/current/lib/static/std__format__env.o /opt/homebrew/Cellar/gerbil-scheme@0.19/0.19.2591dcd.patchf5cedd8168cb/current/lib/static/std__number__writer.o /opt/homebrew/Cellar/gerbil-scheme@0.19/0.19.2591dcd.patchf5cedd8168cb/current/lib/static/std__serde__interned.o /opt/homebrew/Cellar/gerbil-scheme@0.19/0.19.2591dcd.patchf5cedd8168cb/current/lib/static/std__serde__scanner.o /opt/homebrew/Cellar/gerbil-scheme@0.19/0.19.2591dcd.patchf5cedd8168cb/current/lib/static/std__serde__serialize.o /opt/homebrew/Cellar/gerbil-scheme@0.19/0.19.2591dcd.patchf5cedd8168cb/current/lib/static/std__format__ioutil.o /opt/homebrew/Cellar/gerbil-scheme@0.19/0.19.2591dcd.patchf5cedd8168cb/current/lib/static/std__format__reader.o /opt/homebrew/Cellar/gerbil-scheme@0.19/0.19.2591dcd.patchf5cedd8168cb/current/lib/static/std__format__writer.o /opt/homebrew/Cellar/gerbil-scheme@0.19/0.19.2591dcd.patchf5cedd8168cb/current/lib/static/std__format__io.o /opt/homebrew/Cellar/gerbil-scheme@0.19/0.19.2591dcd.patchf5cedd8168cb/current/lib/static/std__format__format-string.o /opt/homebrew/Cellar/gerbil-scheme@0.19/0.19.2591dcd.patchf5cedd8168cb/current/lib/static/std__format__format.o /opt/homebrew/Cellar/gerbil-scheme@0.19/0.19.2591dcd.patchf5cedd8168cb/current/lib/static/std__format__api.o /opt/homebrew/Cellar/gerbil-scheme@0.19/0.19.2591dcd.patchf5cedd8168cb/current/lib/static/std__format.o /opt/homebrew/Cellar/gerbil-scheme@0.19/0.19.2591dcd.patchf5cedd8168cb/current/lib/static/std__string__stringer.o /opt/homebrew/Cellar/gerbil-scheme@0.19/0.19.2591dcd.patchf5cedd8168cb/current/lib/static/std__net__address__stringer.o /opt/homebrew/Cellar/gerbil-scheme@0.19/0.19.2591dcd.patchf5cedd8168cb/current/lib/static/std__list__random.o /opt/homebrew/Cellar/gerbil-scheme@0.19/0.19.2591dcd.patchf5cedd8168cb/current/lib/static/std__net__address__resolver.o /opt/homebrew/Cellar/gerbil-scheme@0.19/0.19.2591dcd.patchf5cedd8168cb/current/lib/static/std__text__pregexp.o /opt/homebrew/Cellar/gerbil-scheme@0.19/0.19.2591dcd.patchf5cedd8168cb/current/lib/static/std__net__address__parser.o /opt/homebrew/Cellar/gerbil-scheme@0.19/0.19.2591dcd.patchf5cedd8168cb/current/lib/static/std__net__address__api.o /opt/homebrew/Cellar/gerbil-scheme@0.19/0.19.2591dcd.patchf5cedd8168cb/current/lib/static/std__net__address.o /opt/homebrew/Cellar/gerbil-scheme@0.19/0.19.2591dcd.patchf5cedd8168cb/current/lib/static/std__io__socket__types.o /opt/homebrew/Cellar/gerbil-scheme@0.19/0.19.2591dcd.patchf5cedd8168cb/current/lib/static/std__io__socket__basic.o /opt/homebrew/Cellar/gerbil-scheme@0.19/0.19.2591dcd.patchf5cedd8168cb/current/lib/static/std__io__socket__datagram.o /opt/homebrew/Cellar/gerbil-scheme@0.19/0.19.2591dcd.patchf5cedd8168cb/current/lib/static/std__io__socket__server.o /opt/homebrew/Cellar/gerbil-scheme@0.19/0.19.2591dcd.patchf5cedd8168cb/current/lib/static/std__io__socket__client.o /opt/homebrew/Cellar/gerbil-scheme@0.19/0.19.2591dcd.patchf5cedd8168cb/current/lib/static/std__io__socket__stream.o /opt/homebrew/Cellar/gerbil-scheme@0.19/0.19.2591dcd.patchf5cedd8168cb/current/lib/static/std__io__socket__socket.o /opt/homebrew/Cellar/gerbil-scheme@0.19/0.19.2591dcd.patchf5cedd8168cb/current/lib/static/std__io__socket__api.o /opt/homebrew/Cellar/gerbil-scheme@0.19/0.19.2591dcd.patchf5cedd8168cb/current/lib/static/std__io__api.o /opt/homebrew/Cellar/gerbil-scheme@0.19/0.19.2591dcd.patchf5cedd8168cb/current/lib/static/std__io.o /opt/homebrew/Cellar/gerbil-scheme@0.19/0.19.2591dcd.patchf5cedd8168cb/current/lib/static/std__text__parser__ll1.o /opt/homebrew/Cellar/gerbil-scheme@0.19/0.19.2591dcd.patchf5cedd8168cb/current/lib/static/std__list__alist.o /opt/homebrew/Cellar/gerbil-scheme@0.19/0.19.2591dcd.patchf5cedd8168cb/current/lib/static/std__list__walist.o /opt/homebrew/Cellar/gerbil-scheme@0.19/0.19.2591dcd.patchf5cedd8168cb/current/lib/static/std__encoding__json__reader.o /opt/homebrew/Cellar/gerbil-scheme@0.19/0.19.2591dcd.patchf5cedd8168cb/current/lib/static/std__encoding__json__writer.o /opt/homebrew/Cellar/gerbil-scheme@0.19/0.19.2591dcd.patchf5cedd8168cb/current/lib/static/std__encoding__json__io.o /opt/homebrew/Cellar/gerbil-scheme@0.19/0.19.2591dcd.patchf5cedd8168cb/current/lib/static/std__misc__ports.o /opt/homebrew/Cellar/gerbil-scheme@0.19/0.19.2591dcd.patchf5cedd8168cb/current/lib/static/std__list__plist.o /opt/homebrew/Cellar/gerbil-scheme@0.19/0.19.2591dcd.patchf5cedd8168cb/current/lib/static/std__encoding__json__util.o /opt/homebrew/Cellar/gerbil-scheme@0.19/0.19.2591dcd.patchf5cedd8168cb/current/lib/static/std__encoding__json__api.o /opt/homebrew/Cellar/gerbil-scheme@0.19/0.19.2591dcd.patchf5cedd8168cb/current/lib/static/std__encoding__json.o /opt/homebrew/Cellar/gerbil-scheme@0.19/0.19.2591dcd.patchf5cedd8168cb/current/lib/static/gerbil__expander__common.o /opt/homebrew/Cellar/gerbil-scheme@0.19/0.19.2591dcd.patchf5cedd8168cb/current/lib/static/gerbil__expander__stx.o /opt/homebrew/Cellar/gerbil-scheme@0.19/0.19.2591dcd.patchf5cedd8168cb/current/lib/static/gerbil__expander__core.o /opt/homebrew/Cellar/gerbil-scheme@0.19/0.19.2591dcd.patchf5cedd8168cb/current/lib/static/gerbil__expander__compile.o /opt/homebrew/Cellar/gerbil-scheme@0.19/0.19.2591dcd.patchf5cedd8168cb/current/lib/static/gerbil__expander__top.o /opt/homebrew/Cellar/gerbil-scheme@0.19/0.19.2591dcd.patchf5cedd8168cb/current/lib/static/gerbil__expander__module.o /opt/homebrew/Cellar/gerbil-scheme@0.19/0.19.2591dcd.patchf5cedd8168cb/current/lib/static/gerbil__expander__root.o /opt/homebrew/Cellar/gerbil-scheme@0.19/0.19.2591dcd.patchf5cedd8168cb/current/lib/static/gerbil__expander__init.o /opt/homebrew/Cellar/gerbil-scheme@0.19/0.19.2591dcd.patchf5cedd8168cb/current/lib/static/gerbil__expander__stxcase.o /opt/homebrew/Cellar/gerbil-scheme@0.19/0.19.2591dcd.patchf5cedd8168cb/current/lib/static/gerbil__expander.o /opt/homebrew/Cellar/gerbil-scheme@0.19/0.19.2591dcd.patchf5cedd8168cb/current/lib/static/gerbil__compiler__base.o /opt/homebrew/Cellar/gerbil-scheme@0.19/0.19.2591dcd.patchf5cedd8168cb/current/lib/static/gerbil__compiler__method.o /opt/homebrew/Cellar/gerbil-scheme@0.19/0.19.2591dcd.patchf5cedd8168cb/current/lib/static/gerbil__compiler__compile.o /opt/homebrew/Cellar/gerbil-scheme@0.19/0.19.2591dcd.patchf5cedd8168cb/current/lib/static/gerbil__compiler__optimize-base.o /opt/homebrew/Cellar/gerbil-scheme@0.19/0.19.2591dcd.patchf5cedd8168cb/current/lib/static/gerbil__compiler__optimize-xform.o /opt/homebrew/Cellar/gerbil-scheme@0.19/0.19.2591dcd.patchf5cedd8168cb/current/lib/static/gerbil__compiler__optimize-top.o /opt/homebrew/Cellar/gerbil-scheme@0.19/0.19.2591dcd.patchf5cedd8168cb/current/lib/static/gerbil__compiler__optimize-call.o /opt/homebrew/Cellar/gerbil-scheme@0.19/0.19.2591dcd.patchf5cedd8168cb/current/lib/static/gerbil__compiler__optimize-ann.o /opt/homebrew/Cellar/gerbil-scheme@0.19/0.19.2591dcd.patchf5cedd8168cb/current/lib/static/gerbil__compiler__optimize-spec.o /opt/homebrew/Cellar/gerbil-scheme@0.19/0.19.2591dcd.patchf5cedd8168cb/current/lib/static/gerbil__compiler__optimize.o /opt/homebrew/Cellar/gerbil-scheme@0.19/0.19.2591dcd.patchf5cedd8168cb/current/lib/static/gerbil__compiler__driver.o /opt/homebrew/Cellar/gerbil-scheme@0.19/0.19.2591dcd.patchf5cedd8168cb/current/lib/static/std__func.o /opt/homebrew/Cellar/gerbil-scheme@0.19/0.19.2591dcd.patchf5cedd8168cb/current/lib/static/std__values.o /opt/homebrew/Cellar/gerbil-scheme@0.19/0.19.2591dcd.patchf5cedd8168cb/current/lib/static/std__stxparam.o /opt/homebrew/Cellar/gerbil-scheme@0.19/0.19.2591dcd.patchf5cedd8168cb/current/lib/static/std__string__symbol.o /opt/homebrew/Cellar/gerbil-scheme@0.19/0.19.2591dcd.patchf5cedd8168cb/current/lib/static/std__hash__misc.o /opt/homebrew/Cellar/gerbil-scheme@0.19/0.19.2591dcd.patchf5cedd8168cb/current/lib/static/std__assert.o /opt/homebrew/Cellar/gerbil-scheme@0.19/0.19.2591dcd.patchf5cedd[build-activity] cpu-advance=0.120s processes=7
[build-activity] cpu-advance=0.030s processes=2
8168cb/current/lib/static/std__vector__vector.o /opt/homebrew/Cellar/gerbil-scheme@0.19/0.19.2591dcd.patchf5cedd8168cb/current/lib/static/std__test__base.o /opt/homebrew/Cellar/gerbil-scheme@0.19/0.19.2591dcd.patchf5cedd8168cb/current/lib/static/std__crypto__digest.o /opt/homebrew/Cellar/gerbil-scheme@0.19/0.19.2591dcd.patchf5cedd8168cb/current/lib/static/std__test__unit.o /opt/homebrew/Cellar/gerbil-scheme@0.19/0.19.2591dcd.patchf5cedd8168cb/current/lib/static/std__test.o /opt/homebrew/Cellar/gerbil-scheme@0.19/0.19.2591dcd.patchf5cedd8168cb/current/lib/static/std__misc__process.o -L /opt/homebrew/Cellar/gerbil-scheme@0.19/0.19.2591dcd.patchf5cedd8168cb/current/lib -lgambit -ldl -lm -L/opt/homebrew/Cellar/openssl@3/3.6.4/lib -lcrypto -L/opt/homebrew/Cellar/openssl@3/3.6.4/lib -lssl -L/opt/homebrew/Cellar/openssl@3/3.6.4/lib -lcrypto -L/opt/homebrew/Cellar/openssl@3/3.6.4/lib -lcrypto -L/opt/homebrew/opt/zlib/lib -lz -L/opt/homebrew/opt/sqlite/lib -lsqlite3 -lm)
DSL-ARTIFACT-STAGED a9f8a1f06140a7813c4c8918ba035cf89413017e39861e198bf000412d5b435f
[build-activity] cpu-advance=0.230s processes=2
[build-activity] cpu-advance=0.190s processes=2
[build-activity] cpu-advance=0.110s processes=2
[build-activity] cpu-advance=0.230s processes=2
[build-activity] cpu-advance=0.130s processes=2
[build-activity] cpu-advance=0.230s processes=2
[build-activity] cpu-advance=0.140s processes=1
[build-activity] cpu-advance=0.160s processes=1
[build-activity] cpu-advance=0.170s processes=1
[build-activity] cpu-advance=0.140s processes=1
[build-activity] cpu-advance=0.180s processes=1
[build-activity] cpu-advance=0.120s processes=1
[build-activity] cpu-advance=0.140s processes=1
[build-activity] cpu-advance=0.170s processes=1
[build-activity] cpu-advance=0.100s processes=1
[build-activity] cpu-advance=0.170s processes=1
[build-activity] cpu-advance=0.150s processes=1
DSL-ARTIFACT-BOUND a9f8a1f06140a7813c4c8918ba035cf89413017e39861e198bf000412d5b435f
[build-activity] cpu-advance=0.180s processes=1
[build-activity] cpu-advance=0.230s processes=1
[build-activity] cpu-advance=0.200s processes=1
